database,idno,name,has2025,has2026,sample_file
BS_BTI,BS_BTI_16_RECON,Bertelsmann Transformation Index: Reconciliation,0,1,exports/data360/nepal_summary/samples/BS_BTI_BS_BTI_16_RECON.json
BS_BTI,BS_BTI_G,Bertelsmann Transformation Index: Governance Index,0,1,exports/data360/nepal_summary/samples/BS_BTI_BS_BTI_G.json
BS_BTI,BS_BTI_GII,Bertelsmann Transformation Index: Governance Performance,0,1,exports/data360/nepal_summary/samples/BS_BTI_BS_BTI_GII.json
BS_BTI,BS_BTI_GOV_RANK,Bertelsmann Transformation Index: Ranking Governance Index,0,0,
BS_BTI,BS_BTI_OVERALL_RANK,Bertelsmann Transformation Index: Overall Rank,0,1,exports/data360/nepal_summary/samples/BS_BTI_BS_BTI_OVERALL_RANK.json
BS_BTI,BS_BTI_OVERALL_SCORE,Bertelsmann Transformation Index: Overall Score,0,1,exports/data360/nepal_summary/samples/BS_BTI_BS_BTI_OVERALL_SCORE.json
BS_BTI,BS_BTI_Q1,Bertelsmann Transformation Index: Stateness,0,1,exports/data360/nepal_summary/samples/BS_BTI_BS_BTI_Q1.json
BS_BTI,BS_BTI_Q10,Bertelsmann Transformation Index: Welfare Regime,0,1,exports/data360/nepal_summary/samples/BS_BTI_BS_BTI_Q10.json
BS_BTI,BS_BTI_Q10_1,Bertelsmann Transformation Index: Social safety nets,0,1,exports/data360/nepal_summary/samples/BS_BTI_BS_BTI_Q10_1.json
BS_BTI,BS_BTI_Q10_2,Bertelsmann Transformation Index: Equal opportunity,0,1,exports/data360/nepal_summary/samples/BS_BTI_BS_BTI_Q10_2.json
BS_BTI,BS_BTI_Q11,Bertelsmann Transformation Index: Economic Performance,0,1,exports/data360/nepal_summary/samples/BS_BTI_BS_BTI_Q11.json
BS_BTI,BS_BTI_Q11_1,Bertelsmann Transformation Index: Output strength,0,1,exports/data360/nepal_summary/samples/BS_BTI_BS_BTI_Q11_1.json
BS_BTI,BS_BTI_Q12,Bertelsmann Transformation Index: Sustainability,0,1,exports/data360/nepal_summary/samples/BS_BTI_BS_BTI_Q12.json
BS_BTI,BS_BTI_Q12_1,Bertelsmann Transformation Index: Environmental policy,0,1,exports/data360/nepal_summary/samples/BS_BTI_BS_BTI_Q12_1.json
BS_BTI,BS_BTI_Q12_2,Bertelsmann Transformation Index: Education / R&D policy,0,1,exports/data360/nepal_summary/samples/BS_BTI_BS_BTI_Q12_2.json
BS_BTI,BS_BTI_Q13,Bertelsmann Transformation Index: Level of Difficulty,0,1,exports/data360/nepal_summary/samples/BS_BTI_BS_BTI_Q13.json
BS_BTI,BS_BTI_Q13_1,Bertelsmann Transformation Index: Structural constraints,0,1,exports/data360/nepal_summary/samples/BS_BTI_BS_BTI_Q13_1.json
BS_BTI,BS_BTI_Q13_2,Bertelsmann Transformation Index: Civil society traditions,0,1,exports/data360/nepal_summary/samples/BS_BTI_BS_BTI_Q13_2.json
BS_BTI,BS_BTI_Q13_3,Bertelsmann Transformation Index: Conflict intensity,0,1,exports/data360/nepal_summary/samples/BS_BTI_BS_BTI_Q13_3.json
BS_BTI,BS_BTI_Q13_4,Bertelsmann Transformation Index: GNI p.c. Atlas method rescaled,0,1,exports/data360/nepal_summary/samples/BS_BTI_BS_BTI_Q13_4.json
BS_BTI,BS_BTI_Q13_5,Bertelsmann Transformation Index: UN Educ. Index rescaled,0,1,exports/data360/nepal_summary/samples/BS_BTI_BS_BTI_Q13_5.json
BS_BTI,BS_BTI_Q13_6,Bertelsmann Transformation Index: BTI Stateness & Rule of Law,0,1,exports/data360/nepal_summary/samples/BS_BTI_BS_BTI_Q13_6.json
BS_BTI,BS_BTI_Q14,Bertelsmann Transformation Index: Steering Capability,0,1,exports/data360/nepal_summary/samples/BS_BTI_BS_BTI_Q14.json
BS_BTI,BS_BTI_Q14_1,Bertelsmann Transformation Index: Prioritization,0,1,exports/data360/nepal_summary/samples/BS_BTI_BS_BTI_Q14_1.json
BS_BTI,BS_BTI_Q14_2,Bertelsmann Transformation Index: Implementation,0,1,exports/data360/nepal_summary/samples/BS_BTI_BS_BTI_Q14_2.json
BS_BTI,BS_BTI_Q14_3,Bertelsmann Transformation Index: Policy learning,0,1,exports/data360/nepal_summary/samples/BS_BTI_BS_BTI_Q14_3.json
BS_BTI,BS_BTI_Q15,Bertelsmann Transformation Index: Resource Efficiency,0,1,exports/data360/nepal_summary/samples/BS_BTI_BS_BTI_Q15.json
BS_BTI,BS_BTI_Q15_1,Bertelsmann Transformation Index: Efficient use of assets,0,1,exports/data360/nepal_summary/samples/BS_BTI_BS_BTI_Q15_1.json
BS_BTI,BS_BTI_Q15_2,Bertelsmann Transformation Index: Policy coordination,0,1,exports/data360/nepal_summary/samples/BS_BTI_BS_BTI_Q15_2.json
BS_BTI,BS_BTI_Q15_3,Bertelsmann Transformation Index: Anti-corruption policy,0,1,exports/data360/nepal_summary/samples/BS_BTI_BS_BTI_Q15_3.json
BS_BTI,BS_BTI_Q16,Bertelsmann Transformation Index: Consensus-Building,0,1,exports/data360/nepal_summary/samples/BS_BTI_BS_BTI_Q16.json
BS_BTI,BS_BTI_Q16_1,Bertelsmann Transformation Index: Consensus on goals,0,1,exports/data360/nepal_summary/samples/BS_BTI_BS_BTI_Q16_1.json
BS_BTI,BS_BTI_Q16_2,Bertelsmann Transformation Index: Anti-democratic actors,0,1,exports/data360/nepal_summary/samples/BS_BTI_BS_BTI_Q16_2.json
BS_BTI,BS_BTI_Q16_3,Bertelsmann Transformation Index: Cleavage / conflict management,0,1,exports/data360/nepal_summary/samples/BS_BTI_BS_BTI_Q16_3.json
BS_BTI,BS_BTI_Q17,Bertelsmann Transformation Index: International Cooperation,0,1,exports/data360/nepal_summary/samples/BS_BTI_BS_BTI_Q17.json
BS_BTI,BS_BTI_Q17_2,Bertelsmann Transformation Index: Credibility,0,1,exports/data360/nepal_summary/samples/BS_BTI_BS_BTI_Q17_2.json
BS_BTI,BS_BTI_Q17_3,Bertelsmann Transformation Index: Regional cooperation,0,1,exports/data360/nepal_summary/samples/BS_BTI_BS_BTI_Q17_3.json
BS_BTI,BS_BTI_Q1_1,Bertelsmann Transformation Index: Monopoly on the use of force,0,1,exports/data360/nepal_summary/samples/BS_BTI_BS_BTI_Q1_1.json
BS_BTI,BS_BTI_Q1_3,Bertelsmann Transformation Index: No interference of religious dogmas,0,1,exports/data360/nepal_summary/samples/BS_BTI_BS_BTI_Q1_3.json
BS_BTI,BS_BTI_Q1_4,Bertelsmann Transformation Index: Basic administration,0,1,exports/data360/nepal_summary/samples/BS_BTI_BS_BTI_Q1_4.json
BS_BTI,BS_BTI_Q2,Bertelsmann Transformation Index: Political Participation,0,1,exports/data360/nepal_summary/samples/BS_BTI_BS_BTI_Q2.json
BS_BTI,BS_BTI_Q2_1,Bertelsmann Transformation Index: Free and fair elections,0,1,exports/data360/nepal_summary/samples/BS_BTI_BS_BTI_Q2_1.json
BS_BTI,BS_BTI_Q2_2,Bertelsmann Transformation Index: Effective power to govern,0,1,exports/data360/nepal_summary/samples/BS_BTI_BS_BTI_Q2_2.json
BS_BTI,BS_BTI_Q2_4,Bertelsmann Transformation Index: Freedom of expression,0,1,exports/data360/nepal_summary/samples/BS_BTI_BS_BTI_Q2_4.json
BS_BTI,BS_BTI_Q3,Bertelsmann Transformation Index: Rule of Law,0,1,exports/data360/nepal_summary/samples/BS_BTI_BS_BTI_Q3.json
BS_BTI,BS_BTI_Q3_1,Bertelsmann Transformation Index: Separation of powers,0,1,exports/data360/nepal_summary/samples/BS_BTI_BS_BTI_Q3_1.json
BS_BTI,BS_BTI_Q3_2,Bertelsmann Transformation Index: Independent judiciary,0,1,exports/data360/nepal_summary/samples/BS_BTI_BS_BTI_Q3_2.json
BS_BTI,BS_BTI_Q3_3,Bertelsmann Transformation Index: Prosecution of office abuse,0,1,exports/data360/nepal_summary/samples/BS_BTI_BS_BTI_Q3_3.json
BS_BTI,BS_BTI_Q4,Bertelsmann Transformation Index: Stability of Democratic Institutions,0,1,exports/data360/nepal_summary/samples/BS_BTI_BS_BTI_Q4.json
BS_BTI,BS_BTI_Q4_1,Bertelsmann Transformation Index: Performance of democratic institutions,0,1,exports/data360/nepal_summary/samples/BS_BTI_BS_BTI_Q4_1.json
BS_BTI,BS_BTI_Q4_2,Bertelsmann Transformation Index: Commitment to democratic institutions,0,1,exports/data360/nepal_summary/samples/BS_BTI_BS_BTI_Q4_2.json
BS_BTI,BS_BTI_Q5,Bertelsmann Transformation Index: Political and Social Integration,0,1,exports/data360/nepal_summary/samples/BS_BTI_BS_BTI_Q5.json
BS_BTI,BS_BTI_Q5_1,Bertelsmann Transformation Index: Party system,0,1,exports/data360/nepal_summary/samples/BS_BTI_BS_BTI_Q5_1.json
BS_BTI,BS_BTI_Q5_2,Bertelsmann Transformation Index: Interest groups,0,1,exports/data360/nepal_summary/samples/BS_BTI_BS_BTI_Q5_2.json
BS_BTI,BS_BTI_Q5_3,Bertelsmann Transformation Index: Approval of democracy,0,1,exports/data360/nepal_summary/samples/BS_BTI_BS_BTI_Q5_3.json
BS_BTI,BS_BTI_Q6,Bertelsmann Transformation Index: Level of Socioeconomic Development,0,1,exports/data360/nepal_summary/samples/BS_BTI_BS_BTI_Q6.json
BS_BTI,BS_BTI_Q6_1,Bertelsmann Transformation Index: Socioeconomic barriers,0,1,exports/data360/nepal_summary/samples/BS_BTI_BS_BTI_Q6_1.json
BS_BTI,BS_BTI_Q7,Bertelsmann Transformation Index: Organization of the Market and Competition,0,1,exports/data360/nepal_summary/samples/BS_BTI_BS_BTI_Q7.json
BS_BTI,BS_BTI_Q7_1,Bertelsmann Transformation Index: Market organization,0,1,exports/data360/nepal_summary/samples/BS_BTI_BS_BTI_Q7_1.json
BS_BTI,BS_BTI_Q7_2,Bertelsmann Transformation Index: Competition policy,0,1,exports/data360/nepal_summary/samples/BS_BTI_BS_BTI_Q7_2.json
BS_BTI,BS_BTI_Q7_3,Bertelsmann Transformation Index: Liberalization of foreign trade,0,1,exports/data360/nepal_summary/samples/BS_BTI_BS_BTI_Q7_3.json
BS_BTI,BS_BTI_Q7_4,Bertelsmann Transformation Index: Banking system,0,1,exports/data360/nepal_summary/samples/BS_BTI_BS_BTI_Q7_4.json
BS_BTI,BS_BTI_Q8,Bertelsmann Transformation Index: Monetary and Fiscal Stability,0,1,exports/data360/nepal_summary/samples/BS_BTI_BS_BTI_Q8.json
BS_BTI,BS_BTI_Q8_1,Bertelsmann Transformation Index: Monetary stability,0,1,exports/data360/nepal_summary/samples/BS_BTI_BS_BTI_Q8_1.json
BS_BTI,BS_BTI_Q8_2,Bertelsmann Transformation Index: Fiscal stability,0,1,exports/data360/nepal_summary/samples/BS_BTI_BS_BTI_Q8_2.json
BS_BTI,BS_BTI_Q9,Bertelsmann Transformation Index: Private Property,0,1,exports/data360/nepal_summary/samples/BS_BTI_BS_BTI_Q9.json
BS_BTI,BS_BTI_Q9_1,Bertelsmann Transformation Index: Property rights,0,1,exports/data360/nepal_summary/samples/BS_BTI_BS_BTI_Q9_1.json
BS_BTI,BS_BTI_Q9_2,Bertelsmann Transformation Index: Private enterprise,0,1,exports/data360/nepal_summary/samples/BS_BTI_BS_BTI_Q9_2.json
BS_BTI,BS_BTI_SI,Bertelsmann Transformation Index: Democracy Status,0,1,exports/data360/nepal_summary/samples/BS_BTI_BS_BTI_SI.json
BS_BTI,BS_BTI_SII,Bertelsmann Transformation Index: Economy Status,0,1,exports/data360/nepal_summary/samples/BS_BTI_BS_BTI_SII.json
EIA_EIAOD,EIA_EIAOD_GHGWH,Generation from Hydro,0,0,
EIA_EIAOD,EIA_EIAOD_GNG,Generation from Natural Gas,0,0,
EIU_DI,EIU_DI_INDEX,EIU Democracy Index,0,0,
FAO_AS,FAO_AS_4100,Total area of the country (excl. coastal water),0,0,
FAO_AS,FAO_AS_4101,Arable land area,0,0,
FAO_AS,FAO_AS_4102,Permanent crops area,0,0,
FAO_AS,FAO_AS_4103,Cultivated area (arable land + permanent crops),0,0,
FAO_AS,FAO_AS_4104,Total population,0,0,
FAO_AS,FAO_AS_4105,Rural population,0,0,
FAO_AS,FAO_AS_4106,Urban population,0,0,
FAO_AS,FAO_AS_4107,Population density,0,0,
FAO_AS,FAO_AS_4111,Human Development Index (HDI) [highest = 1],0,0,
FAO_AS,FAO_AS_4112,Gross Domestic Product (GDP),0,0,
FAO_AS,FAO_AS_4113,"Agriculture, value added (% GDP)",0,0,
FAO_AS,FAO_AS_4114,Total population with access to safe drinking-water (JMP),0,0,
FAO_AS,FAO_AS_4115,Rural population with access to safe drinking-water (JMP),0,0,
FAO_AS,FAO_AS_4116,Urban population with access to safe drinking-water (JMP),0,0,
FAO_AS,FAO_AS_4150,Long-term average annual precipitation in volume,0,0,
FAO_AS,FAO_AS_4151,Long-term average annual precipitation in depth,0,0,
FAO_AS,FAO_AS_4156,Overlap between surface water and groundwater,0,0,
FAO_AS,FAO_AS_4157,Total internal renewable water resources (IRWR),0,0,
FAO_AS,FAO_AS_4158,Total internal renewable water resources per capita,0,0,
FAO_AS,FAO_AS_4182,Water resources: total external renewable,0,0,
FAO_AS,FAO_AS_4185,Total renewable surface water,0,0,
FAO_AS,FAO_AS_4187,Total renewable groundwater,0,0,
FAO_AS,FAO_AS_4188,Total renewable water resources,0,0,
FAO_AS,FAO_AS_4190,Total renewable water resources per capita,0,0,
FAO_AS,FAO_AS_4192,Dependency ratio,0,0,
FAO_AS,FAO_AS_4250,Agricultural water withdrawal,0,0,
FAO_AS,FAO_AS_4253,Total water withdrawal,0,0,
FAO_AS,FAO_AS_4254,Agricultural water withdrawal as % of total water withdrawal,0,0,
FAO_AS,FAO_AS_4257,Total water withdrawal per capita,0,0,
FAO_AS,FAO_AS_4260,Irrigation water requirement,0,0,
FAO_AS,FAO_AS_4263,Total freshwater withdrawal,0,0,
FAO_AS,FAO_AS_4270,Treated municipal wastewater,0,0,
FAO_AS,FAO_AS_4273,Agricultural water withdrawal as % of total renewable water resources,0,0,
FAO_AS,FAO_AS_4308,Area equipped for full control irrigation: surface irrigation,0,0,
FAO_AS,FAO_AS_4311,Area equipped for full control irrigation: total,0,0,
FAO_AS,FAO_AS_4313,Area equipped for irrigation: total,0,0,
FAO_AS,FAO_AS_4317,Total agricultural water managed area,0,0,
FAO_AS,FAO_AS_4319,Percentage of agricultural water managed area equipped for irrigation,0,0,
FAO_AS,FAO_AS_4379,Total harvested irrigated crop area (full control irrigation),0,0,
FAO_AS,FAO_AS_4458,GDP per capita,0,0,
FAO_AS,FAO_AS_4461,Area equipped for full control irrigation: actually irrigated,0,0,
FAO_AS,FAO_AS_4463,Percentage of area equipped for full control irrigation actually irrigated,0,0,
FAO_AS,FAO_AS_4464,Irrigated cropping intensity,0,0,
FAO_AS,FAO_AS_4470,Percentage of total country area cultivated,0,0,
FAO_AS,FAO_AS_4471,Dam capacity per capita,0,0,
FAO_AS,FAO_AS_4472,National Rainfall Index (NRI),0,0,
FAO_AS,FAO_AS_4473,Number of people undernourished (3-year average),0,0,
FAO_AS,FAO_AS_4474,Prevalence of undernourishment (3-year average),0,0,
FAO_AS,FAO_AS_4475,Irrigation water withdrawal,0,0,
FAO_AS,FAO_AS_4537,Gender Inequality Index (GII) [equality = 0; inequality = 1),0,0,
FAO_AS,FAO_AS_4541,Interannual variability (WRI),0,0,
FAO_AS,FAO_AS_4542,Seasonal variability (WRI),0,0,
FAO_AS,FAO_AS_4543,Flood occurrence (WRI),0,0,
FAO_AS,FAO_AS_4546,"Industry, value added to GDP",0,0,
FAO_AS,FAO_AS_4547,"Services, value added to GDP",0,0,
FAO_AS,FAO_AS_4548,"Agriculture, value added to GDP",0,0,
FAO_AS,FAO_AS_4549,Environmental Flow Requirements,0,0,
FAO_AS,FAO_AS_4551,Water Use Efficiency (SDG 6.4.1),0,0,
FAO_AS,FAO_AS_4552,Irrigated Agriculture Water Use Efficiency (SDG 6.4.1),0,0,
FAO_AS,FAO_AS_4553,Industrial Water Use Efficiency (SDG 6.4.1),0,0,
FAO_AS,FAO_AS_4554,Services Water Use Efficiency (SDG 6.4.1),0,0,
FAO_AS,FAO_AS_4555,Percentage of agricultural GVA produced by irrigated agriculture,0,0,
FAO_AS,FAO_AS_4557,Ratio between rainfed and irrigated yields,0,0,
FAO_AS,FAO_AS_4558,GDP Deflator (2015),0,0,
FAO_AS,FAO_AS_HITCA,Harvested irrigated temporary crop area: Wheat,0,0,
FAO_AS,FAO_AS_SW_ACCT,Surface water: total flow of border rivers,0,0,
FAO_CAHD,FAO_CAHD_7004,Cost of a healthy diet (PPP dollar per person per day),0,0,
FAO_CAHD,FAO_CAHD_7005,Percentage of the population unable to afford a healthy diet (percent),0,0,
FAO_CAHD,FAO_CAHD_7006,Number of people unable to afford a healthy diet (million),0,0,
FAO_CAHD,FAO_CAHD_7007,Cost of starchy staples,0,0,
FAO_CAHD,FAO_CAHD_7009,"Cost of legumes, nuts and seeds",0,0,
FAO_CAHD,FAO_CAHD_7011,Cost of fruits,0,0,
FAO_CAHD,FAO_CAHD_7012,Cost of oils and fats,0,0,
FAO_CP,FAO_CP_23012,"Consumer Prices, General Indices (2015 = 100)",0,0,
FAO_CP,FAO_CP_23013,"Consumer Prices, Food Indices (2015 = 100)",0,0,
FAO_EMSTOT,FAO_EMSTOT_6518,Greenhouse gas (GHG) emissions (CO2eq) (AR5) generated from agrifood systems,0,0,
FAO_FBS,FAO_FBS_2901,Food Balances - all products,0,0,
FAO_FDI,FAO_FDI_23080,"FDI inflows to Agriculture, Forestry and Fishing",0,0,
FAO_FS,FAO_FS_210071,Severely food insecure people (million) (3-year average),0,0,
FAO_FS,FAO_FS_210081,Moderately or severely food insecure people (million) (3-year average),0,0,
FAO_FS,FAO_FS_210091,Prevalence of moderate or severe food insecurity in the total population (percent) (3-year average),0,0,
FAO_FS,FAO_FS_21012,"Share of dietary energy supply derived from cereals, roots and tubers (percent) (3-year average)",0,0,
FAO_FS,FAO_FS_21014,Average supply of protein of animal origin (g/cap/day) (3-year average),0,0,
FAO_FS,FAO_FS_210401,Prevalence of severe food insecurity in the total population (percent) (3-year average),0,0,
FAO_FS,FAO_FS_22013,"Gross domestic product per capita, PPP, (constant 2017 international $)",0,0,
FAO_GFRA,FAO_GFRA_FA,Forest Area (1000 ha),0,0,
FAO_IC,FAO_IC_23068,"Credit to Agriculture, Forestry and Fishing",0,0,
FAO_MK,FAO_MK_22008,Gross Domestic Product,0,0,
FAO_MK,FAO_MK_22016,"Value Added (Agriculture, Forestry and Fishing)",0,0,
FAO_RP,FAO_RP_5159,Pesticides Use per area of cropland,0,0,
FAO_RP,FAO_RP_5172,Pesticides Use per capita,0,0,
FAO_RP,FAO_RP_5173,Pesticides Use per value of agricultural production,0,0,
FAO_SDGB,FAO_SDGB_240103,Proportion of degraded mountain land: Total,0,0,
FAO_SDGB,FAO_SDGB_24034,Forest area as a proportion of total land area,0,0,
FH_FIW,FH_FIW_A,Freedom House: Electoral Process Score (Maximum Score = 12),0,0,
FH_FIW,FH_FIW_A1,Was the current head of government or other chief national authority elected through free and fair elections? (Maximum Score = 4),0,0,
FH_FIW,FH_FIW_A2,Were the current national legislative representatives elected through free and fair elections? (Maximum Score = 4),0,0,
FH_FIW,FH_FIW_A3,"Are the electoral laws and framework fair, and are they implemented impartially? (Maximum Score = 4)",0,0,
FH_FIW,FH_FIW_ADD_A,"Political rights, additional Question A: For traditional monarchies that have no parties or electoral process, does the system provide for genuine, meaningful consultation with the people, encourage public discussion of policy choices, and allow the right to petition the ruler?",0,0,
FH_FIW,FH_FIW_ADD_Q,"Political rights, additional Question Q: Is the government or occupying power deliberately changing the ethnic composition of a country or territory so as to destroy a culture or tip the political balance in favor of another group?",0,0,
FH_FIW,FH_FIW_B,Freedom House: Political Pluralism and Participation Score (Maximum Score = 16),0,0,
FH_FIW,FH_FIW_B1,Do the people have the right to organize in different political parties of their choice? (Maximum Score = 4),0,0,
FH_FIW,FH_FIW_B2,Is there a realistic opportunity for the opposition to increase its support or gain power through elections? (Maximum Score = 4),0,0,
FH_FIW,FH_FIW_B3,Are the people's political choices free from domination by forces that are external to the political sphere? (Maximum Score = 4),0,0,
FH_FIW,FH_FIW_B4,"Do various segments of the population (ethnic, religious, gender, LGBT, and other groups) have full political rights? (Max Score = 4)",0,0,
FH_FIW,FH_FIW_C,Freedom House: Functioning of Government Score (Maximum Score = 12),0,0,
FH_FIW,FH_FIW_C1,Do the freely elected head of government and national legislative representatives determine the government policies? (Maximum Score = 4),0,0,
FH_FIW,FH_FIW_C3,Does the government operate with openness and transparency? (Maximum Score = 4),0,0,
FH_FIW,FH_FIW_CL,Freedom in the World: Civil liberties scores,0,0,
FH_FIW,FH_FIW_CL_SCORE,Freedom House: Civil Liberties Score (Maximum Score = 60),0,0,
FH_FIW,FH_FIW_D,Freedom House: Freedom of Expression and Belief Score (Maximum Score = 16),0,0,
FH_FIW,FH_FIW_D1,Are there free and independent media? (Maximum Score = 4),0,0,
FH_FIW,FH_FIW_D2,Are individuals free to practice and express their religious faith or nonbelief in public and private? (Maximum Score = 4),0,0,
FH_FIW,FH_FIW_D3,"Is there academic freedom, and is the educational system free from extensive political indoctrination? (Maximum Score = 4)",0,0,
FH_FIW,FH_FIW_D4,Are individuals free to express their personal views on political/other sensitive topics without fear?  (Maximum Score = 4),0,0,
FH_FIW,FH_FIW_E,Freedom House: Associational and Organizational Rights (Maximum Score = 12),0,0,
FH_FIW,FH_FIW_E1,Is there freedom of assembly? (Maximum Score = 4),0,0,
FH_FIW,FH_FIW_E2,"Is there freedom for NGOs, particularly those that are engaged in human rights- and governance-related work? (Maximum Score = 4)",0,0,
FH_FIW,FH_FIW_E3,Is there freedom for trade unions and similar professional or labor organizations? (Maximum Score = 4),0,0,
FH_FIW,FH_FIW_F,Freedom House: Rule of Law Score (Maximum Score = 16),0,0,
FH_FIW,FH_FIW_F1,Is there an independent judiciary? (Maximum Score = 4),0,0,
FH_FIW,FH_FIW_F2,Does due process prevail in civil and criminal matters? (Maximum Score = 4),0,0,
FH_FIW,FH_FIW_F3,Is there protection from the illegitimate use of physical force and freedom from war and insurgencies? (Maximum Score = 4),0,0,
FH_FIW,FH_FIW_F4,"Do laws, policies, and practices guarantee equal treatment of various segments of the population? (Maximum Score = 4)",0,0,
FH_FIW,FH_FIW_G1,Do individuals enjoy freedom of movement? (Maximum Score = 4),0,0,
FH_FIW,FH_FIW_G2,Are individuals able to exercise the right to own property and establish businesses without undue interference? (Maximum Score = 4),0,0,
FH_FIW,FH_FIW_G3,Do individuals enjoy personal social freedoms? (Maximum Score = 4),0,0,
FH_FIW,FH_FIW_G4,Do individuals enjoy equality of opportunity and freedom from economic exploitation? (Maximum Score = 4),0,0,
FH_FIW,FH_FIW_PR,Freedom in the World: Political rights scores,0,0,
FH_FIW,FH_FIW_PR_RATING,Freedom House: Political Rights Rating (1 = most free; 7 = least free),0,0,
FH_FIW,FH_FIW_PR_SCORE,Freedom House: Political Rights Score (Maximum Score = 40),0,0,
FH_FIW,FH_FIW_STATUS,Freedom House: Freedom Status (3 = Free; 2 = Partly Free; 1 = Not Free),0,0,
FH_FIW,FH_FIW_TOTAL,Freedom House: Total Freedom Score (Maximum Score = 100),0,0,
FSIN_GRFC,FSIN_GRFC_PHASE3_ABOVE,Population facing high levels of acute food insecurity,0,0,
IBP_OBS,IBP_OBS_LEG_OBI,Legislature Oversight Score,0,0,
IBP_OBS,IBP_OBS_OBI,Budget Transparency Score (Open Budget Index Score),0,0,
IBP_OBS,IBP_OBS_OVERSIGHT_OBI,Legislature and Super Audit Institution Oversight Score,0,0,
IBP_OBS,IBP_OBS_RANK,Open Budget Index Rank,0,0,
IFC_GB,IFC_GB_GBAGG,"Green, Social, Sustainability and Sustainability Linked (GSSS) Bond Issuance",0,0,
IFC_GEM,IFC_GEM_PRD,Average private default rates,0,0,
IFPRI_ASTI,IFPRI_ASTI_EXP,Agriculture Research Spending,0,0,
IFPRI_ASTI,IFPRI_ASTI_RES,Full Time Equivalent (FTE) Researchers,0,0,
IFPRI_ASTI,IFPRI_ASTI_RES_PHD,Full Time Equivalent (FTE) Researchers with PHD as a share of total agricultural researchers,0,0,
ILO_EMP,ILO_EMP_INFO_COM_SER,Employment: ICT services,0,0,
ILO_EMP,ILO_EMP_PUB_SER,"Employment: Publishing, broadcasting, and audiovisual services",0,0,
ILO_EMP,ILO_EMP_TELECOM_SER,Employment: Telecommunication services,0,0,
IMF_AI,IMF_AI_AIPI_IX,AI Preparedness Index (AIPI),0,0,
IMF_AI,IMF_AI_DIG_INF,AIPI - Digital Infrastructure,0,0,
IMF_AI,IMF_AI_INNOV_ECON_INT,AIPI - Innovation and Economic Integration,0,0,
IMF_AI,IMF_AI_REG_ETH,AIPI - Regulation and Ethics,0,0,
IMF_BOP,IMF_BOP_BACK_BP6,"BOP, Net lending (+) / net borrowing (-) (balance from current and capital account)",0,0,
IMF_BOP,IMF_BOP_BCAXF_BP6,"Supplementary Items, Current Account, Net (Excluding Exceptional Financing)",0,0,
IMF_BOP,IMF_BOP_BCA_BP6,"BOP, Current Account",0,0,
IMF_BOP,IMF_BOP_BEFDE_BP6_USD,"BOP, Memorandum Items, Exceptional financing, Direct investment, Equity investment associated with debt reduction",0,0,
IMF_BOP,IMF_BOP_BEFD_BP6_USD,"BOP, Memorandum Items, Exceptional financing, Direct investment",0,0,
IMF_BOP,IMF_BOP_BEFISGIMF_BP6_USD,"BOP, Memorandum Items, Exceptional financing, Secondary Income, Grants received from IMF subsidy accounts",0,0,
IMF_BOP,IMF_BOP_BEFISIG_BP6_USD,"BOP, Memorandum Items, Exceptional financing, Secondary Income, Other intergovernmental grants",0,0,
IMF_BOP,IMF_BOP_BEFOODCBAA_BP6_USD,"BOP, Memorandum Items, Exceptional financing, Other investment, Other debt instruments, Central bank, Accumulation of arrears",0,0,
IMF_BOP,IMF_BOP_BEFOODCBCA_BP6_USD,"BOP, Memorandum Items, Exceptional financing, Other investment, Other debt instruments, Central bank, Cancellation of arrears",0,0,
IMF_BOP,IMF_BOP_BEFOODCBRA_BP6_USD,"BOP, Memorandum Items, Exceptional financing, Other investment, Other debt instruments, Central bank, Repayment of arrears",0,0,
IMF_BOP,IMF_BOP_BEFOODCBSA_BP6_USD,"BOP, Memorandum Items, Exceptional financing, Other investment, Other debt instruments, Central bank, Rescheduling of arrears",0,0,
IMF_BOP,IMF_BOP_BEFOODCB_BP6_USD,"BOP, Memorandum Items, Exceptional financing, Other investment, Other debt instruments, Central bank",0,0,
IMF_BOP,IMF_BOP_BEFOODDCAA_BP6_USD,"BOP, Memorandum Items, Exceptional financing, Other investment, Other debt instruments, Deposit-taking corporations, except central bank, Accumulation of arrears",0,0,
IMF_BOP,IMF_BOP_BEFOODDCCA_BP6_USD,"BOP, Memorandum Items, Exceptional financing, Other investment, Other debt instruments, Deposit-taking corporations, except central bank, Cancellation of arrears",0,0,
IMF_BOP,IMF_BOP_BEFOODDCRA_BP6_USD,"BOP, Memorandum Items, Exceptional financing, Other investment, Other debt instruments, Deposit-taking corporations, except central bank, Repayment of arrears",0,0,
IMF_BOP,IMF_BOP_BEFOODDCSA_BP6_USD,"BOP, Memorandum Items, Exceptional financing, Other investment, Other debt instruments, Deposit-taking corporations, except central bank, Rescheduling of arrears",0,0,
IMF_BOP,IMF_BOP_BEFOODDC_BP6_USD,"BOP, Memorandum Items, Exceptional financing, Other investment, Other debt instruments, Deposit-taking corporations, except central bank",0,0,
IMF_BOP,IMF_BOP_BEFOODGAA_BP6_USD,"BOP, Memorandum Items, Exceptional financing, Other investment, Other debt instruments, General government, Accumulation of arrears",0,0,
IMF_BOP,IMF_BOP_BEFOODGCA_BP6_USD,"BOP, Memorandum Items, Exceptional financing, Other investment, Other debt instruments, General government, Cancellation of arrears",0,0,
IMF_BOP,IMF_BOP_BEFOODGND_BP6_USD,"BOP, Memorandum Items, Exceptional financing, Other investment, Other debt instruments, General government, New drawings/deposits",0,0,
IMF_BOP,IMF_BOP_BEFOODGRA_BP6_USD,"BOP, Memorandum Items, Exceptional financing, Other investment, Other debt instruments, General government, Repayment of arrears",0,0,
IMF_BOP,IMF_BOP_BEFOODGSA_BP6_USD,"BOP, Memorandum Items, Exceptional financing, Other investment, Other debt instruments, General government, Rescheduling of arrears",0,0,
IMF_BOP,IMF_BOP_BEFOODOAA_BP6_USD,"BOP, Memorandum Items, Exceptional financing, Other investment, Other debt instruments, Other sectors, Accumulation of arrears",0,0,
IMF_BOP,IMF_BOP_BEFOODOCA_BP6_USD,"BOP, Memorandum Items, Exceptional financing, Other investment, Other debt instruments, Other sectors, Cancellation of arrears",0,0,
IMF_BOP,IMF_BOP_BEFOODOND_BP6_USD,"BOP, Memorandum Items, Exceptional financing, Other investment, Other debt instruments, Other sectors, New drawings/deposits on behalf of authorities",0,0,
IMF_BOP,IMF_BOP_BEFOODORA_BP6_USD,"BOP, Memorandum Items, Exceptional financing, Other investment, Other debt instruments, Other sectors, Repayment of arrears",0,0,
IMF_BOP,IMF_BOP_BEFOODO_BP6_USD,"BOP, Memorandum Items, Exceptional financing, Other investment, Other debt instruments, Other sectors",0,0,
IMF_BOP,IMF_BOP_BEFTD_BP6_USD,"BOP, Memorandum Items, Exceptional financing, Capital transfers, Debt forgiveness",0,0,
IMF_BOP,IMF_BOP_BEFT_BP6_USD,"BOP, Memorandum Items, Exceptional financing, Capital transfers",0,0,
IMF_BOP,IMF_BOP_BEF_BP6_USD,"BOP, Memorandum Items, Exceptional financing",0,0,
IMF_BOP,IMF_BOP_BFDDD_BP6,"BOP, Financial Account, Direct investment, Debt instruments, Direct investor in direct investment enterprises",0,0,
IMF_BOP,IMF_BOP_BFDDR_BP6,"BOP, Financial Account, Direct investment, Debt instruments, Direct investment enterprises in direct investor (reverse investment)",0,0,
IMF_BOP,IMF_BOP_BFDE_BP6,"BOP, Financial Account, Direct investment, Equity and investment fund shares",0,0,
IMF_BOP,IMF_BOP_BFDLEXF_BP6,"Supplementary Items, Direct Investment, Net Incurrence of Liabilities, Equity and Investment Fund Shares (Excluding Exceptional Financing)",0,0,
IMF_BOP,IMF_BOP_BFDLXF_BP6,"Supplementary Items, Direct Investment, Net Incurrence of Liabilities (Excluding Exceptional Financing)",0,0,
IMF_BOP,IMF_BOP_BFOCDCB_BP6,"BOP, Financial Account, Other investment, Currency and deposits, Central banks",0,0,
IMF_BOP,IMF_BOP_BFOCDDC_BP6,"BOP, Financial Account, Other investment, Currency and deposits, Deposit-taking corporations, except central bank",0,0,
IMF_BOP,IMF_BOP_BFOCDG_BP6,"BOP, Financial Account, Other investment, Currency and deposits, General government",0,0,
IMF_BOP,IMF_BOP_BFOCDO_BP6,"BOP, Financial Account, Other investment, Currency and deposits, Other sectors",0,0,
IMF_BOP,IMF_BOP_BFOCD_BP6,"BOP, Financial Account, Other investment, Currency and deposits",0,0,
IMF_BOP,IMF_BOP_BFODCB_BP6,"BOP, Supplementary Items, Financial Account, Other investment, Debt instruments, Central bank",0,0,
IMF_BOP,IMF_BOP_BFODDC_BP6,"BOP, Supplementary Items, Financial Account, Other investment, Debt instruments, Deposit-taking corporations, except the central bank",0,0,
IMF_BOP,IMF_BOP_BFODO_BP6,"BOP, Supplementary Items, Financial Account, Other investment, Debt instruments, Other sectors",0,0,
IMF_BOP,IMF_BOP_BFOD_BP6,"BOP, Supplementary Items, Financial Account, Other investment, Debt instruments",0,0,
IMF_BOP,IMF_BOP_BFOLDXF_BP6,"Supplementary Items, Other Investment: Net Incurrence of Liabilities, Debt Instruments (Excluding Exceptional Financing)",0,0,
IMF_BOP,IMF_BOP_BFOLNCB_BP6,"BOP, Financial Account, Other investment, Loans, Central bank",0,0,
IMF_BOP,IMF_BOP_BFOLNGIMF_BP6,"BOP, Financial Account, Other investment, Loans, General government, Credit and loans with the IMF (other than reserves)",0,0,
IMF_BOP,IMF_BOP_BFOLNG_BP6,"BOP, Financial Account, Other investment, Loans, General government",0,0,
IMF_BOP,IMF_BOP_BFOLNO_BP6,"BOP, Financial Account, Other investment, Loans, Other sectors",0,0,
IMF_BOP,IMF_BOP_BFOLN_BP6,"BOP, Financial Account, Other investment, Loans",0,0,
IMF_BOP,IMF_BOP_BFOLSDRFR_BP6,"BOP, Financial Account (with Fund Record), Other Investment Net (with Fund Record), Special drawing rights (Allocations) (with Fund Record)",0,0,
IMF_BOP,IMF_BOP_BFOLSDR_BP6,"BOP, Financial Account, Other investment, Special drawing rights",0,0,
IMF_BOP,IMF_BOP_BFOLXF_BP6,"Financial Account, Net (excluding exceptional financing), Other investment, Net incurrence of liabilities (excluding exceptional financing)",0,0,
IMF_BOP,IMF_BOP_BFORCB_BP6,"BOP, Financial Account, Other investment, Other accounts receivable/payable, Central bank",0,0,
IMF_BOP,IMF_BOP_BFORDC_BP6,"BOP, Financial Account, Other investment, Other accounts receivable/payable, Deposit-taking corporations, except central bank",0,0,
IMF_BOP,IMF_BOP_BFORG_BP6,"BOP, Financial Account, Other investment, Other accounts receivable/payable, General government",0,0,
IMF_BOP,IMF_BOP_BFORO_BP6,"BOP, Financial Account, Other investment, Other accounts receivable/payable, Other sectors",0,0,
IMF_BOP,IMF_BOP_BFOR_BP6,"BOP, Financial Account, Other investment, Other accounts receivable/payable",0,0,
IMF_BOP,IMF_BOP_BFOTG_BP6,"BOP, Financial Account, Other investment, Trade credit and advances, General government",0,0,
IMF_BOP,IMF_BOP_BFOTO_BP6,"BOP, Financial Account, Other investment, Trade credit and advances, Other sectors",0,0,
IMF_BOP,IMF_BOP_BFOT_BP6,"BOP, Financial Account, Other investment, Trade credit and advances",0,0,
IMF_BOP,IMF_BOP_BFO_BP6,"BOP, Financial Account, Other investment",0,0,
IMF_BOP,IMF_BOP_BFPDG_BP6,"BOP, Financial Account, Portfolio investment, Debt securities, General government",0,0,
IMF_BOP,IMF_BOP_BFPD_BP6,"BOP, Financial Account, Portfolio investment, Debt securities",0,0,
IMF_BOP,IMF_BOP_BFPLDXF_BP6,"Supplementary Items, Portfolio Investment, Net Incurrence of Liabilities, Debt Securities (Excluding Exceptional Financing)",0,0,
IMF_BOP,IMF_BOP_BFPLXF_BP6,"Supplementary Items, Portfolio Investment, Net Incurrence of Liabilities (Excluding Exceptional Financing)",0,0,
IMF_BOP,IMF_BOP_BFP_BP6,"BOP, Financial Account, Portfolio investment",0,0,
IMF_BOP,IMF_BOP_BFRAFR_BP6,"BOP, Financial Account (with Fund Record), Reserve Assets (with Fund Record)",0,0,
IMF_BOP,IMF_BOP_BFRAIMFFR_BP6,"BOP, Financial Account (with Fund Record), Reserve Assets (with Fund Record), Reserve Position in the Fund (with Fund Record)",0,0,
IMF_BOP,IMF_BOP_BFRAIMF_BP6,"BOP, Financial Account, Reserve assets, Reserve position in the IMF",0,0,
IMF_BOP,IMF_BOP_BFRAOCDMA_BP6,"BOP, Financial Account, Reserve assets, Other reserve assets, Currency and deposits, Claims on monetary authorities",0,0,
IMF_BOP,IMF_BOP_BFRAOCDO_BP6,"BOP, Financial Account, Reserve assets, Other reserve assets, Currency and deposits, Claims on other entities",0,0,
IMF_BOP,IMF_BOP_BFRAOCD_BP6,"BOP, Financial Account, Reserve assets, Other reserve assets, Currency and deposits",0,0,
IMF_BOP,IMF_BOP_BFRAOO_BP6,"BOP, Financial Account, Reserve assets, Other reserve assets, Other claims",0,0,
IMF_BOP,IMF_BOP_BFRAOS_BP6,"BOP, Financial Account, Reserve assets, Other reserve assets, Securities",0,0,
IMF_BOP,IMF_BOP_BFRAO_BP6,"BOP, Financial Account, Reserve assets, Other reserve assets",0,0,
IMF_BOP,IMF_BOP_BFRASDRFR_BP6,"BOP, Financial Account (with Fund Record), Reserve Assets (with Fund Record), SDR Holdings (with Fund Record)",0,0,
IMF_BOP,IMF_BOP_BFRA_BP6,"BOP, Financial Account, Reserve assets",0,0,
IMF_BOP,IMF_BOP_BFXF_BP6,"Supplementary Items, Financial Account, Net (Excluding Exceptional Financing)",0,0,
IMF_BOP,IMF_BOP_BF_BP6,"BOP, Financial Account",0,0,
IMF_BOP,IMF_BOP_BGM_BP6,"BOP, Current Account, Goods and Services, Goods, General merchandise on a balance of payments basis",0,0,
IMF_BOP,IMF_BOP_BGS_BP6,"BOP, Current Account, Goods and Services",0,0,
IMF_BOP,IMF_BOP_BIPCE_BP6,"BOP, Current Account, Primary Income, Compensation of employees",0,0,
IMF_BOP,IMF_BOP_BIPIDED_BP6,"BOP, Current Account, Primary Income, Investment income, Direct investment, Income on equity and investment fund shares, Dividends and withdrawals from income of quasi-corporations",0,0,
IMF_BOP,IMF_BOP_BIPIDER_BP6,"BOP, Current Account, Primary Income, Investment income, Direct investment, Income on equity and investment fund shares, Reinvested earnings",0,0,
IMF_BOP,IMF_BOP_BIPIDE_BP6,"BOP, Current Account, Primary Income, Investment income, Direct investment, Income on equity and investment fund shares",0,0,
IMF_BOP,IMF_BOP_BIPID_BP6,"BOP, Current Account, Primary Income, Investment income, Direct investment",0,0,
IMF_BOP,IMF_BOP_BIPIOIM_BP6,"BOP, Current Account, Primary Income, Investment income, Other investment, Interest, Memorandum: Interest before FISIM",0,0,
IMF_BOP,IMF_BOP_BIPIOI_BP6,"BOP, Current Account, Primary Income, Investment income, Other investment, Interest",0,0,
IMF_BOP,IMF_BOP_BIPIO_BP6,"BOP, Current Account, Primary Income, Investment income, Other investment",0,0,
IMF_BOP,IMF_BOP_BIPI_BP6,"BOP, Current Account, Primary Income, Investment income",0,0,
IMF_BOP,IMF_BOP_BIP_BP6,"BOP, Current Account, Primary Income",0,0,
IMF_BOP,IMF_BOP_BISOPTWR_BP6,"BOP, Current Account, Secondary Income, Financial corporations, nonfinancial corporations, households, and Non-profit Institutions Serving Households, Personal transfers (Current transfers between resident and nonresident households), Of which: Workers' remittances",0,0,
IMF_BOP,IMF_BOP_BISOPT_BP6,"BOP, Current Account, Secondary Income, Financial corporations, nonfinancial corporations, households, and Non-profit Institutions Serving Households, Personal transfers (Current transfers between resident and nonresident households)",0,0,
IMF_BOP,IMF_BOP_BISO_BP6,"BOP, Current Account, Secondary Income, Financial corporations, nonfinancial corporations, households, and Non-profit Institutions Serving Households",0,0,
IMF_BOP,IMF_BOP_BIS_BP6,"BOP, Current Account, Secondary Income",0,0,
IMF_BOP,IMF_BOP_BKAA_CD_BP6,"Supplementary Items, Capital Account, Credit (Excludes Reserves and Related Items)",0,0,
IMF_BOP,IMF_BOP_BKTGD_BP6,"BOP, Capital Account, Capital transfers, General government, Debt forgiveness",0,0,
IMF_BOP,IMF_BOP_BKTGO_BP6,"BOP, Capital Account, Capital transfers, General government, Other capital transfers",0,0,
IMF_BOP,IMF_BOP_BKTG_BP6,"BOP, Capital Account, Capital transfers, General government",0,0,
IMF_BOP,IMF_BOP_BKTOO_BP6,"BOP, Capital Account, Capital transfers, Financial corporations, nonfinancial corporations, households, and Non-profit Institutions Serving Households, Other capital transfers",0,0,
IMF_BOP,IMF_BOP_BKT_BP6,"BOP, Capital Account, Capital transfers",0,0,
IMF_BOP,IMF_BOP_BK_BP6,"BOP, Capital Account",0,0,
IMF_BOP,IMF_BOP_BMSO_BP6,"Current Account, Goods and Services, Services, Other Services, Debit",0,0,
IMF_BOP,IMF_BOP_BMSTROPC_BP6,"Current Account, Goods and Services, Services: Transport Other (Including postal and courier), Debit",0,0,
IMF_BOP,IMF_BOP_BOPFR_BP6,"BOP, Net Errors and Omissions (with Fund Record), US Dollar",0,0,
IMF_BOP,IMF_BOP_BOP_BP6,"BOP, Net Errors and Omissions, US Dollar",0,0,
IMF_BOP,IMF_BOP_BSOGGS_BP6,"BOP, Current Account, Goods and Services, Services, Government goods and services n.i.e.",0,0,
IMF_BOP,IMF_BOP_BSOIN_BP6,"BOP, Current Account, Goods and Services, Services, Insurance and pension services",0,0,
IMF_BOP,IMF_BOP_BSOOBTT_BP6,"BOP, Current Account, Goods and Services, Services, Other Business Services, Technical, trade-related, and other business services",0,0,
IMF_BOP,IMF_BOP_BSOOB_BP6,"BOP, Current Account, Goods and Services, Services, Other Business Services",0,0,
IMF_BOP,IMF_BOP_BSOTCMT_BP6,"BOP, Current Account, Goods and Services, Services, Telecommunications, computer, and information services, Telecommunications services",0,0,
IMF_BOP,IMF_BOP_BSOTCM_BP6,"BOP, Current Account, Goods and Services, Services, Telecommunications, computer, and information services",0,0,
IMF_BOP,IMF_BOP_BSTRAFR_BP6,"BOP, Current Account, Goods and Services, Services, Transport, Air Transport, Freight",0,0,
IMF_BOP,IMF_BOP_BSTRAPA_BP6,"BOP, Current Account, Goods and Services, Services, Transport, Air Transport, Passenger",0,0,
IMF_BOP,IMF_BOP_BSTRFR_BP6,"BOP, Current Account, Goods and Services, Services, Transport, For all modes of transport, Freight",0,0,
IMF_BOP,IMF_BOP_BSTROTO_BP6,"BOP, Current Account, Goods and Services, Services, Transport, Other mode of Transport, Other",0,0,
IMF_BOP,IMF_BOP_BSTROT_BP6,"BOP, Current Account, Goods and Services, Services, Transport, Other mode of Transport",0,0,
IMF_BOP,IMF_BOP_BSTRO_BP6,"BOP, Current Account, Goods and Services, Services, Transport, For all modes of transport, Other",0,0,
IMF_BOP,IMF_BOP_BSTRPA_BP6,"BOP, Current Account, Goods and Services, Services, Transport, For all modes of transport, Passenger",0,0,
IMF_BOP,IMF_BOP_BSTRSFR_BP6,"BOP, Current Account, Goods and Services, Services, Transport, Sea Transport, Freight",0,0,
IMF_BOP,IMF_BOP_BSTRSO_BP6,"BOP, Current Account, Goods and Services, Services, Transport, Sea Transport, Other",0,0,
IMF_BOP,IMF_BOP_BSTRSPA_BP6,"BOP, Current Account, Goods and Services, Services, Transport, Sea Transport, Passenger",0,0,
IMF_BOP,IMF_BOP_BSTRS_BP6,"BOP, Current Account, Goods and Services, Services, Transport, Sea Transport",0,0,
IMF_BOP,IMF_BOP_BSTR_BP6,"BOP, Current Account, Goods and Services, Services, Transport",0,0,
IMF_BOP,IMF_BOP_BSTV_BP6,"BOP, Current Account, Goods and Services, Services, Travel",0,0,
IMF_BOP,IMF_BOP_BS_BP6,"BOP, Current Account, Goods and Services, Services",0,0,
IMF_BOP,IMF_BOP_BTCC_BP6,"Supplementary Items, Total Current + Capital Account",0,0,
IMF_BOP,IMF_BOP_BTCKFA_BP6,"Supplementary Items, Current Acct + Capital Acct + Financial Acct",0,0,
IMF_BOP,IMF_BOP_BTGSI_BP6,"Supplementary Items, Balance on Goods, Services, and Income",0,0,
IMF_BOP,IMF_BOP_BTRUE_BP6,"Supplementary Items, Reserves and Related items",0,0,
IMF_BOP,IMF_BOP_BXISXF_BP6,"Supplementary Items, Secondary Income, Credit (Excluding Exceptional Financing)",0,0,
IMF_BOP,IMF_BOP_BXSO_BP6,"Current Account, Goods and Services, Services, Other Services, Credit",0,0,
IMF_BOP,IMF_BOP_IDDD_BP6,"IIP, Direct investment, Debt instruments, Direct investor in direct investment enterprises",0,0,
IMF_BOP,IMF_BOP_IDD_BP6,"IIP, Direct investment, Debt instruments",0,0,
IMF_BOP,IMF_BOP_IDED_BP6,"IIP, Direct investment, Equity and investment fund shares, Direct investor in direct investment enterprises",0,0,
IMF_BOP,IMF_BOP_IDE_BP6,"IIP, Direct investment, Equity and investment fund shares",0,0,
IMF_BOP,IMF_BOP_ID_BP6,"IIP, Direct investment",0,0,
IMF_BOP,IMF_BOP_IFR_BP6,International Investment Position (IIP) (with Fund Record),0,0,
IMF_BOP,IMF_BOP_IOCDCB_BP6,"IIP, Other investment, Currency and deposits, Central bank",0,0,
IMF_BOP,IMF_BOP_IOCDDC_BP6,"IIP, Other investment, Currency and deposits, Deposit-taking corporations, except central bank",0,0,
IMF_BOP,IMF_BOP_IOCD_BP6,"IIP, Other investment, Currency and deposits",0,0,
IMF_BOP,IMF_BOP_IODC_BP6,"IIP, Other investment, Other accounts payable/receivable, Deposit-taking corporations, except central bank",0,0,
IMF_BOP,IMF_BOP_IODDC_BP6,"IIP (with Fund Record), Other investment, Debt instruments, Deposit-taking corporations, except the central bank",0,0,
IMF_BOP,IMF_BOP_IODG_BP6,"IIP (with Fund Record), Other investment, Debt instruments, General government",0,0,
IMF_BOP,IMF_BOP_IODO_BP6,"IIP (with Fund Record), Other investment, Debt instruments, Other sectors",0,0,
IMF_BOP,IMF_BOP_IOE_BP6,"IIP, Other investment, Other equity",0,0,
IMF_BOP,IMF_BOP_IOLNCBIMF_BP6,"IIP, Other investment, Loans, Central bank, Credit and loans with the IMF (other than reserves)",0,0,
IMF_BOP,IMF_BOP_IOLNCB_BP6,"IIP, Other investment, Loans, Central bank",0,0,
IMF_BOP,IMF_BOP_IOLNDC_BP6,"IIP, Other investment, Loans, Deposit-taking corporations, except the central bank",0,0,
IMF_BOP,IMF_BOP_IOLNG_BP6,"IIP, Other investment, Loans, General Government",0,0,
IMF_BOP,IMF_BOP_IOLNO_BP6,"IIP, Other investment, Loans, Other sectors",0,0,
IMF_BOP,IMF_BOP_IOLN_BP6,"IIP, Other investment, Loans",0,0,
IMF_BOP,IMF_BOP_IOOCBFR_BP6,"IIP (with Fund Record), Other investment, Other debt instruments (with Fund Record), Central bank (with Fund Record)",0,0,
IMF_BOP,IMF_BOP_IOODC_BP6,"IIP (with Fund Record), Other investment, Other debt instruments (with Fund Record), Deposit-taking corporations, except the central bank",0,0,
IMF_BOP,IMF_BOP_IOOO_BP6,"IIP (with Fund Record), Other investment, Other debt instruments (with Fund Record), Other sectors",0,0,
IMF_BOP,IMF_BOP_IOPR_BP6,"IIP, Other investment, Other accounts payable/receivable",0,0,
IMF_BOP,IMF_BOP_IOSDR_BP6,"IIP, Other investment, Special drawing rights (Net incurrence of liabilities)",0,0,
IMF_BOP,IMF_BOP_IOTONF_BP6,"IIP, Other investment, Trade credit and advances, Other sectors, Nonfinancial corporations, households, and NPISHs",0,0,
IMF_BOP,IMF_BOP_IOTO_BP6,"IIP, Other investment, Trade credit and advances, Other sectors",0,0,
IMF_BOP,IMF_BOP_IOT_BP6,"IIP, Other investment, Trade credit and advances",0,0,
IMF_BOP,IMF_BOP_IO_BP6,"IIP, Other investment",0,0,
IMF_BOP,IMF_BOP_IPDDC_BP6,"IIP, Portfolio investment, Debt securities, Deposit-taking corporations, except central bank",0,0,
IMF_BOP,IMF_BOP_IPD_BP6,"IIP, Portfolio investment, Debt securities",0,0,
IMF_BOP,IMF_BOP_IPEDC_BP6,"IIP, Portfolio investment, Equity and investment fund shares, Deposit-taking corporations, except central bank",0,0,
IMF_BOP,IMF_BOP_IPE_BP6,"IIP, Portfolio investment, Equity and investment fund shares",0,0,
IMF_BOP,IMF_BOP_IP_BP6,"IIP, Portfolio investment",0,0,
IMF_BOP,IMF_BOP_IRIMFFR_BP6,"IIP (with Fund Record), Reserve Assets, Reserve Position in the Fund (with Fund Record)",0,0,
IMF_BOP,IMF_BOP_IRO_BP6,"IIP, Reserve assets, Other reserve assets",0,0,
IMF_BOP,IMF_BOP_IRSDRFR_BP6,"IIP (with Fund Record), Reserve Assets, Special Drawing Rights (with Fund Record)",0,0,
IMF_BOP,IMF_BOP_IRSDR_BP6,"IIP, Reserve assets, Special drawing rights",0,0,
IMF_BOP,IMF_BOP_IR_BP6,"IIP, Reserve assets",0,0,
IMF_BOP,IMF_BOP_I_BP6,International Investment Position (IIP),0,0,
IMF_BOPAGG,IMF_BOPAGG_BFDA_BP6_USD,"Financial account, Net lending (+) / net borrowing (-) (balance from financial account), Direct investment, Net acquisition of financial assets, US Dollars",0,0,
IMF_BOPAGG,IMF_BOPAGG_BFDL_BP6_USD,"Financial account, Net lending (+) / net borrowing (-) (balance from financial account), Direct investment, Net incurrence of liabilities, US Dollars",0,0,
IMF_BOPAGG,IMF_BOPAGG_BFD_BP6_USD,"Financial account, Net lending (+) / net borrowing (-) (balance from financial account), Direct investment, US Dollars",0,0,
IMF_BOPAGG,IMF_BOPAGG_BFOA_BP6_USD,"Financial account, Other investment, Net acquisition of financial assets, US Dollars",0,0,
IMF_BOPAGG,IMF_BOPAGG_BFOFR_BP6_USD,"Supplementary Items, Other Investment Net (with Fund Record), US Dollars",0,0,
IMF_BOPAGG,IMF_BOPAGG_BFOLFR_BP6_USD,"Supplementary Items, Other investment: Net incurrence of liabilities, Debt instruments, of which: Other financial corporationsof which: Other financial corporations (with Fund Record), US Dollars",0,0,
IMF_BOPAGG,IMF_BOPAGG_BFPA_BP6_USD,"Financial account, Portfolio investment, Net acquisition of financial assets, US Dollars",0,0,
IMF_BOPAGG,IMF_BOPAGG_BFPL_BP6_USD,"Financial account, Portfolio investment, Net incurrence of liabilities, US Dollars",0,0,
IMF_BOPAGG,IMF_BOPAGG_BFP_BP6_USD,"Financial account, Portfolio investment, US Dollars",0,0,
IMF_BOPAGG,IMF_BOPAGG_BFRAFR_BP6_USD,"Supplementary Items, Reserve Assets (with Fund Record), US Dollars",0,0,
IMF_BOPAGG,IMF_BOPAGG_BG_BP6_USD,"Current Account, Goods and Services,Goods, Net, US Dollars",0,0,
IMF_BOPAGG,IMF_BOPAGG_BIP_BP6_USD,"Current Account, Primary income, Net, US Dollars",0,0,
IMF_BOPAGG,IMF_BOPAGG_BIS_BP6_USD,"Current Account, Secondary income, Net, US Dollars",0,0,
IMF_BOPAGG,IMF_BOPAGG_BK_BP6_USD,"Capital Account, Total, Net, US Dollars",0,0,
IMF_BOPAGG,IMF_BOPAGG_BK_CD_BP6_USD,"Capital Account, Total, Credit, US Dollars",0,0,
IMF_BOPAGG,IMF_BOPAGG_BK_DB_BP6_USD,"Capital Account, Total, Debit, US Dollars",0,0,
IMF_BOPAGG,IMF_BOPAGG_BMCA_BP6_USD,"Current Account, Total, Debit, US Dollars",0,0,
IMF_BOPAGG,IMF_BOPAGG_BMGS_BP6_GDP_PT,"Current Account, Goods and Services, Debit, Percent of GDP, Percent",0,0,
IMF_BOPAGG,IMF_BOPAGG_BMG_BP6_USD,"Current Account, Goods and Services, Goods, Debit, US Dollars",0,0,
IMF_BOPAGG,IMF_BOPAGG_BMIP_BP6_USD,"Current Account, Primary income, Debit, US Dollars",0,0,
IMF_BOPAGG,IMF_BOPAGG_BMIS_BP6_USD,"Current Account, Secondary income, Debit, US Dollars",0,0,
IMF_BOPAGG,IMF_BOPAGG_BMS_BP6_USD,"Current Account, Goods and Services, Services, Debit, US Dollars",0,0,
IMF_BOPAGG,IMF_BOPAGG_BOPFR_BP6_USD,"Supplementary Items, Errors and Omissions (with Fund Record), US Dollars",0,0,
IMF_BOPAGG,IMF_BOPAGG_BS_BP6_USD,"Current Account, Goods and Services, Services, Net, US Dollars",0,0,
IMF_BOPAGG,IMF_BOPAGG_BXCA_BP6_USD,"Current Account, Total, Credit, US Dollars",0,0,
IMF_BOPAGG,IMF_BOPAGG_BXGS_BP6_GDP_PT,"Current Account, Goods and Services, Credit, Percent of GDP, Percent",0,0,
IMF_BOPAGG,IMF_BOPAGG_BXG_BP6_USD,"Current Account, Goods and Services, Goods, Credit, US Dollars",0,0,
IMF_BOPAGG,IMF_BOPAGG_BXIS_BP6_USD,"Current Account, Secondary income, Credit, US Dollars",0,0,
IMF_BOPAGG,IMF_BOPAGG_BXS_BP6_USD,"Current Account, Goods and Services, Services, Credit, US Dollars",0,0,
IMF_BOPAGG,IMF_BOPAGG_IAFR_BP6_USD,"Net acquisition of financial assets (with Fund Record), US Dollars",0,0,
IMF_BOPAGG,IMF_BOPAGG_IFR_BP6_USD,"Net International Investment Position (With Fund Record), US Dollars",0,0,
IMF_BOPAGG,IMF_BOPAGG_ILFR_BP6_USD,"Net incurrence of liabilities, US Dollars",0,0,
IMF_CDIR,IMF_CDIR_ECFRMC,Index for Risk Management; Lack of Coping Capacity,0,0,
IMF_CDIR,IMF_CDIR_ECFRMH,Climate-Driven Hazard & Exposure,0,0,
IMF_CDIR,IMF_CDIR_ECFRMR,Climate-Driven Inform Risk Indicator,0,0,
IMF_CDIR,IMF_CDIR_ECFRMV,Index for Risk Management; Vulnerability,0,0,
IMF_CDIS,IMF_CDIS_IWDA_DV_BP6,"Debt Instruments Assets Positions (Gross), Derived",0,0,
IMF_CDIS,IMF_CDIS_IWDL_BP6,Debt Instruments Liabilities Positions (Gross),0,0,
IMF_CDIS,IMF_CDIS_IWDL_DV_BP6,"Debt Instruments Liabilities Positions (Gross), Derived",0,0,
IMF_CDIS,IMF_CDIS_IWDM_BP6,Debt Positions (Net): Resident Financial Intermediaries,0,0,
IMF_CDIS,IMF_CDIS_IWDM_DV_BP6,"Debt Positions (Net): Resident Financial Intermediaries, Derived",0,0,
IMF_CDIS,IMF_CDIS_IWDN_BP6,Debt Positions (Net): Resident Enterprises that are not Financial Intermediaries,0,0,
IMF_CDIS,IMF_CDIS_IWDN_DV_BP6,"Debt Positions (Net): Resident Enterprises that are not Financial Intermediaries, Derived",0,0,
IMF_CDIS,IMF_CDIS_IWD_BP6,Debt Instruments Positions (Net),0,0,
IMF_CDIS,IMF_CDIS_IWD_DV_BP6,"Debt Instruments Positions (Net), Derived",0,0,
IMF_CDIS,IMF_CDIS_IWE_BP6,Equity Positions (Net),0,0,
IMF_CDIS,IMF_CDIS_IWE_DV_BP6,"Equity Positions (Net), Derived",0,0,
IMF_CDIS,IMF_CDIS_IWFA_DV_BP6,"Direct Investment Assets Positions (Gross) with Fellow Enterprises, Derived",0,0,
IMF_CDIS,IMF_CDIS_IWFL_DV_BP6,"Direct Investment Liabilities Positions (Gross) with Fellow Enterprises, Derived",0,0,
IMF_CDIS,IMF_CDIS_IWF_DV_BP6,"Direct Investment Positions (Net) with Fellow Enterprises, Derived",0,0,
IMF_CDIS,IMF_CDIS_IW_BP6,Direct Investment Positions,0,0,
IMF_CDIS,IMF_CDIS_IW_DV_BP6,"Direct Investment Positions, Derived",0,0,
IMF_CPIS,IMF_CPIS_I_L_D_L_T_BP6_DV,"Liabilities, Debt Securities, Derived",0,0,
IMF_CPIS,IMF_CPIS_I_L_D_S_T_BP6_DV,"Liabilities, Debt Securities, Derived",0,0,
IMF_CPIS,IMF_CPIS_I_L_D_T_T_BP6_DV,"Liabilities, Debt Securities, Derived",0,0,
IMF_CPIS,IMF_CPIS_I_L_E_T_T_BP6_DV,"Liabilities, Equity, Derived",0,0,
IMF_CPIS,IMF_CPIS_I_L_T_T_T_BP6_DV,"Liabilities, Total Investment, Derived",0,0,
IMF_DOT,IMF_DOT_TXG_FOB_USD,"Goods, Value of Exports, Free on board (FOB), US Dollars",0,0,
IMF_FAS,IMF_FAS_FCA,"Geographical Outreach, Number of ATMs",0,0,
IMF_FAS,IMF_FAS_FCAO,"Use of Financial Services, Deposit accounts",0,0,
IMF_FAS,IMF_FAS_FCBAMF,"Geographical Outreach, Number of all microfinance institution branches",0,0,
IMF_FAS,IMF_FAS_FCBOD,"Geographical Outreach, Number of Branches",0,0,
IMF_FAS,IMF_FAS_FCBODC,"Geographical Outreach, Number of commercial bank branches",0,0,
IMF_FAS,IMF_FAS_FCBODD,"Geographical Outreach, Branches of other deposit takers",0,0,
IMF_FAS,IMF_FAS_FCCCC,"Use of Financial Services, Credit cards",0,0,
IMF_FAS,IMF_FAS_FCCDC,"Use of Financial Services, Debit cards",0,0,
IMF_FAS,IMF_FAS_FCIO,"Geographical Outreach, Number of Institutions",0,0,
IMF_FAS,IMF_FAS_FCLO,"Use of Financial Services, Liabilities: Outstanding Deposits",0,0,
IMF_FAS,IMF_FAS_FCMAA,"Use of Financial Services, Number of active mobile money accounts",0,0,
IMF_FAS,IMF_FAS_FCMAAB,"Use of Financial Services, Outstanding balances on active mobile money accounts",0,0,
IMF_FAS,IMF_FAS_FCMAR,"Use of Financial Services, Registered mobile money accounts",0,0,
IMF_FAS,IMF_FAS_FCMIBT,"Use of Financial Services, Mobile and internet banking transactions (during the reference year, for commercial banks only)",0,0,
IMF_FAS,IMF_FAS_FCMOA,"Geographical Outreach, Active mobile money agent outlets",0,0,
IMF_FAS,IMF_FAS_FCMOR,"Geographical Outreach, Registered mobile money agent outlets",0,0,
IMF_FAS,IMF_FAS_FCMT,"Use of Financial Services, Number of mobile money transactions (during the reference year)",0,0,
IMF_FAS,IMF_FAS_FCMTAA,"Use of Financial Services, Average number of mobile money transactions per active mobile money account",0,0,
IMF_FAS,IMF_FAS_FCMTV,"Use of Financial Services, Value of mobile money transactions (during the reference year)",0,0,
IMF_FAS,IMF_FAS_FCNO,"Use of Financial Services, Loan accounts",0,0,
IMF_FAS,IMF_FAS_FCSO,"Use of Financial Services, Assets: Outstanding Loans",0,0,
IMF_FAS,IMF_FAS_FCSODD,"Use of Financial Services, Assets: Outstanding Loans, Other deposit takers",0,0,
IMF_FFS,IMF_FFS_ECGFTC,Fossil Fuel Subsidies - Total Implicit and Explicit - Coal,1,1,exports/data360/nepal_summary/samples/IMF_FFS_IMF_FFS_ECGFTC.json
IMF_FFS,IMF_FFS_ECGFTEC,Explicit Fossil Fuel Subsidies - Coal,1,1,exports/data360/nepal_summary/samples/IMF_FFS_IMF_FFS_ECGFTEC.json
IMF_FFS,IMF_FFS_ECGFTEN,Explicit Fossil Fuel Subsidies - Natural Gas,1,1,exports/data360/nepal_summary/samples/IMF_FFS_IMF_FFS_ECGFTEN.json
IMF_FFS,IMF_FFS_ECGFTEP,Explicit Fossil Fuel Subsidies - Petroleum,1,1,exports/data360/nepal_summary/samples/IMF_FFS_IMF_FFS_ECGFTEP.json
IMF_FFS,IMF_FFS_ECGFTET,Explicit Fossil Fuel Subsidies - Electricity,1,1,exports/data360/nepal_summary/samples/IMF_FFS_IMF_FFS_ECGFTET.json
IMF_FFS,IMF_FFS_ECGFTI,Implicit Fossil Fuel Subsidies - Total,1,1,exports/data360/nepal_summary/samples/IMF_FFS_IMF_FFS_ECGFTI.json
IMF_FFS,IMF_FFS_ECGFTIA,Implicit Fossil Fuel Subsidies - Accidents,1,1,exports/data360/nepal_summary/samples/IMF_FFS_IMF_FFS_ECGFTIA.json
IMF_FFS,IMF_FFS_ECGFTIC,Implicit Fossil Fuel Subsidies - Coal,1,1,exports/data360/nepal_summary/samples/IMF_FFS_IMF_FFS_ECGFTIC.json
IMF_FFS,IMF_FFS_ECGFTIF,Implicit Fossil Fuel Subsidies - Foregone VAT,1,1,exports/data360/nepal_summary/samples/IMF_FFS_IMF_FFS_ECGFTIF.json
IMF_FFS,IMF_FFS_ECGFTIL,Implicit Fossil Fuel Subsidies - Local Air Pollution,1,1,exports/data360/nepal_summary/samples/IMF_FFS_IMF_FFS_ECGFTIL.json
IMF_FFS,IMF_FFS_ECGFTIP,Implicit Fossil Fuel Subsidies - Petroleum,1,1,exports/data360/nepal_summary/samples/IMF_FFS_IMF_FFS_ECGFTIP.json
IMF_FFS,IMF_FFS_ECGFTIR,Implicit Fossil Fuel Subsidies - Road damage,1,1,exports/data360/nepal_summary/samples/IMF_FFS_IMF_FFS_ECGFTIR.json
IMF_FFS,IMF_FFS_ECGFTIT,Implicit Fossil Fuel Subsidies - Electricity,1,1,exports/data360/nepal_summary/samples/IMF_FFS_IMF_FFS_ECGFTIT.json
IMF_FFS,IMF_FFS_ECGFTIW,Implicit Fossil Fuel Subsidies - Global Warming,1,1,exports/data360/nepal_summary/samples/IMF_FFS_IMF_FFS_ECGFTIW.json
IMF_FFS,IMF_FFS_ECGFTN,Fossil Fuel Subsidies - Total Implicit and Explicit -  Natural Gas,1,1,exports/data360/nepal_summary/samples/IMF_FFS_IMF_FFS_ECGFTN.json
IMF_FFS,IMF_FFS_ECGFTP,Fossil Fuel Subsidies - Total Implicit and Explicit - Petroleum,1,1,exports/data360/nepal_summary/samples/IMF_FFS_IMF_FFS_ECGFTP.json
IMF_FFS,IMF_FFS_ECGFTT,Fossil Fuel Subsidies - Total Implicit and Explicit - Electricity,1,1,exports/data360/nepal_summary/samples/IMF_FFS_IMF_FFS_ECGFTT.json
IMF_FISCALDECENTRALIZATION,IMF_FISCALDECENTRALIZATION_COMP,"Compensation of employees, share of general government",0,0,
IMF_FISCALDECENTRALIZATION,IMF_FISCALDECENTRALIZATION_CS,"Capital spending, share of general government",0,0,
IMF_FISCALDECENTRALIZATION,IMF_FISCALDECENTRALIZATION_DEFENSE,"Defense, share of general government",0,0,
IMF_FISCALDECENTRALIZATION,IMF_FISCALDECENTRALIZATION_DEFICIT,"Deficit, share of own spending",0,0,
IMF_FISCALDECENTRALIZATION,IMF_FISCALDECENTRALIZATION_EA,"Economic affairs, share of general government",0,0,
IMF_FISCALDECENTRALIZATION,IMF_FISCALDECENTRALIZATION_EDU,"Education, share of general government",0,0,
IMF_FISCALDECENTRALIZATION,IMF_FISCALDECENTRALIZATION_EP,"Environmental protection, share of general government",0,0,
IMF_FISCALDECENTRALIZATION,IMF_FISCALDECENTRALIZATION_EXC,"Excise, share of general government",0,0,
IMF_FISCALDECENTRALIZATION,IMF_FISCALDECENTRALIZATION_GPS,"General public services, share of general government",0,0,
IMF_FISCALDECENTRALIZATION,IMF_FISCALDECENTRALIZATION_GS,"Goods and Services, share of general government",0,0,
IMF_FISCALDECENTRALIZATION,IMF_FISCALDECENTRALIZATION_HCA,"Housing & community ammenities, share of general government",0,0,
IMF_FISCALDECENTRALIZATION,IMF_FISCALDECENTRALIZATION_HEALTH,"Health, share of general government",0,0,
IMF_FISCALDECENTRALIZATION,IMF_FISCALDECENTRALIZATION_INTEREST,"Interest, share of general government",0,0,
IMF_FISCALDECENTRALIZATION,IMF_FISCALDECENTRALIZATION_IPCG,"Income, Profits, Capital Gains, share of general government",0,0,
IMF_FISCALDECENTRALIZATION,IMF_FISCALDECENTRALIZATION_IT,"International Trade, share of general government",0,0,
IMF_FISCALDECENTRALIZATION,IMF_FISCALDECENTRALIZATION_OE,"Other expenses, share of general government",0,0,
IMF_FISCALDECENTRALIZATION,IMF_FISCALDECENTRALIZATION_OR,"Other revenue, share of general government",0,0,
IMF_FISCALDECENTRALIZATION,IMF_FISCALDECENTRALIZATION_OT,"Other Taxes, share of general government",0,0,
IMF_FISCALDECENTRALIZATION,IMF_FISCALDECENTRALIZATION_PAYROLL,"Payroll, share of general government",0,0,
IMF_FISCALDECENTRALIZATION,IMF_FISCALDECENTRALIZATION_POS,"Public order & safety, share of general government",0,0,
IMF_FISCALDECENTRALIZATION,IMF_FISCALDECENTRALIZATION_PROPERTY,"Property, share of general government",0,0,
IMF_FISCALDECENTRALIZATION,IMF_FISCALDECENTRALIZATION_RD,Revenue decentralization (ratio of own revenues to general government revenues),0,0,
IMF_FISCALDECENTRALIZATION,IMF_FISCALDECENTRALIZATION_RECREATION,"Recreation, share of general government",0,0,
IMF_FISCALDECENTRALIZATION,IMF_FISCALDECENTRALIZATION_SB,"Social benefits, share of general government",0,0,
IMF_FISCALDECENTRALIZATION,IMF_FISCALDECENTRALIZATION_SD,Expenditure decentralization (ratio of own spending to general government spending),0,0,
IMF_FISCALDECENTRALIZATION,IMF_FISCALDECENTRALIZATION_SP,"Social protection, share of general government",0,0,
IMF_FISCALDECENTRALIZATION,IMF_FISCALDECENTRALIZATION_SUBS,"Subsidies, share of general government",0,0,
IMF_FISCALDECENTRALIZATION,IMF_FISCALDECENTRALIZATION_TAXD,Tax revenue decentralization (share of general government),0,0,
IMF_FISCALDECENTRALIZATION,IMF_FISCALDECENTRALIZATION_TRANSFERDEP1,"Transfer dependency method 1, ratio of net transfers to own spending",0,0,
IMF_FISCALDECENTRALIZATION,IMF_FISCALDECENTRALIZATION_TRANSFERDEP2,"Transfer dependency method 2, ratio of net transfers to own revenue",0,0,
IMF_FISCALDECENTRALIZATION,IMF_FISCALDECENTRALIZATION_UGS,"Use of goods & services, share of general government",0,0,
IMF_FISCALDECENTRALIZATION,IMF_FISCALDECENTRALIZATION_VAT,"VAT, share of general government",0,0,
IMF_FISCALDECENTRALIZATION,IMF_FISCALDECENTRALIZATION_VFI,Vertical Fiscal Imbalance (1- ratio of own revenue to own spending),0,0,
IMF_FM,IMF_FM_GGCBP_G01_PGDP_PT,Cyclically adjusted primary balance (% of potential GDP),0,0,
IMF_FM,IMF_FM_GGCB_G01_PGDP_PT,Cyclically adjusted balance (% of potential GDP),0,0,
IMF_FM,IMF_FM_GGR_G01_GDP_PT,Revenue (% of GDP),1,1,exports/data360/nepal_summary/samples/IMF_FM_IMF_FM_GGR_G01_GDP_PT.json
IMF_FM,IMF_FM_GGXCNL_G01_GDP_PT,Net lending/borrowing (also referred as overall balance) (% of GDP),1,1,exports/data360/nepal_summary/samples/IMF_FM_IMF_FM_GGXCNL_G01_GDP_PT.json
IMF_FM,IMF_FM_GGXONLB_G01_GDP_PT,Primary net lending/borrowing (also referred as primary balance) (% of GDP),1,1,exports/data360/nepal_summary/samples/IMF_FM_IMF_FM_GGXONLB_G01_GDP_PT.json
IMF_FM,IMF_FM_GGXWDN_G01_GDP_PT,Net debt (% of GDP),0,0,
IMF_FM,IMF_FM_G_XWDG_G01_GDP_PT,Gross debt (% of GDP),1,1,exports/data360/nepal_summary/samples/IMF_FM_IMF_FM_G_XWDG_G01_GDP_PT.json
IMF_FM,IMF_FM_G_X_G01_GDP_PT,Expenditure (% of GDP),1,1,exports/data360/nepal_summary/samples/IMF_FM_IMF_FM_G_X_G01_GDP_PT.json
IMF_FSI,IMF_FSI_FSANL,"Core Set, Deposit Takers, Asset Quality, Non-performing Loans to Total Gross Loans",0,0,
IMF_FSI,IMF_FSI_FSCET,"Core Set, Deposit Takers, Capital Adequacy, Common Equity Tier 1 Capital to Risk-weighted Assets",0,0,
IMF_FSI,IMF_FSI_FSCR,"Additional FSIs, Real Estate Markets, Commercial Real Estate Loans to Total Loans",0,0,
IMF_FSI,IMF_FSI_FSDERA,"Core Set, Deposit Takers, Earnings and Profitability, Total Assets",0,0,
IMF_FSI,IMF_FSI_FSDERA_FSERA,"Core Set, Deposit Takers, Earnings and Profitability, Total Assets, Return on assets",0,0,
IMF_FSI,IMF_FSI_FSDERE,"Core Set, Deposit Takers, Earnings and Profitability, Capital",0,0,
IMF_FSI,IMF_FSI_FSDERE_FSERE,"Core Set, Deposit Takers, Earnings and Profitability, Capital, Return on equity",0,0,
IMF_FSI,IMF_FSI_FSDFAT,"Additional FSIs, Other Financial Corporations, Total financial system assets",0,0,
IMF_FSI,IMF_FSI_FSDFCD_FSFCD,"Additional FSIs, Deposit Takers, Total Liabilities, Foreign-currency-denominated liabilities to total liabilities",0,0,
IMF_FSI,IMF_FSI_FSDKA_FSKA,"Core Set, Deposit Takers, Capital Adequacy, Tier 1 Capital to Assets, Total assets, Tier 1 capital to assets",0,0,
IMF_FSI,IMF_FSI_FSEIM,"Core Set, Deposit Takers, Earnings and Profitability, Interest Margin to Gross Income",0,0,
IMF_FSI,IMF_FSI_FSERA,"Core Set, Deposit Takers, Earnings and Profitability, Return on Assets, Percent",0,0,
IMF_FSI,IMF_FSI_FSFAG,"Additional FSIs, Other Financial Corporations, OFCs' Assets to Gross Domestic Product: OFCs",0,0,
IMF_FSI,IMF_FSI_FSFAT,"Additional FSIs, Other Financial Corporations, Assets to Total Financial System Assets",0,0,
IMF_FSI,IMF_FSI_FSFCD,"Additional FSIs, Deposit Takers, Foreign-Currency-Denominated Liabilities to Total Liabilities",0,0,
IMF_FSI,IMF_FSI_FSGD,"Balance Sheets and Income Statements, Deposit takers, Memorandum Series, Series for further analysis of the balance sheet, Geographic distribution of loans",0,0,
IMF_FSI,IMF_FSI_FSGDEM,"Balance Sheets and Income Statements, Deposit takers, Memorandum Series, Series for further analysis of the balance sheet, Geographic distribution of loans, Emerging market and developing economies",0,0,
IMF_FSI,IMF_FSI_FSGDL,"Additional FSIs, Deposit Takers, Total gross loans",0,0,
IMF_FSI,IMF_FSI_FSGDLD,"Encouraged Set, Deposit Takers, Loans to Domestic economy",0,0,
IMF_FSI,IMF_FSI_FSHG,"Additional FSIs, Households, Household Debt to Gross Domestic Product (GDP)",0,0,
IMF_FSI,IMF_FSI_FSKA,"Core Set, Deposit Takers, Capital Adequacy, Tier 1 Capital to Assets",0,0,
IMF_FSI,IMF_FSI_FSKNL,"Core Set, Deposit Takers, Capital Adequacy, Non-performing Loans Net of Provisions to Capital",0,0,
IMF_FSI,IMF_FSI_FSKRC,"Core Set, Deposit Takers, Capital Adequacy, Regulatory Capital to Risk-Weighted Assets",0,0,
IMF_FSI,IMF_FSI_FSLS,"Core Set, Deposit Takers, Liquidity, Liquid Assets to Short Term Liabilities",0,0,
IMF_FSI,IMF_FSI_FSLT,"Core Set, Deposit Takers, Liquidity, Liquid Assets to Total Assets (Liquid Asset Ratio)",0,0,
IMF_FSI,IMF_FSI_FSNERA,"Core Set, Deposit Takers, Earnings and Profitability, Net Income before Taxes",0,0,
IMF_FSI,IMF_FSI_FSNERAB,"Core Set, Deposit Takers, Earnings and Profitability, Net Income after Taxes",0,0,
IMF_FSI,IMF_FSI_FSNERAB_FSERE,"Core Set, Deposit Takers, Earnings and Profitability, Net Income after Taxes, Return on equity",0,0,
IMF_FSI,IMF_FSI_FSNERA_FSERA,"Core Set, Deposit Takers, Earnings and Profitability, Net Income before Taxes, Return on assets",0,0,
IMF_FSI,IMF_FSI_FSNFAT_FSFAT,"Encouraged Set, Other Financial Corporations, Assets to Total Financial System Assets, Assets, OFCs' assets to total financial assets: total OFCs",0,0,
IMF_FSI,IMF_FSI_FSNKNL_FSKNL,"Core Set, Deposit Takers, Capital Adequacy, Non-performing Loans Net of Provisions, Nonperforming loans net of provisions to capital",0,0,
IMF_FSI,IMF_FSI_FSNSNO_FSSNO,"Core Set, Deposit Takers, Sensitivity to Market Risk, Net Open Position in Foreign Exchange, Net open position in foreign exchange to capital",0,0,
IMF_FSI,IMF_FSI_FSPE,"Additional FSIs, Deposit Takers, Personnel Expenses to Non-interest Expenses",0,0,
IMF_FSI,IMF_FSI_FSPN,"Core Set, Deposit Takers, Asset Quality, Provisions to Non-performing Loans",0,0,
IMF_FSI,IMF_FSI_FSRR,"Additional FSIs, Real Estate Markets, Residential Real Estate Loans to Total Loans",0,0,
IMF_FSI,IMF_FSI_FSSH,"Additional FSIs, Deposit Takers, Spread Between Highest and Lowest Interbank Rate",0,0,
IMF_FSI,IMF_FSI_FSTI,"Additional FSIs, Deposit Takers, Trading Income to Total Income",0,0,
IMF_FSI,IMF_FSI_FS_HH_L,"Balance Sheets and Income Statements, Households, Balance Sheet, Liabilities",0,0,
IMF_FSI,IMF_FSI_FS_HH_LD,"Balance Sheets and Income Statements, Households, Balance Sheet, Liabilities, Debt",0,0,
IMF_FSI,IMF_FSI_FS_HH_LDL,"Balance Sheets and Income Statements, Households, Balance Sheet, Liabilities, Debt , Loans",0,0,
IMF_FSI,IMF_FSI_FS_HH_LD_FSHG,"Balance Sheets and Income Statements, Households, Balance Sheet, Liabilities, Debt , Other debt instruments, Household debt to gross domestic product",0,0,
IMF_FSI,IMF_FSI_FS_HH_NW,"Balance Sheets and Income Statements, Households, Balance Sheet, Net worth",0,0,
IMF_FSI,IMF_FSI_FS_ODX_A,"Balance Sheets and Income Statements, Deposit takers, Balance Sheet, Total assets",0,0,
IMF_FSI,IMF_FSI_FS_ODX_AF,"Balance Sheets and Income Statements, Deposit takers, Balance Sheet, Total assets, Financial assets",0,0,
IMF_FSI,IMF_FSI_FS_ODX_AFD,"Balance Sheets and Income Statements, Deposit takers, Balance Sheet, Total assets, Financial assets, Debt securities",0,0,
IMF_FSI,IMF_FSI_FS_ODX_AFE,"Balance Sheets and Income Statements, Deposit takers, Balance Sheet, Total assets, Financial assets, Shares and other equity",0,0,
IMF_FSI,IMF_FSI_FS_ODX_AFL,"Balance Sheets and Income Statements, Deposit takers, Balance Sheet, Total assets, Financial assets, Loans (after specific provisions)",0,0,
IMF_FSI,IMF_FSI_FS_ODX_AFLG,"Balance Sheets and Income Statements, Deposit takers, Total assets, Financial assets, Loans (after specific provisions), Gross loans",0,0,
IMF_FSI,IMF_FSI_FS_ODX_AFLG_FSCR,"Balance Sheets and Income Statements, Deposit takers, Total assets, Financial assets, Loans (after specific provisions), Gross loans, Commercial real estate loans to total gross loans",0,0,
IMF_FSI,IMF_FSI_FS_ODX_AFLG_FSFC,"Balance Sheets and Income Statements, Deposit takers, Total assets, Financial assets, Loans (after specific provisions), Gross loans, Foreign-currency-denominated loans to total loans",0,0,
IMF_FSI,IMF_FSI_FS_ODX_AFLG_FSRR,"Balance Sheets and Income Statements, Deposit takers, Total assets, Financial assets, Loans (after specific provisions), Gross loans, Residential real estate loans to total gross loans",0,0,
IMF_FSI,IMF_FSI_FS_ODX_AFLG_GG,"Balance Sheets and Income Statements, Deposit takers, Balance Sheet, Total assets, Financial assets, Loans (after specific provisions), Gross loans, noninterbank loans, General government",0,0,
IMF_FSI,IMF_FSI_FS_ODX_AFLG_NFC,"Balance Sheets and Income Statements, Deposit takers, Balance Sheet, Total assets, Financial assets, Loans (after specific provisions), Gross loans, Noninterbank loans, Nonfinancial corporations",0,0,
IMF_FSI,IMF_FSI_FS_ODX_AFLG_NODX_FSCD,"Balance Sheets and Income Statements, Deposit takers, Balance Sheet, Total assets, Financial assets, Loans (after specific provisions), Gross loans, Noninterbank loans, Customer deposits to total (noninterbank) loans",0,0,
IMF_FSI,IMF_FSI_FS_ODX_AFLG_NRES,"Balance Sheets and Income Statements, Deposit takers, Balance Sheet, Total assets, Financial assets, Loans (after specific provisions), Gross loans, Noninterbank loans, Nonresidents",0,0,
IMF_FSI,IMF_FSI_FS_ODX_AFLG_ODS,"Balance Sheets and Income Statements, Deposit takers, Balance Sheet, Total assets, Financial assets, Loans (after specific provisions), Gross loans, Noninterbank loans, Other domestic sectors",0,0,
IMF_FSI,IMF_FSI_FS_ODX_AFLG_ODX,"Balance Sheets and Income Statements, Deposit takers, Balance Sheet, Total assets, Financial assets, Loans (after specific provisions), Gross loans, Interbank loans",0,0,
IMF_FSI,IMF_FSI_FS_ODX_AFLG_ODX_RES,"Balance Sheets and Income Statements, Deposit takers, Balance Sheet, Total assets, Financial assets, Loans (after specific provisions), Gross loans, Interbank loans, Resident",0,0,
IMF_FSI,IMF_FSI_FS_ODX_AFLG_OFM,"Balance Sheets and Income Statements, Deposit takers, Balance Sheet, Total assets, Financial assets, Loans (after specific provisions), Gross loans, Noninterbank loans, Other financial corporations",0,0,
IMF_FSI,IMF_FSI_FS_ODX_AFLNP,"Balance Sheets and Income Statements, Deposit takers, Memorandum Series, Series for further analysis of the balance sheet, Non-performing loans",0,0,
IMF_FSI,IMF_FSI_FS_ODX_AFLNP_FSANL,"Balance Sheets and Income Statements, Deposit takers, Memorandum Series, Series for further analysis of the balance sheet, Non-performing loans, Nonperforming loans to total gross loans",0,0,
IMF_FSI,IMF_FSI_FS_ODX_AFLNP_FSPN,"Balance Sheets and Income Statements, Deposit takers, Memorandum Series, Series for further analysis of the balance sheet, Non-performing loans, Provisions to nonperforming loans",0,0,
IMF_FSI,IMF_FSI_FS_ODX_AFLREC,"Balance Sheets and Income Statements, Deposit takers, Memorandum Series, Series for further analysis of the balance sheet, Commercial real estate loans",0,0,
IMF_FSI,IMF_FSI_FS_ODX_AFLREC_FSCR,"Balance Sheets and Income Statements, Deposit takers, Memorandum Series, Series for further analysis of the balance sheet, Commercial real estate loans, Commercial real estate loans to total gross loans",0,0,
IMF_FSI,IMF_FSI_FS_ODX_AFLRER,"Balance Sheets and Income Statements, Deposit takers, Memorandum Series, Series for further analysis of the balance sheet, Residential real estate loans",0,0,
IMF_FSI,IMF_FSI_FS_ODX_AFLRER_FSRR,"Balance Sheets and Income Statements, Deposit takers, Memorandum Series, Series for further analysis of the balance sheet, Residential real estate loans, Residential real estate loans to total gross loans",0,0,
IMF_FSI,IMF_FSI_FS_ODX_AFLS,"Balance Sheets and Income Statements, Deposit takers, Balance Sheet, Total assets, Financial assets, Loans (after specific provisions), Specific provisions",0,0,
IMF_FSI,IMF_FSI_FS_ODX_AFLS_FSPN,"Balance Sheets and Income Statements, Deposit takers, Balance Sheet, Total assets, Financial assets, Loans (after specific provisions), Specific provisions, Provisions to nonperforming loans",0,0,
IMF_FSI,IMF_FSI_FS_ODX_AFL_FX,"Balance Sheets and Income Statements, Deposit takers, Memorandum Series, Series for further analysis of the balance sheet, Foreign currency loans",0,0,
IMF_FSI,IMF_FSI_FS_ODX_AFO,"Balance Sheets and Income Statements, Deposit takers, Balance Sheet, Total assets, Financial assets, Other assets",0,0,
IMF_FSI,IMF_FSI_FS_ODX_ALB_FSLS,"Balance Sheets and Income Statements, Deposit takers, Memorandum Series, Series for further analysis of the balance sheet, Liquid assets (broad measure), Liquid assets to short-term liabilities",0,0,
IMF_FSI,IMF_FSI_FS_ODX_ALB_FSLT,"Balance Sheets and Income Statements, Deposit takers, Memorandum Series, Series for further analysis of the balance sheet, Liquid assets (broad measure), Liquid assets to total assets",0,0,
IMF_FSI,IMF_FSI_FS_ODX_ARW,"Balance Sheets and Income Statements, Deposit takers, Memorandum Series, Supervisory-based series, Risk-weighted assets",0,0,
IMF_FSI,IMF_FSI_FS_ODX_ARW_FSCET,"Balance Sheets and Income Statements, Deposit takers, Memorandum Series, Supervisory-based series, Risk-weighted assets, Common Equity Tier 1 capital to risk-weighted assets",0,0,
IMF_FSI,IMF_FSI_FS_ODX_ARW_FSKRC,"Balance Sheets and Income Statements, Deposit takers, Memorandum Series, Supervisory-based series, Risk-weighted assets, Regulatory capital to risk-weighted assets",0,0,
IMF_FSI,IMF_FSI_FS_ODX_ARW_FSKRTC,"Balance Sheets and Income Statements, Deposit takers, Memorandum Series, Supervisory-based series, Risk-weighted assets, Tier 1 capital to risk-weighted assets",0,0,
IMF_FSI,IMF_FSI_FS_ODX_AT1,"Balance Sheets and Income Statements, Deposit takers, Memorandum Series, Supervisory-based series, Additional Tier 1 (AT1) capital less corresponding supervisory deductions",0,0,
IMF_FSI,IMF_FSI_FS_ODX_A_FSLT,"Balance Sheets and Income Statements, Deposit takers, Balance Sheet, Total assets, Liquid assets to total assets",0,0,
IMF_FSI,IMF_FSI_FS_ODX_CET1,"Balance Sheets and Income Statements, Deposit takers, Memorandum Series, Supervisory-based series, Common Equity Tier 1 capital",0,0,
IMF_FSI,IMF_FSI_FS_ODX_CET1_FSCET,"Balance Sheets and Income Statements, Deposit takers, Memorandum Series, Supervisory-based series, Common Equity Tier 1 capital, Common Equity Tier 1 capital to risk-weighted assets",0,0,
IMF_FSI,IMF_FSI_FS_ODX_CR,"Balance Sheets and Income Statements, Deposit takers, Balance Sheet, Capital and reserves",0,0,
IMF_FSI,IMF_FSI_FS_ODX_CRT,"Balance Sheets and Income Statements, Deposit takers, Memorandum Series, Supervisory-based series, Total regulatory capital",0,0,
IMF_FSI,IMF_FSI_FS_ODX_CRT_FSKNL,"Balance Sheets and Income Statements, Deposit takers, Memorandum Series, Supervisory-based series, Total regulatory capital, Nonperforming loans net of provisions to capital",0,0,
IMF_FSI,IMF_FSI_FS_ODX_CRT_FSKRC,"Balance Sheets and Income Statements, Deposit takers, Memorandum Series, Supervisory-based series, Total regulatory capital, Regulatory capital to risk-weighted assets",0,0,
IMF_FSI,IMF_FSI_FS_ODX_CRT_FSSNO,"Balance Sheets and Income Statements, Deposit takers, Memorandum Series, Supervisory-based series, Total regulatory capital, Net open position in foreign exchange to capital",0,0,
IMF_FSI,IMF_FSI_FS_ODX_CT2,"Balance Sheets and Income Statements, Deposit takers, Memorandum Series, Supervisory-based series, Tier 2 Capital",0,0,
IMF_FSI,IMF_FSI_FS_ODX_EI,"Balance Sheets and Income Statements, Deposit takers, Income and Expense Statement, Interest expense",0,0,
IMF_FSI,IMF_FSI_FS_ODX_ENI,"Balance Sheets and Income Statements, Deposit takers, Income and Expense Statement, Noninterest expenses",0,0,
IMF_FSI,IMF_FSI_FS_ODX_ENI_FSENE,"Balance Sheets and Income Statements, Deposit takers, Income and Expense Statement, Noninterest expenses, Noninterest expenses to gross income",0,0,
IMF_FSI,IMF_FSI_FS_ODX_ENI_FSPE,"Balance Sheets and Income Statements, Deposit takers, Income and Expense Statement, Noninterest expenses, Personnel expenses to noninterest expenses",0,0,
IMF_FSI,IMF_FSI_FS_ODX_EO,"Balance Sheets and Income Statements, Deposit takers, Income and Expense Statement, Noninterest expenses, Other expenses",0,0,
IMF_FSI,IMF_FSI_FS_ODX_EP,"Balance Sheets and Income Statements, Deposit takers, Income and Expense Statement, Noninterest expenses, Personnel costs",0,0,
IMF_FSI,IMF_FSI_FS_ODX_EP_FSPE,"Balance Sheets and Income Statements, Deposit takers, Income and Expense Statement, Noninterest expenses, Personnel costs, Personnel expenses to noninterest expenses",0,0,
IMF_FSI,IMF_FSI_FS_ODX_HI,"Balance Sheets and Income Statements, Deposit takers, Memorandum Series, Series for further analysis of the balance sheet, Highest interbank rate",0,0,
IMF_FSI,IMF_FSI_FS_ODX_HI_FSSH,"Balance Sheets and Income Statements, Deposit takers, Memorandum Series, Series for further analysis of the balance sheet, Highest interbank rate, Spread between highest and lowest interbank rates (base points)",0,0,
IMF_FSI,IMF_FSI_FS_ODX_IG,"Balance Sheets and Income Statements, Deposit takers, Income and Expense Statement, Gross income",0,0,
IMF_FSI,IMF_FSI_FS_ODX_IG_FSEIM,"Balance Sheets and Income Statements, Deposit takers, Income and Expense Statement, Gross income, Interest margin to gross income",0,0,
IMF_FSI,IMF_FSI_FS_ODX_IG_FSENE,"Balance Sheets and Income Statements, Deposit takers, Income and Expense Statement, Gross income, Noninterest expenses to gross income",0,0,
IMF_FSI,IMF_FSI_FS_ODX_IG_FSTI,"Balance Sheets and Income Statements, Deposit takers, Income and Expense Statement, Gross income, Trading income to total income",0,0,
IMF_FSI,IMF_FSI_FS_ODX_II,"Balance Sheets and Income Statements, Deposit takers, Income and Expense Statement, Interest income",0,0,
IMF_FSI,IMF_FSI_FS_ODX_IIG,"Balance Sheets and Income Statements, Deposit takers, Income and Expense Statement, Interest income, Gross interest income",0,0,
IMF_FSI,IMF_FSI_FS_ODX_IIN,"Balance Sheets and Income Statements, Deposit takers, Income and Expense Statement, Net interest income",0,0,
IMF_FSI,IMF_FSI_FS_ODX_IIN_FSEIM,"Balance Sheets and Income Statements, Deposit takers, Income and Expense Statement, Net interest income, Interest margin to gross income",0,0,
IMF_FSI,IMF_FSI_FS_ODX_INAET,"Balance Sheets and Income Statements, Deposit takers, Income and Expense Statement, Net income after extraordinary items and taxes",0,0,
IMF_FSI,IMF_FSI_FS_ODX_INBT,"Balance Sheets and Income Statements, Deposit takers, Income and Expense Statement, Net income (before extraordinary items and taxes)",0,0,
IMF_FSI,IMF_FSI_FS_ODX_INI,"Balance Sheets and Income Statements, Deposit takers, Income and Expense Statement, Noninterest income",0,0,
IMF_FSI,IMF_FSI_FS_ODX_INIF,"Balance Sheets and Income Statements, Deposit takers, Income and Expense Statement, Noninterest income, Fees and commissions receivable",0,0,
IMF_FSI,IMF_FSI_FS_ODX_INIGL,"Balance Sheets and Income Statements, Deposit takers, Income and Expense Statement, Noninterest income, Gains or losses on financial instruments",0,0,
IMF_FSI,IMF_FSI_FS_ODX_INIGL_FSTI,"Balance Sheets and Income Statements, Deposit takers, Income and Expense Statement, Noninterest income, Gains or losses on financial instruments, Trading income to total income",0,0,
IMF_FSI,IMF_FSI_FS_ODX_INIO,"Balance Sheets and Income Statements, Deposit takers, Income and Expense Statement, Noninterest income, Other income",0,0,
IMF_FSI,IMF_FSI_FS_ODX_L,"Balance Sheets and Income Statements, Deposit takers, Balance Sheet, Liabilities",0,0,
IMF_FSI,IMF_FSI_FS_ODX_LD,"Balance Sheets and Income Statements, Deposit takers, Balance Sheet, Liabilities, Debt",0,0,
IMF_FSI,IMF_FSI_FS_ODX_LDC,"Balance Sheets and Income Statements, Deposit takers, Balance Sheet, Liabilities, Debt, Currency and deposits",0,0,
IMF_FSI,IMF_FSI_FS_ODX_LDCDC,"Balance Sheets and Income Statements, Deposit takers, Balance Sheet, Liabilities, Debt, Currency and deposits, Customer deposits",0,0,
IMF_FSI,IMF_FSI_FS_ODX_LDCDC_FSCD,"Balance Sheets and Income Statements, Deposit takers, Balance Sheet, Liabilities, Debt, Currency and deposits, Customer deposits, Customer deposits to total (noninterbank) loans",0,0,
IMF_FSI,IMF_FSI_FS_ODX_LDCD_ODX,"Balance Sheets and Income Statements, Deposit takers, Balance Sheet, Liabilities, Debt, Currency and deposits, Interbank deposits",0,0,
IMF_FSI,IMF_FSI_FS_ODX_LDCD_ODX_NRES,"Balance Sheets and Income Statements, Deposit takers, Balance Sheet, Liabilities, Debt, Currency and deposits, Interbank deposits, Nonresident",0,0,
IMF_FSI,IMF_FSI_FS_ODX_LDCD_ODX_RES,"Balance Sheets and Income Statements, Deposit takers, Balance Sheet, Liabilities, Debt, Currency and deposits, Interbank deposits, Resident",0,0,
IMF_FSI,IMF_FSI_FS_ODX_LDCO,"Balance Sheets and Income Statements, Deposit takers, Balance Sheet, Liabilities, Debt, Currency and deposits, Other currency and deposits",0,0,
IMF_FSI,IMF_FSI_FS_ODX_LDD,"Balance Sheets and Income Statements, Deposit takers, Balance Sheet, Liabilities, Debt, Debt securities",0,0,
IMF_FSI,IMF_FSI_FS_ODX_LDO,"Balance Sheets and Income Statements, Deposit takers, Balance Sheet, Liabilities, Debt, Other liabilities",0,0,
IMF_FSI,IMF_FSI_FS_ODX_LI,"Balance Sheets and Income Statements, Deposit takers, Memorandum Series, Series for further analysis of the balance sheet, Lowest interbank rate",0,0,
IMF_FSI,IMF_FSI_FS_ODX_LI_FSSH,"Balance Sheets and Income Statements, Deposit takers, Memorandum Series, Series for further analysis of the balance sheet, Lowest interbank rate, Spread between highest and lowest interbank rates (base points)",0,0,
IMF_FSI,IMF_FSI_FS_ODX_L_FX,"Balance Sheets and Income Statements, Deposit takers, Memorandum Series, Series for further analysis of the balance sheet, Foreign currency liabilities",0,0,
IMF_FSI,IMF_FSI_FS_ODX_L_FX_FSFCD,"Balance Sheets and Income Statements, Deposit takers, Memorandum Series, Series for further analysis of the balance sheet, Foreign currency liabilities, Foreign-currency-denominated liabilities to total liabilities",0,0,
IMF_FSI,IMF_FSI_FS_ODX_L_S,"Balance Sheets and Income Statements, Deposit takers, Memorandum Series, Series for further analysis of the balance sheet, Short-term liabilities",0,0,
IMF_FSI,IMF_FSI_FS_ODX_L_S_FSLS,"Balance Sheets and Income Statements, Deposit takers, Memorandum Series, Series for further analysis of the balance sheet, Short-term liabilities, Liquid assets to short-term liabilities",0,0,
IMF_FSI,IMF_FSI_FS_ODX_OGP,"Balance Sheets and Income Statements, Deposit takers, Balance Sheet, Liabilities, General and other provisions",0,0,
IMF_FSI,IMF_FSI_FS_ODX_ONOBS_FX,"Balance Sheets and Income Statements, Deposit takers, Memorandum Series, Series for further analysis of the balance sheet, Net open position in foreign currency for on-balance-sheet items",0,0,
IMF_FSI,IMF_FSI_FS_ODX_ON_FX,"Balance Sheets and Income Statements, Deposit takers, Memorandum Series, Series for further analysis of the balance sheet, Total net open position in foreign currency",0,0,
IMF_FSI,IMF_FSI_FS_ODX_PNL,"Balance Sheets and Income Statements, Deposit takers, Income and Expense Statement, Provisions (net), Loan loss provisions",0,0,
IMF_FSI,IMF_FSI_FS_ODX_PNO,"Balance Sheets and Income Statements, Deposit takers, Income and Expense Statement, Provisions (net), Other financial asset provisions",0,0,
IMF_FSI,IMF_FSI_FS_ODX_RE,"Balance Sheets and Income Statements, Deposit takers, Income and Expense Statement, Retained earnings",0,0,
IMF_FSI,IMF_FSI_FS_ODX_TEM,"Balance Sheets and Income Statements, Deposit takers, Memorandum Series, Supervisory-based series, Basel III total exposure measure",0,0,
IMF_FSI,IMF_FSI_FS_ODX_TI,"Balance Sheets and Income Statements, Deposit takers, Income and Expense Statement, Income tax",0,0,
IMF_FSI,IMF_FSI_FS_OFM_A,"Balance Sheets and Income Statements, Other financial corporations, Total financial system assets, Total Assets",0,0,
IMF_FSI,IMF_FSI_FS_OFM_A_FSFAG,"Balance Sheets and Income Statements, Other financial corporations, Total financial system assets, Total Assets, OFCs' assets to gross domestic product: OFCs",0,0,
IMF_FSI,IMF_FSI_NGDP,"National Accounts, Expenditure, Gross Domestic Product",0,0,
IMF_FSIRE,IMF_FSIRE_DA,Total assets of domestically controlled reporting entities,0,0,
IMF_FSIRE,IMF_FSIRE_DBD_NUM,"Number of domestic branches of domestically controlled reporting entities, Number of",0,0,
IMF_FSIRE,IMF_FSIRE_DBF_NUM,"Number of foreign branches of domestically controlled reporting entities, Number of",0,0,
IMF_FSIRE,IMF_FSIRE_DE_NUM,"Number of domestically controlled reporting entities, Number of",0,0,
IMF_FSIRE,IMF_FSIRE_DSD_NUM,"Number of domestic subsidiaries of domestically controlled reporting entities, Number of",0,0,
IMF_FSIRE,IMF_FSIRE_DSF_NUM,"Number of foreign subsidiaries of domestically controlled reporting entities, Number of",0,0,
IMF_FSIRE,IMF_FSIRE_IA,Total assets of domestically incorporated foreign controlled reporting entities,0,0,
IMF_FSIRE,IMF_FSIRE_IBD_NUM,"Number of domestic branches of domestically incorporated foreign controlled reporting entities, Number of",0,0,
IMF_FSIRE,IMF_FSIRE_IBF_NUM,"Number of foreign branches of domestically incorporated foreign controlled reporting entities, Number of",0,0,
IMF_FSIRE,IMF_FSIRE_IE_NUM,"Number of domestically incorporated foreign controlled reporting entities, Number of",0,0,
IMF_FSIRE,IMF_FSIRE_ISD_NUM,"Number of domestic subsidiaries of domestically incorporated foreign controlled reporting entities, Number of",0,0,
IMF_FSIRE,IMF_FSIRE_ISF_NUM,"Number of foreign subsidiaries of domestically incorporated foreign controlled reporting entities, Number of",0,0,
IMF_FSIRE,IMF_FSIRE_TE_NUM,"Number of reporting entities, Number of",0,0,
IMF_GENDER_EQUALITY,IMF_GENDER_EQUALITY_GE_GDI,Gender Development Index,0,0,
IMF_GFSCOFOG,IMF_COFOG_GE,"Government expenditure, Total",0,0,
IMF_GFSCOFOG,IMF_COFOG_GEAA_GF0402,"Government expenditure on agriculture, fishing, forestry, & hunting",0,0,
IMF_GFSCOFOG,IMF_COFOG_GEAC_GF0406,Government expenditure on communication,0,0,
IMF_GFSCOFOG,IMF_COFOG_GEAE_GF0409,Government expenditure on economic affairs n.e.c.,0,0,
IMF_GFSCOFOG,IMF_COFOG_GEAG_GF0401,"Government expenditure on economic, commercial, & labour affairs",0,0,
IMF_GFSCOFOG,IMF_COFOG_GEAM_GF0404,"Government expenditure on mining, manufacturing, & construction",0,0,
IMF_GFSCOFOG,IMF_COFOG_GEAO_GF0407,Government expenditure on other industries,0,0,
IMF_GFSCOFOG,IMF_COFOG_GEA_GF04,Government expenditure on economic affairs,0,0,
IMF_GFSCOFOG,IMF_COFOG_GEDF_GF0203,Government expenditure on foreign military aid,0,0,
IMF_GFSCOFOG,IMF_COFOG_GEDM_GF0201,Government expenditure on military defense,0,0,
IMF_GFSCOFOG,IMF_COFOG_GEDNEC_GF0205,Government expenditure on defense n.e.c.,0,0,
IMF_GFSCOFOG,IMF_COFOG_GEDR_GF0204,Government expenditure on defense R&D,0,0,
IMF_GFSCOFOG,IMF_COFOG_GED_GF02,Government expenditure on defense,0,0,
IMF_GFSCOFOG,IMF_COFOG_GEEE_GF0906,Government expenditure on subsidiary services to education,0,0,
IMF_GFSCOFOG,IMF_COFOG_GEEL_GF0905,Government expenditure on education not definable by level,0,0,
IMF_GFSCOFOG,IMF_COFOG_GEEN_GF0903,Government expenditure on post-secondary non-tertiary education,0,0,
IMF_GFSCOFOG,IMF_COFOG_GEEO_GF0908,Government expenditure on education n.e.c.,0,0,
IMF_GFSCOFOG,IMF_COFOG_GEEP_GF0901,Government expenditure on pre-primary & primary education,0,0,
IMF_GFSCOFOG,IMF_COFOG_GEER_GF0907,Government expenditure on education R&D,0,0,
IMF_GFSCOFOG,IMF_COFOG_GEES_GF0902,Government expenditure on secondary education,0,0,
IMF_GFSCOFOG,IMF_COFOG_GEET_GF0904,Government expenditure on tertiary education,0,0,
IMF_GFSCOFOG,IMF_COFOG_GEE_GF09,Government expenditure on education,0,0,
IMF_GFSCOFOG,IMF_COFOG_GEGPB_GF0104,Government expenditure on basic research,0,0,
IMF_GFSCOFOG,IMF_COFOG_GEGPC_GF0101,"Government expenditure on exec/leg, fiscal, & external affairs",0,0,
IMF_GFSCOFOG,IMF_COFOG_GEGPF_GF0102,Government expenditure on foreign economic aid,0,0,
IMF_GFSCOFOG,IMF_COFOG_GEGPG_GF0103,Government expenditure on general services,0,0,
IMF_GFSCOFOG,IMF_COFOG_GEGPO_GF0106,Government expenditure on general public services n.e.c.,0,0,
IMF_GFSCOFOG,IMF_COFOG_GEGPR_GF0105,Government expenditure on general public services R&D,0,0,
IMF_GFSCOFOG,IMF_COFOG_GEGPT_GF0108,Transfers between different levels of govt,0,0,
IMF_GFSCOFOG,IMF_COFOG_GEGP_GF01,Government expenditure on general public services,0,0,
IMF_GFSCOFOG,IMF_COFOG_GEHC_GF0602,Government expenditure on community development,0,0,
IMF_GFSCOFOG,IMF_COFOG_GEHH_GF0601,Government expenditure on housing development,0,0,
IMF_GFSCOFOG,IMF_COFOG_GEHO_GF0606,Government expenditure on housing & community amenities n.e.c.,0,0,
IMF_GFSCOFOG,IMF_COFOG_GEHR_GF0605,Government expenditure on housing & community amenities R&D,0,0,
IMF_GFSCOFOG,IMF_COFOG_GEHW_GF0603,Government expenditure on water supply,0,0,
IMF_GFSCOFOG,IMF_COFOG_GELHE_GF0706,Government expenditure on health n.e.c.,0,0,
IMF_GFSCOFOG,IMF_COFOG_GELH_GF0703,Government expenditure on hospital services,0,0,
IMF_GFSCOFOG,IMF_COFOG_GELM_GF0701,"Government expenditure on medical products, appliances, & equip",0,0,
IMF_GFSCOFOG,IMF_COFOG_GELP_GF0704,Government expenditure on public health services,0,0,
IMF_GFSCOFOG,IMF_COFOG_GELR_GF0705,Government expenditure on health R&D,0,0,
IMF_GFSCOFOG,IMF_COFOG_GELS_GF0702,Government expenditure on outpatient services,0,0,
IMF_GFSCOFOG,IMF_COFOG_GEL_GF07,Government expenditure on health,0,0,
IMF_GFSCOFOG,IMF_COFOG_GENO_GF0506,Government expenditure on environmental protection n.e.c.,0,0,
IMF_GFSCOFOG,IMF_COFOG_GENP_GF0503,Government expenditure on pollution abatement,0,0,
IMF_GFSCOFOG,IMF_COFOG_GENR_GF0505,Government expenditure on environmental protection R&D,0,0,
IMF_GFSCOFOG,IMF_COFOG_GEN_GF05,Government expenditure on environment protection,0,0,
IMF_GFSCOFOG,IMF_COFOG_GEPF_GF0302,Government expenditure on fire protection services,0,0,
IMF_GFSCOFOG,IMF_COFOG_GEPL_GF0303,Government expenditure on law courts,0,0,
IMF_GFSCOFOG,IMF_COFOG_GEPO_GF0306,Government expenditure on public order & safety n.e.c.,0,0,
IMF_GFSCOFOG,IMF_COFOG_GEPP_GF0304,Government expenditure on prisons,0,0,
IMF_GFSCOFOG,IMF_COFOG_GEPR_GF0305,Government expenditure on public order & safety R&D,0,0,
IMF_GFSCOFOG,IMF_COFOG_GEPS_GF0301,Government expenditure on police services,0,0,
IMF_GFSCOFOG,IMF_COFOG_GEP_GF03,Government expenditure on public order & safety,0,0,
IMF_GFSCOFOG,IMF_COFOG_GERB_GF0803,Government expenditure on broadcasting & publishing,0,0,
IMF_GFSCOFOG,IMF_COFOG_GERC_GF0802,Government expenditure on cultural services,0,0,
IMF_GFSCOFOG,IMF_COFOG_GERD_GF0805,"Government expenditure on recreation, culture, & religion R&D",0,0,
IMF_GFSCOFOG,IMF_COFOG_GERR_GF0804,Government expenditure on religious & community services,0,0,
IMF_GFSCOFOG,IMF_COFOG_GERS_GF0801,Government expenditure on recreational & sporting services,0,0,
IMF_GFSCOFOG,IMF_COFOG_GER_GF08,"Government expenditure on recreation, culture, & religion",0,0,
IMF_GFSCOFOG,IMF_COFOG_GESPA_GF1002,Government expenditure on old age,0,0,
IMF_GFSCOFOG,IMF_COFOG_GESPF_GF1004,Government expenditure on family & children,0,0,
IMF_GFSCOFOG,IMF_COFOG_GESPH_GF1006,Government expenditure on housing,0,0,
IMF_GFSCOFOG,IMF_COFOG_GESPP_GF1009,Government expenditure on social protection n.e.c.,0,0,
IMF_GFSCOFOG,IMF_COFOG_GESPR_GF1008,Government expenditure on social protection R&D,0,0,
IMF_GFSCOFOG,IMF_COFOG_GESPS_GF1001,Government expenditure on sickness & disability,0,0,
IMF_GFSCOFOG,IMF_COFOG_GESPTO_GF10,Government expenditure on social protection,0,0,
IMF_GFSCOFOG,IMF_COFOG_GESPU_GF1005,Government expenditure on unemployment,0,0,
IMF_GFSCOFOG,IMF_COFOG_GESPV_GF1003,Government expenditure on survivors,0,0,
IMF_GFSCOFOG,IMF_COFOG_GFDC_GF0202,Government expenditure on civil defense,0,0,
IMF_GFSCOFOG,IMF_COFOG_GFRO_GF0806,"Government expenditure on recreation, culture, & religion n.e.c.",0,0,
IMF_GFSE,IMF_GFSE_GECESA_G14,"Compensation of Employees, employer's social contributions: Actual employers' social contributions",0,0,
IMF_GFSE,IMF_GFSE_GECESI_G14,"Compensation of Employees, employer's social contributions: Imputed employers' social contributions",0,0,
IMF_GFSE,IMF_GFSE_GECES_G14,Compensation of Employees: Employers' social contributions,0,0,
IMF_GFSE,IMF_GFSE_GECEW_G14,Compensation of Employees: Wages and salaries,0,0,
IMF_GFSE,IMF_GFSE_GECE_G14,Compensation of employees,0,0,
IMF_GFSE,IMF_GFSE_GEGC_FG_G14,Grants expense to foreign governments: current,0,0,
IMF_GFSE,IMF_GFSE_GEGC_GG_G14,Grants expense to other general government: current,0,0,
IMF_GFSE,IMF_GFSE_GEGC_IO_G14,Grants expense to international organizations: current,0,0,
IMF_GFSE,IMF_GFSE_GEGK_FG_G14,Grants expense to foreign governments: capital,0,0,
IMF_GFSE,IMF_GFSE_GEGK_GG_G14,Grants expense to other general government: capital,0,0,
IMF_GFSE,IMF_GFSE_GEGS_G14,Use of goods and services,0,0,
IMF_GFSE,IMF_GFSE_GEG_FG_G14,Grants expense to foreign governments,0,0,
IMF_GFSE,IMF_GFSE_GEG_G14,Grants expense,0,0,
IMF_GFSE,IMF_GFSE_GEG_IO_G14,Grants expense to international organizations,0,0,
IMF_GFSE,IMF_GFSE_GEI_G14,Interest expense,0,0,
IMF_GFSE,IMF_GFSE_GEI_GG_G14,Interest expense to other gen gov,0,0,
IMF_GFSE,IMF_GFSE_GEI_NGG_G14,Interest expense to residents other than general government,0,0,
IMF_GFSE,IMF_GFSE_GEI_NRES_G14,Interest expense to nonresidents,0,0,
IMF_GFSE,IMF_GFSE_GEOMC_G14,"Expense on other transfers, current",0,0,
IMF_GFSE,IMF_GFSE_GEOMK_G14,"Expense on other transfers, capital",0,0,
IMF_GFSE,IMF_GFSE_GEOM_G14,Expense on other transfers,0,0,
IMF_GFSE,IMF_GFSE_GEOOC_G14,Expense on NI & SGS: Capital claims,0,0,
IMF_GFSE,IMF_GFSE_GEOOPF_G14,Expense on NI & SGS: Fees,0,0,
IMF_GFSE,IMF_GFSE_GEOO_G14,"Expense on NI & SGS: Premiums, fees, & claims",0,0,
IMF_GFSE,IMF_GFSE_GEOPD_G14,Property expense other than interest: Dividend expense,0,0,
IMF_GFSE,IMF_GFSE_GEOPE_G14,Property expense other than interest: Reinvested earnings on FDI,0,0,
IMF_GFSE,IMF_GFSE_GEOPP_G14,Property expense other than interest: Property expense for investment income disbursements,0,0,
IMF_GFSE,IMF_GFSE_GEOPR_G14,Property expense other than interest: Rent expense,0,0,
IMF_GFSE,IMF_GFSE_GEOP_G14,Property expense other than interest,0,0,
IMF_GFSE,IMF_GFSE_GEO_G14,Other expense,0,0,
IMF_GFSE,IMF_GFSE_GESA_G14,Social benefits expense: Social assistance benefits expense,0,0,
IMF_GFSE,IMF_GFSE_GESS_G14,Social benefits expense: Social security benefits expense,0,0,
IMF_GFSE,IMF_GFSE_GEST_G14,Subsidies expense,0,0,
IMF_GFSE,IMF_GFSE_GEST_PE_G14,Subsidies expense to private enterprises,0,0,
IMF_GFSE,IMF_GFSE_GES_CA_G14,Social benefits expense in cash,0,0,
IMF_GFSE,IMF_GFSE_GES_G14,Social benefits expense,0,0,
IMF_GFSE,IMF_GFSE_GE_G14,Expense,0,0,
IMF_GFSFALCS,IMF_GFSFALCS_GAAFD_G14,Stock position of financial assets,0,0,
IMF_GFSFALCS,IMF_GFSFALCS_GADAFD_T_G14,Net acquisition of financial assets,0,0,
IMF_GFSFALCS,IMF_GFSFALCS_GADLD_T_G14,Net incurrence of liabilities,0,0,
IMF_GFSFALCS,IMF_GFSFALCS_GALD_G14,Stock position of liabilities,0,0,
IMF_GFSIBS,IMF_GFSIBS_GAAF_G14,Stock position financial assets,0,0,
IMF_GFSIBS,IMF_GFSIBS_GADAF_T_G14,Net acquisition of financial assets,0,0,
IMF_GFSIBS,IMF_GFSIBS_GADAN_T_G14,Investment in nonfinancial assets,0,0,
IMF_GFSIBS,IMF_GFSIBS_GADL_T_G14,Net incurrence of liabilities,0,0,
IMF_GFSIBS,IMF_GFSIBS_GAL_G14,Stock position liabilities,0,0,
IMF_GFSMAB,IMF_GFSMAB_GAAF_,Stock position of financial assets,0,0,
IMF_GFSMAB,IMF_GFSMAB_GAAF_G14,Stock position of financial assets,0,0,
IMF_GFSMAB,IMF_GFSMAB_GADAF_T_,Net acquisition of financial assets,0,0,
IMF_GFSMAB,IMF_GFSMAB_GADAF_T_G14,Net acquisition of financial assets,0,0,
IMF_GFSMAB,IMF_GFSMAB_GADAN_T_,Net/gross investment in nonfinancial assets,0,0,
IMF_GFSMAB,IMF_GFSMAB_GADL_T_,Net incurrence of liabilities,0,0,
IMF_GFSMAB,IMF_GFSMAB_GADL_T_G14,Net incurrence of liabilities,0,0,
IMF_GFSMAB,IMF_GFSMAB_GALW_,Net financial worth,0,0,
IMF_GFSMAB,IMF_GFSMAB_GALW_G14,Net financial worth,0,0,
IMF_GFSMAB,IMF_GFSMAB_GAL_,Stock position of liabilities,0,0,
IMF_GFSMAB,IMF_GFSMAB_GAL_G14,Stock position of liabilities,0,0,
IMF_GFSMAB,IMF_GFSMAB_GECE_,Compensation of employees,0,0,
IMF_GFSMAB,IMF_GFSMAB_GECE_G14,Compensation of employees,0,0,
IMF_GFSMAB,IMF_GFSMAB_GEGS_,Use of goods and services,0,0,
IMF_GFSMAB,IMF_GFSMAB_GEG_,Grants expense,0,0,
IMF_GFSMAB,IMF_GFSMAB_GEG_G14,Grants expense,0,0,
IMF_GFSMAB,IMF_GFSMAB_GEI_,Interest expense,0,0,
IMF_GFSMAB,IMF_GFSMAB_GEI_G14,Interest expense,0,0,
IMF_GFSMAB,IMF_GFSMAB_GEO_,Other expense,0,0,
IMF_GFSMAB,IMF_GFSMAB_GEO_G14,Other expense,0,0,
IMF_GFSMAB,IMF_GFSMAB_GEST_,Subsidies,0,0,
IMF_GFSMAB,IMF_GFSMAB_GEST_G14,Subsidies,0,0,
IMF_GFSMAB,IMF_GFSMAB_GES_G14,Social benefits,0,0,
IMF_GFSMAB,IMF_GFSMAB_GEXFC_G14,"Expense, excluding consumption of fixed capital",0,0,
IMF_GFSMAB,IMF_GFSMAB_GE_,Expense,0,0,
IMF_GFSMAB,IMF_GFSMAB_GE_G14,Expense,0,0,
IMF_GFSMAB,IMF_GFSMAB_GRO_,Other revenue,0,0,
IMF_GFSMAB,IMF_GFSMAB_GRO_G14,Other revenue,0,0,
IMF_GFSMAB,IMF_GFSMAB_GRS_,Social contributions,0,0,
IMF_GFSMAB,IMF_GFSMAB_GRS_G14,Social contributions,0,0,
IMF_GFSMAB,IMF_GFSMAB_GRT_,Tax revenue,0,0,
IMF_GFSMAB,IMF_GFSMAB_GRT_G14,Tax revenue,0,0,
IMF_GFSMAB,IMF_GFSMAB_GR_,Revenue,0,0,
IMF_GFSMAB,IMF_GFSMAB_GR_G14,Revenue,0,0,
IMF_GFSMAB,IMF_GFSMAB_GXCBG_,Gross operating balance,0,0,
IMF_GFSMAB,IMF_GFSMAB_GXMIG_G14,Investment in nonfinancial assets,0,0,
IMF_GFSMAB,IMF_GFSMAB_GXOB_,Net lending (+) / Net borrowing (-),0,0,
IMF_GFSMAB,IMF_GFSMAB_GXOB_G14,Net lending (+) / Net borrowing (-),0,0,
IMF_GFSMAB,IMF_GFSMAB_GXOPB_G14,Primary net lending / borrowing,0,0,
IMF_GFSMAB,IMF_GFSMAB_GX_,Expenditure,0,0,
IMF_GFSR,IMF_GFSR_1A_S1_G13,Government grants revenue from int orgs,0,0,
IMF_GFSR,IMF_GFSR_1A_S1_G13C,Government grants revenue from int orgs: current,0,0,
IMF_GFSR,IMF_GFSR_1A_S1_G13K,Government grants revenue from int orgs: capital,0,0,
IMF_GFSR,IMF_GFSR_W00_S1W_G1442,Government revenue from other transfers: capital,0,0,
IMF_GFSR,IMF_GFSR_W0_S1_G1,Government revenue,0,0,
IMF_GFSR,IMF_GFSR_W0_S1_G11,Government tax revenue,0,0,
IMF_GFSR,IMF_GFSR_W0_S1_G111,"Government taxes on income, profits, & capital gains",0,0,
IMF_GFSR,IMF_GFSR_W0_S1_G1111,"Government taxes on income, profits, & capital gains: individuals",0,0,
IMF_GFSR,IMF_GFSR_W0_S1_G1112,"Government taxes on income, profits, & capital gains: corporations",0,0,
IMF_GFSR,IMF_GFSR_W0_S1_G1113,"Government taxes on income, profits, & capital gains: other",0,0,
IMF_GFSR,IMF_GFSR_W0_S1_G112,Government taxes on payroll & workforce,0,0,
IMF_GFSR,IMF_GFSR_W0_S1_G113,Government taxes on property,0,0,
IMF_GFSR,IMF_GFSR_W0_S1_G1132,Government recurrent taxes on net wealth,0,0,
IMF_GFSR,IMF_GFSR_W0_S1_G1133,"Government taxes on estate, inheritance, & gifts",0,0,
IMF_GFSR,IMF_GFSR_W0_S1_G1135,Government taxes in the form of capital levies on property,0,0,
IMF_GFSR,IMF_GFSR_W0_S1_G1136,Government other recurrent taxes on property,0,0,
IMF_GFSR,IMF_GFSR_W0_S1_G114,Government taxes on goods & services,0,0,
IMF_GFSR,IMF_GFSR_W0_S1_G1141,Government general taxes on goods & services,0,0,
IMF_GFSR,IMF_GFSR_W0_S1_G11411,Government value-added taxes,0,0,
IMF_GFSR,IMF_GFSR_W0_S1_G11412,Government sales taxes,0,0,
IMF_GFSR,IMF_GFSR_W0_S1_G11413,Government turnover & general taxes on goods & services,0,0,
IMF_GFSR,IMF_GFSR_W0_S1_G11414,Government taxes on financial & capital transactions,0,0,
IMF_GFSR,IMF_GFSR_W0_S1_G1143,Government taxes in the form of profits of fiscal monopolies,0,0,
IMF_GFSR,IMF_GFSR_W0_S1_G1144,Government taxes on specific services,0,0,
IMF_GFSR,IMF_GFSR_W0_S1_G1145,Government taxes on use of/permission to use goods,0,0,
IMF_GFSR,IMF_GFSR_W0_S1_G11451,Government taxes on use of/permission to use goods: vehicles,0,0,
IMF_GFSR,IMF_GFSR_W0_S1_G11452,Government taxes on use of/permission to use goods: other,0,0,
IMF_GFSR,IMF_GFSR_W0_S1_G1146,Government other taxes on goods & services,0,0,
IMF_GFSR,IMF_GFSR_W0_S1_G115,Government taxes on int trade & transactions,0,0,
IMF_GFSR,IMF_GFSR_W0_S1_G1151,Government customs & other import duties,0,0,
IMF_GFSR,IMF_GFSR_W0_S1_G1152,Government taxes on exports,0,0,
IMF_GFSR,IMF_GFSR_W0_S1_G1153,Government taxes on profits of export/import monopolies,0,0,
IMF_GFSR,IMF_GFSR_W0_S1_G1155,Government taxes on foreign exchange,0,0,
IMF_GFSR,IMF_GFSR_W0_S1_G1156,Government other taxes on int trade & transactions,0,0,
IMF_GFSR,IMF_GFSR_W0_S1_G116,Government other taxes n.e.c.,0,0,
IMF_GFSR,IMF_GFSR_W0_S1_G12,Government social contributions,0,0,
IMF_GFSR,IMF_GFSR_W0_S1_G1211,Government social security contributions: revenue employees,0,0,
IMF_GFSR,IMF_GFSR_W0_S1_G1213,Government self/non-employed social contributions revenue,0,0,
IMF_GFSR,IMF_GFSR_W0_S1_G1214,Government unallocable social contributions revenue,0,0,
IMF_GFSR,IMF_GFSR_W0_S1_G122,Government other social contributions revenue,0,0,
IMF_GFSR,IMF_GFSR_W0_S1_G1221,Government other social contributions revenue: employees,0,0,
IMF_GFSR,IMF_GFSR_W0_S1_G1222,Government other social contributions revenue: employers,0,0,
IMF_GFSR,IMF_GFSR_W0_S1_G1223,Government imputed social contributions revenue,0,0,
IMF_GFSR,IMF_GFSR_W0_S1_G13,Government grants revenue,0,0,
IMF_GFSR,IMF_GFSR_W0_S1_G141,Government property income revenue,0,0,
IMF_GFSR,IMF_GFSR_W0_S1_G1411,Government interest revenue,0,0,
IMF_GFSR,IMF_GFSR_W0_S1_G1412,Government dividend revenue,0,0,
IMF_GFSR,IMF_GFSR_W0_S1_G1413,Government withdrawals of income from quasi-corporations,0,0,
IMF_GFSR,IMF_GFSR_W0_S1_G1414,Government property income from investment income disbursements,0,0,
IMF_GFSR,IMF_GFSR_W0_S1_G1415,Government rent revenue,0,0,
IMF_GFSR,IMF_GFSR_W0_S1_G1416,Government reinvested earnings on FDI,0,0,
IMF_GFSR,IMF_GFSR_W0_S1_G142,Government revenue from sales of goods & services,0,0,
IMF_GFSR,IMF_GFSR_W0_S1_G1422,Government revenue from administrative fees,0,0,
IMF_GFSR,IMF_GFSR_W0_S1_G1423,Government revenue from sales of nonmarket establishments,0,0,
IMF_GFSR,IMF_GFSR_W0_S1_G1424,Government revenue from imputed sales of goods & services,0,0,
IMF_GFSR,IMF_GFSR_W0_S1_G143,"Government revenue from fines, penalties & forfeits",0,0,
IMF_GFSR,IMF_GFSR_W0_S1_G144,Government revenue from other transfers,0,0,
IMF_GFSR,IMF_GFSR_W0_S1_G1441,Government revenue from other transfers: current,0,0,
IMF_GFSR,IMF_GFSR_W0_S1_G14411,Government revenue from other current transfers: subsidies,0,0,
IMF_GFSR,IMF_GFSR_W0_S1_G14412,Government revenue from other current transfers: not subsidies,0,0,
IMF_GFSR,IMF_GFSR_W0_S1_G145,"Government revenue from  NI & SGS: premiums, fees & claims",0,0,
IMF_GFSR,IMF_GFSR_W0_S1_G1451,"Government revenue from  NI & SGS: premiums, fees & current claims",0,0,
IMF_GFSR,IMF_GFSR_W0_S1_G14511,Government revenue from  NI & SGS: premiums,0,0,
IMF_GFSR,IMF_GFSR_W0_S1_G14512,Government revenue from  NI & SGS: fees,0,0,
IMF_GFSR,IMF_GFSR_W0_S1_G14513,Government revenue from  NI & SGS: current claims,0,0,
IMF_GFSR,IMF_GFSR_W0_S1_G1452,Government revenue from  NI & SGS: capital claims,0,0,
IMF_GFSR,IMF_GFSR_W0_S1_G1M13A,Government grants in cash,0,0,
IMF_GFSR,IMF_GFSR_W1_S13_G13,Government grants revenue from foreign govts,0,0,
IMF_GFSR,IMF_GFSR_W1_S13_G13K,Government grants revenue from foreign govts: capital,0,0,
IMF_GFSR,IMF_GFSR_W1_S1_G1411,Government interest revenue from nonresidents,0,0,
IMF_GFSR,IMF_GFSR_W2_S13_G13,Government grants revenue from other gen govt,0,0,
IMF_GFSR,IMF_GFSR_W2_S13_G13C,Government grants revenue from other gen govt: current,0,0,
IMF_GFSR,IMF_GFSR_W2_S13_G13K,Government grants revenue from other gen govt: capital,0,0,
IMF_GFSR,IMF_GFSR_W2_S13_G1411,Government interest revenue from other gen govt,0,0,
IMF_GFSR,IMF_GFSR_W2_S1W_G1411,Government interest revenue from residents other than gen govt,0,0,
IMF_GFSSSUC,IMF_GFSSSUC_GADAFX_T_G14_CA,"Transactions in financial assets and liabilities, Net acquisition of financial assets other than cash",0,0,
IMF_GFSSSUC,IMF_GFSSSUC_GADANF_T_G14_CA,"Transactions in nonfinancial assets, Net cash outflow: investment in fixed assets",0,0,
IMF_GFSSSUC,IMF_GFSSSUC_GADANI_T_G14_CA,"Transactions in nonfinancial assets, Net cash outflow: investment in inventories",0,0,
IMF_GFSSSUC,IMF_GFSSSUC_GADANN_T_G14_CA,"Transactions in nonfinancial assets, Net cash outflow: investment in nonproduced assets",0,0,
IMF_GFSSSUC,IMF_GFSSSUC_GADANV_T_G14_CA,"Transactions in nonfinancial assets, Net cash outflow: investment in valuables",0,0,
IMF_GFSSSUC,IMF_GFSSSUC_GADAN_T_G14_CA,"Transactions in nonfinancial assets, Net cash outflow: investment in nonfinancial assets",0,0,
IMF_GFSSSUC,IMF_GFSSSUC_GADL_T_G14_CA,"Transactions in financial assets and liabilities, Net incurrence of liabilities",0,0,
IMF_GFSSSUC,IMF_GFSSSUC_GECE_G14_CA,"Operating activities, Expense cash flow: Compensation of employees",0,0,
IMF_GFSSSUC,IMF_GFSSSUC_GEG_G14_CA,"Operating activities, Expense cash flow: Grant payments",0,0,
IMF_GFSSSUC,IMF_GFSSSUC_GEI_G14_CA,"Operating activities, Expense cash flow: Interest payments",0,0,
IMF_GFSSSUC,IMF_GFSSSUC_GEST_G14_CA,"Operating activities, Expense cash flow: Subsidy payments",0,0,
IMF_GFSSSUC,IMF_GFSSSUC_GES_G14_CA,"Operating activities, Expense cash flow: Social benefit payments",0,0,
IMF_GFSSSUC,IMF_GFSSSUC_GE_G14_CA,Operating activities: Expense cash flows,0,0,
IMF_GFSSSUC,IMF_GFSSSUC_GRG_G14_CA,"Operating activities, Revenue cash flows: Grant receipts",0,0,
IMF_GFSSSUC,IMF_GFSSSUC_GRO_G14_CA,"Operating activities, Revenue cash flows: Other receipts",0,0,
IMF_GFSSSUC,IMF_GFSSSUC_GRS_G14_CA,"Operating activities, Revenue cash flows: Social contributions",0,0,
IMF_GFSSSUC,IMF_GFSSSUC_GRT_G14_CA,"Operating activities, Revenue cash flows: Tax receipts",0,0,
IMF_GFSSSUC,IMF_GFSSSUC_GR_G14_CA,Operating activities: Revenue cash flows,0,0,
IMF_GFSSSUC,IMF_GFSSSUC_GXCBN_G14_CA,Operating activities: Net cash inflow from operating activities,0,0,
IMF_GFSSSUC,IMF_GFSSSUC_GXCCF_G14_CA,"Transactions in financial assets and liabilities, Net cash inflow from financing activities",0,0,
IMF_GFSSSUC,IMF_GFSSSUC_GXCNC_G14_CA,"Transactions in financial assets and liabilities, Net change in the stock of cash",0,0,
IMF_GFSSSUC,IMF_GFSSSUC_GXOPB_G14_CA,Operating activities: Primary cash surplus (+) /deficit (-),0,0,
IMF_GFSSSUC,IMF_GFSSSUC_GX_G14_CA,"Transactions in nonfinancial assets, Expenditure cash flows",0,0,
IMF_IFS,IMF_IFS_AIP,"Economic Activity, Industrial Production",0,0,
IMF_IFS,IMF_IFS_AIPMA,"Economic Activity, Industrial Production, Manufacturing",0,0,
IMF_IFS,IMF_IFS_EDN_USD_XDC,"Exchange Rates, US Dollar per Domestic Currency",0,0,
IMF_IFS,IMF_IFS_EECUN_XEU_XDC,"Exchange Rates, ECUs per Domestic Currency",0,0,
IMF_IFS,IMF_IFS_EEN_EUR_XDC,"Exchange Rates, Euro per Domestic Currency",0,0,
IMF_IFS,IMF_IFS_END_XDC_USD,"Exchange Rates, National Currency Per U.S. Dollar",0,0,
IMF_IFS,IMF_IFS_ENECU_XDC_XEU,"Exchange Rates, Domestic Currency per ECU",0,0,
IMF_IFS,IMF_IFS_ENE_XDC_EUR,"Exchange Rates, Domestic Currency per Euro",0,0,
IMF_IFS,IMF_IFS_ENS_XDC_XDR,"Exchange Rates, Domestic Currency per SDR",0,0,
IMF_IFS,IMF_IFS_ESN_XDR_XDC,"Exchange Rates, SDR per Domestic Currency",0,0,
IMF_IFS,IMF_IFS_FA_HLTF,"Fund Accounts, Lending to the Fund",0,0,
IMF_IFS,IMF_IFS_FA_HNCA,"Fund Accounts, Net Cumulative Allocation, Escrow account",0,0,
IMF_IFS,IMF_IFS_FA_HPG,"Fund Accounts, Outstanding General Resources Account (GRA)",0,0,
IMF_IFS,IMF_IFS_FA_HPHC,"Fund Accounts, Fund Accounts, Fund Holdings of Currency",0,0,
IMF_IFS,IMF_IFS_FA_HPHSPA,"Fund Accounts, Fund Accounts, SDR Holdings as Percent of Allocation",0,0,
IMF_IFS,IMF_IFS_FA_HPQ,"Fund Accounts, Fund Accounts, Quota",0,0,
IMF_IFS,IMF_IFS_FA_HPUPQ,"Fund Accounts, Fund Accounts, Use of Fund Credit and Loans as Percent of Quota",0,0,
IMF_IFS,IMF_IFS_FA_HSA,"Fund Accounts, Fund Accounts, SDR Allocations",0,0,
IMF_IFS,IMF_IFS_FID,"Financial, Interest Rates, Discount",0,0,
IMF_IFS,IMF_IFS_FIDR,"Financial, Interest Rates, Deposit",0,0,
IMF_IFS,IMF_IFS_FIGB,"Financial, Interest Rates, Government Securities, Government Bonds",0,0,
IMF_IFS,IMF_IFS_FILR,"Financial, Interest Rates, Lending Rate",0,0,
IMF_IFS,IMF_IFS_FITB,"Financial, Interest Rates, Government Securities, Treasury Bills",0,0,
IMF_IFS,IMF_IFS_FPOLM,"Monetary and Financial Accounts, Interest Rates, Central Bank Policy Rates, Monetary Policy-Related Interest Rate",0,0,
IMF_IFS,IMF_IFS_LE,"Labor Markets, Employment",0,0,
IMF_IFS,IMF_IFS_LLF,"Labor Markets, Labor Force",0,0,
IMF_IFS,IMF_IFS_LU,"Labor Markets, Unemployment",0,0,
IMF_IFS,IMF_IFS_MFS_NSRF_11,"Monetary, Monetary Authorities, Foreign Assets (Non-Standardized Presentation)",0,0,
IMF_IFS,IMF_IFS_MFS_NSRF_12A,"Monetary, Monetary Authorities, Claims on Central or General Government (Non-Standardized Presentation)",0,0,
IMF_IFS,IMF_IFS_MFS_NSRF_12B,"Monetary, Monetary Authorities, Claims on State and Local Government (Non-Standardized Presentation)",0,0,
IMF_IFS,IMF_IFS_MFS_NSRF_12C,"Monetary, Monetary Authorities, Claims on Public Nonfinancial Corporations (Non-Standardized Presentation)",0,0,
IMF_IFS,IMF_IFS_MFS_NSRF_12D,"Monetary, Monetary Authorities, Claims on Private Sector (Non-Standardized Presentation)",0,0,
IMF_IFS,IMF_IFS_MFS_NSRF_12E,"Monetary, Monetary Authorities, Claims on Other Depository Corporations (Non-Standardized Presentation)",0,0,
IMF_IFS,IMF_IFS_MFS_NSRF_12G,"Monetary, Monetary Authorities, Claims on Other Financial Corporations (Non-Standardized Presentation)",0,0,
IMF_IFS,IMF_IFS_MFS_NSRF_14,"Monetary, Monetary Authorities, Reserve Money (Non-Standardized Presentation)",0,0,
IMF_IFS,IMF_IFS_MFS_NSRF_14A,"Monetary, Monetary Authorities, Reserve Money, of which: Currency Outside Other Depository Corporations (Non-Standardized Presentation)",0,0,
IMF_IFS,IMF_IFS_MFS_NSRF_14N,"Monetary, Monetary Authorities, Reserve Money, Other Liabilities to Other Depository Corporations (Non-Standardized Presentation)",0,0,
IMF_IFS,IMF_IFS_MFS_NSRF_15,"Monetary, Monetary Authorities, Time, Savings, and Foreign Currency Deposits (Non-Standardized Presentation)",0,0,
IMF_IFS,IMF_IFS_MFS_NSRF_16AC,"Monetary, Monetary Authorities, Securities Other Than Shares, Liabilities of Central Bank: Securities (Non-Standardized Presentation)",0,0,
IMF_IFS,IMF_IFS_MFS_NSRF_16B,"Monetary, Monetary Authorities, Restricted Deposits (Non-Standardized Presentation)",0,0,
IMF_IFS,IMF_IFS_MFS_NSRF_16C,"Monetary, Monetary Authorities, Foreign Liabilities (Non-Standardized Presentation)",0,0,
IMF_IFS,IMF_IFS_MFS_NSRF_16D,"Monetary, Monetary Authorities, Central or General Government Deposits (Non-Standardized Presentation)",0,0,
IMF_IFS,IMF_IFS_MFS_NSRF_16J,"Monetary, Monetary Authorities, Liabilities to Other Financial Corporations (Non-Standardized Presentation)",0,0,
IMF_IFS,IMF_IFS_MFS_NSRF_17A,"Monetary, Monetary Authorities, Capital Accounts (Non-Standardized Presentation)",0,0,
IMF_IFS,IMF_IFS_MFS_NSRF_17R,"Monetary, Monetary Authorities, Other Items, Net (Non-Standardized Presentation)",0,0,
IMF_IFS,IMF_IFS_MFS_NSRF_20,"Monetary, Banking Institutions, Reserves (Non-Standardized Presentation)",0,0,
IMF_IFS,IMF_IFS_MFS_NSRF_20C,"Monetary, Banking Institutions, Claims on Monetary Authorities, Securities (Non-Standardized Presentation)",0,0,
IMF_IFS,IMF_IFS_MFS_NSRF_20N,"Monetary, Deposit Money Banks, Reserves, Other Claims on Central Bank (Non-Standardized Presentation)",0,0,
IMF_IFS,IMF_IFS_MFS_NSRF_21,"Monetary, Banking Institutions, Foreign Assets (Non-Standardized Presentation)",0,0,
IMF_IFS,IMF_IFS_MFS_NSRF_22A,"Monetary, Banking Institutions, Claims on Central Government (Non-Standardized Presentation)",0,0,
IMF_IFS,IMF_IFS_MFS_NSRF_22B,"Monetary, Banking Institutions, Claims on State and Local Governments (Non-Standardized Presentation)",0,0,
IMF_IFS,IMF_IFS_MFS_NSRF_22C,"Monetary, Banking Institutions, Claims on Public Nonfinancial Corporations (Non-Standardized Presentation)",0,0,
IMF_IFS,IMF_IFS_MFS_NSRF_22D,"Monetary, Banking Institutions, Claims on Private Sector (Non-Standardized Presentation)",0,0,
IMF_IFS,IMF_IFS_MFS_NSRF_22G,"Monetary, Banking Institutions, Claims on Nonbank Financial Institutions (Non-Standardized Presentation)",0,0,
IMF_IFS,IMF_IFS_MFS_NSRF_24,"Monetary, Banking Institutions, Demand Deposits (Non-Standardized Presentation)",0,0,
IMF_IFS,IMF_IFS_MFS_NSRF_25,"Monetary, Banking Institutions, Time, Savings, and Foreign Currency Deposits (Non-Standardized Presentation)",0,0,
IMF_IFS,IMF_IFS_MFS_NSRF_26AA,"Monetary, Deposit Money Banks, Securities Other than Shares, Money Market Instruments (Non-Standardized Presentation)",0,0,
IMF_IFS,IMF_IFS_MFS_NSRF_26B,"Monetary, Deposit Money Banks, Restricted Deposits (Non-Standardized Presentation)",0,0,
IMF_IFS,IMF_IFS_MFS_NSRF_26C,"Monetary, Banking Institutions, Foreign Liabilities (Non-Standardized Presentation)",0,0,
IMF_IFS,IMF_IFS_MFS_NSRF_26G,"Monetary, Banking Institutions, Credit from Monetary Authorities (Non-Standardized Presentation)",0,0,
IMF_IFS,IMF_IFS_MFS_NSRF_26J,"Monetary, Banking Institutions, Liabilities to Other Financial Corporations (Non-Standardized Presentation)",0,0,
IMF_IFS,IMF_IFS_MFS_NSRF_27R,"Monetary, Banking Institutions, Other Items, Net (Non-Standardized Presentation)",0,0,
IMF_IFS,IMF_IFS_MFS_NSRF_31N,"Monetary, Monetary Survey, Foreign Assets, Net (Non-Standardized Presentation)",0,0,
IMF_IFS,IMF_IFS_MFS_NSRF_32,"Monetary, Monetary Survey, Domestic Credit (Non-Standardized Presentation)",0,0,
IMF_IFS,IMF_IFS_MFS_NSRF_32B,"Monetary, Monetary Survey, Claims on State and Local Governments (Non-Standardized Presentation)",0,0,
IMF_IFS,IMF_IFS_MFS_NSRF_32C,"Monetary, Monetary Survey, Claims on Nonfinancial Public Corporations (Non-Standardized Presentation)",0,0,
IMF_IFS,IMF_IFS_MFS_NSRF_32D,"Monetary, Monetary Survey, Claims on Private Sector (Non-Standardized Presentation)",0,0,
IMF_IFS,IMF_IFS_MFS_NSRF_32G,"Monetary, Monetary Survey, Claims on Nonbank Financial Institutions (Non-Standardized Presentation)",0,0,
IMF_IFS,IMF_IFS_MFS_NSRF_34,"Monetary, Monetary Survey, Money (Non-Standardized Presentation)",0,0,
IMF_IFS,IMF_IFS_MFS_NSRF_35,"Monetary, Monetary Survey, Quasi-Money (Non-Standardized Presentation)",0,0,
IMF_IFS,IMF_IFS_MFS_NSRF_35L,"Monetary, Monetary Survey, Money plus Quasi-Money (Non-Standardized Presentation)",0,0,
IMF_IFS,IMF_IFS_MFS_NSRF_36AA,"Monetary, Monetary Survey, Securities Other Than Shares, Money Market Instruments (Non-Standardized Presentation)",0,0,
IMF_IFS,IMF_IFS_MFS_NSRF_36J,"Monetary, Monetary Survey, Liabilities to Other Financial Corporations (Non-Standardized Presentation)",0,0,
IMF_IFS,IMF_IFS_MFS_NSRF_37A,"Monetary, Monetary Survey, Capital Accounts (Non-Standardized Presentation)",0,0,
IMF_IFS,IMF_IFS_MFS_NSRF_37R,"Monetary, Monetary Survey, Other Items, Net (Non-Standardized Presentation)",0,0,
IMF_IFS,IMF_IFS_MFS_SRF_FAA,"Monetary, Central Bank, Assets",0,0,
IMF_IFS,IMF_IFS_MFS_SRF_FASAD,"Monetary, Central Bank Survey, Claims on Other Depository Corporations",0,0,
IMF_IFS,IMF_IFS_MFS_SRF_FASAF,"Monetary, Central Bank Survey, Net Foreign Assets, Claims on Non-residents",0,0,
IMF_IFS,IMF_IFS_MFS_SRF_FASAFOIL,"Monetary, Central Bank Survey, Net Foreign Assets, Claims on Non-residents, Other Foreign Assets, International Liquidity",0,0,
IMF_IFS,IMF_IFS_MFS_SRF_FASAOF,"Monetary, Central Bank Survey, Claims on Other Sectors, Claims on Other Financial Corporations",0,0,
IMF_IFS,IMF_IFS_MFS_SRF_FASAOP,"Monetary, Central Bank Survey, Claims on Other Sectors, Claims on Private Sector",0,0,
IMF_IFS,IMF_IFS_MFS_SRF_FASAOS,"Monetary, Central Bank Survey, Claims on Other Sectors, Claims on State and Local Government",0,0,
IMF_IFS,IMF_IFS_MFS_SRF_FASDS,"Monetary, Central Bank Survey, Deposits and Securities other than Shares Excluded from Monetary Base",0,0,
IMF_IFS,IMF_IFS_MFS_SRF_FASDSB,"Monetary, Central Bank Survey, Deposits and Securities other than Shares Excluded from Monetary Base, Deposits Included In Broad Money",0,0,
IMF_IFS,IMF_IFS_MFS_SRF_FASDSD,"Monetary, Central Bank Survey, Deposits and Securities other than Shares Excluded from Monetary Base, Deposits Excluded from Broad Money",0,0,
IMF_IFS,IMF_IFS_MFS_SRF_FASDSO,"Monetary, Central Bank Survey, Deposits and Securities other than Shares Excluded from Monetary Base, Securities other than Shares Excluded from Broad Money",0,0,
IMF_IFS,IMF_IFS_MFS_SRF_FASDSS,"Monetary, Central Bank Survey, Deposits and Securities other than Shares Excluded from Monetary Base, Securities other than Shares Included In Broad Money",0,0,
IMF_IFS,IMF_IFS_MFS_SRF_FASF,"Monetary, Central Bank Survey, Net Foreign Assets",0,0,
IMF_IFS,IMF_IFS_MFS_SRF_FASL,"Monetary, Central Bank Survey, Loans",0,0,
IMF_IFS,IMF_IFS_MFS_SRF_FASLD,"Monetary, Central Bank Survey, Other Liabilities To Other Depository Corporations",0,0,
IMF_IFS,IMF_IFS_MFS_SRF_FASLF,"Monetary, Central Bank Survey, Net Foreign Assets, Liabilities To Non-residents",0,0,
IMF_IFS,IMF_IFS_MFS_SRF_FASLFOIL,"Monetary, Central Bank Survey, Net Foreign Assets, Liabilities To Non-residents, Other Foreign Liabilities, International Liquidity",0,0,
IMF_IFS,IMF_IFS_MFS_SRF_FASLG,"Monetary, Central Bank Survey, Net Claims on Central Government, Liabilities To Central Government",0,0,
IMF_IFS,IMF_IFS_MFS_SRF_FASMBC,"Monetary, Central Bank Survey, Monetary Base, Currency In Circulation",0,0,
IMF_IFS,IMF_IFS_MFS_SRF_FASMBLD,"Monetary, Central Bank Survey, Monetary Base, Liabilities To Other Depository Corporations",0,0,
IMF_IFS,IMF_IFS_MFS_SRF_FASMBLO,"Monetary, Central Bank Survey, Monetary Base, Liabilities To Other Sectors",0,0,
IMF_IFS,IMF_IFS_MFS_SRF_FASO,"Monetary, Central Bank Survey, Other Items (Net)",0,0,
IMF_IFS,IMF_IFS_MFS_SRF_FDSAD,"Monetary, Depository Corporations Survey, Domestic Claims (refers to the Depository Corporations)",0,0,
IMF_IFS,IMF_IFS_MFS_SRF_FDSADG,"Monetary, Depository Corporations Survey, Domestic Claims, Net Claims on Central Government, Claims on Central Government (refers to the Depository Corporations)",0,0,
IMF_IFS,IMF_IFS_MFS_SRF_FDSAF,"Monetary, Depository Corporations Survey, Net Foreign Assets, Claims on Non-residents (refers to the Depository Corporations)",0,0,
IMF_IFS,IMF_IFS_MFS_SRF_FDSAO,"Monetary, Depository Corporations Survey, Domestic Claims, Claims on Other Sectors (refers to the Depository Corporations)",0,0,
IMF_IFS,IMF_IFS_MFS_SRF_FDSAOF,"Monetary, Depository Corporations Survey, Domestic Claims, Claims on Other Sectors, Claims on Other Financial Corporations (refers to the Depository Corporations)",0,0,
IMF_IFS,IMF_IFS_MFS_SRF_FDSAOG,"Monetary, Depository Corporations Survey, Domestic Claims, Claims on Other Sectors, Claims on State and Local Government (refers to the Depository Corporations)",0,0,
IMF_IFS,IMF_IFS_MFS_SRF_FDSAON,"Monetary, Depository Corporations Survey, Domestic Claims, Claims on Other Sectors, Claims on Public Non-financial Corporations (refers to the Depository Corporations)",0,0,
IMF_IFS,IMF_IFS_MFS_SRF_FDSAOP,"Monetary, Depository Corporations Survey, Domestic Claims, Claims on Other Sectors, Claims on Private Sector (refers to the Depository Corporations)",0,0,
IMF_IFS,IMF_IFS_MFS_SRF_FDSB,"Monetary, Depository Corporations Survey, Broad Money Liabilities (refers to the Depository Corporations)",0,0,
IMF_IFS,IMF_IFS_MFS_SRF_FDSBC,"Monetary, Depository Corporations Survey, Broad Money Liabilities, Currency Outside Depository Corporations (refers to the Depository Corporations)",0,0,
IMF_IFS,IMF_IFS_MFS_SRF_FDSBO,"Monetary, Depository Corporations Survey, Broad Money Liabilities, Other Deposits (refers to the Depository Corporations)",0,0,
IMF_IFS,IMF_IFS_MFS_SRF_FDSBR,"Depository Corporations Survey, Ratio of Monetary Base to Broad Money, Percent",0,0,
IMF_IFS,IMF_IFS_MFS_SRF_FDSBS,"Monetary, Depository Corporations Survey, Broad Money Liabilities, Securities other than Shares (refers to the Depository Corporations)",0,0,
IMF_IFS,IMF_IFS_MFS_SRF_FDSBT,"Monetary, Depository Corporations Survey, Broad Money Liabilities, Transferable Deposits (refers to the Depository Corporations)",0,0,
IMF_IFS,IMF_IFS_MFS_SRF_FDSDG,"Monetary, Depository Corporations Survey, Domestic Claims, Net Claims on Central Government (refers to the Depository Corporations)",0,0,
IMF_IFS,IMF_IFS_MFS_SRF_FDSDX,"Monetary, Depository Corporations Survey, Deposits Excluded from Broad Money (refers to the Depository Corporations)",0,0,
IMF_IFS,IMF_IFS_MFS_SRF_FDSE,"Monetary, Depository Corporations Survey, Shares and Other Equity (refers to the Depository Corporations)",0,0,
IMF_IFS,IMF_IFS_MFS_SRF_FDSF,"Monetary, Depository Corporations Survey, Net Foreign Assets (refers to the Depository Corporations)",0,0,
IMF_IFS,IMF_IFS_MFS_SRF_FDSFD,"Monetary, Depository Corporations Survey, Financial Derivatives (refers to the Depository Corporations)",0,0,
IMF_IFS,IMF_IFS_MFS_SRF_FDSLF,"Monetary, Depository Corporations Survey, Net Foreign Assets, Liabilities to Non-residents (refers to the Depository Corporations)",0,0,
IMF_IFS,IMF_IFS_NC,"National Accounts, GDP, Final Consumption Expenditure",0,0,
IMF_IFS,IMF_IFS_NCGG,"National Accounts, GDP, Final Consumption Expenditure, Public Sector (General Government and Public Corporations), General Government",0,0,
IMF_IFS,IMF_IFS_NCGGC,"National Accounts, GDP, Final Consumption Expenditure, Public Sector (General Government and Public Corporations), General Government, Collective",0,0,
IMF_IFS,IMF_IFS_NCGGI,"National Accounts, GDP, Final Consumption Expenditure, Public Sector (General Government and Public Corporations), General Government, Individual",0,0,
IMF_IFS,IMF_IFS_NCP,"National Accounts, GDP, Final Consumption Expenditure, Private Sector (Households and Non-profit Institutions Serving Households)",0,0,
IMF_IFS,IMF_IFS_NCPHI,"National Accounts, GDP, Final Consumption Expenditure, Private Sector (Households and Non-profit Institutions Serving Households), Households (Individual)",0,0,
IMF_IFS,IMF_IFS_NCPHN,"National Accounts, GDP, Final Consumption Expenditure, Private Sector (Households and Non-profit Institutions Serving Households), Non-profit Institutions Serving Households (NPISHs) (Individual)",0,0,
IMF_IFS,IMF_IFS_NFI,"National Accounts, GDP, Gross Capital Formation, Gross Fixed Capital Formation",0,0,
IMF_IFS,IMF_IFS_NGDP_D,"National Accounts, Gross Domestic Product, Deflator",0,0,
IMF_IFS,IMF_IFS_NI,"National Accounts, GDP, Gross Capital Formation",0,0,
IMF_IFS,IMF_IFS_NINVP,"National Accounts, GDP, Gross Capital Formation, Private Sector (Corporations, Households, and Non-profit Institutions Serving Households), Changes in Inventories",0,0,
IMF_IFS,IMF_IFS_NM,"National Accounts, GDP, External Balance of Goods and Services, Imports of Goods and Services",0,0,
IMF_IFS,IMF_IFS_NMG,"National Accounts, GDP, External Balance of Goods and Services, Imports of Goods and Services, Imports of Goods",0,0,
IMF_IFS,IMF_IFS_NMS,"National Accounts, GDP, External Balance of Goods and Services, Imports of Goods and Services, Imports of Services",0,0,
IMF_IFS,IMF_IFS_NNXGS,"National Accounts, GDP, External Balance of Goods and Services",0,0,
IMF_IFS,IMF_IFS_NSDGDP,"National Accounts, Memorandum Items, Statistical Discrepancy in Gross Domestic Product",0,0,
IMF_IFS,IMF_IFS_NX,"National Accounts, GDP, External Balance of Goods and Services, Exports of Goods and Services",0,0,
IMF_IFS,IMF_IFS_NXG,"National Accounts, GDP, External Balance of Goods and Services, Exports of Goods and Services, Exports of Goods",0,0,
IMF_IFS,IMF_IFS_NXS,"National Accounts, GDP, External Balance of Goods and Services, Exports of Goods and Services, Exports of Services",0,0,
IMF_IFS,IMF_IFS_RAFAGOLDNV,"International Reserves and Liquidity, Liquidity, Gold Holdings, National Valuation",0,0,
IMF_IFS,IMF_IFS_RAXGFX,"International Reserves and Liquidity, Liquidity, Total Reserves excluding Gold, Foreign Exchange",0,0,
IMF_IFS,IMF_IFS_TG,"External Trade, Goods, Value",0,0,
IMF_PCTOT,IMF_PCTOT_M,"Commodity Import Price Index, Individual Commodites Weighted by Ratio of Imports to Total Commodity Imports",0,0,
IMF_PCTOT,IMF_PCTOT_M_GDP,"Commodity Import Price Index, Individual Commodites Weighted by Ratio of Imports to GDP",0,0,
IMF_PCTOT,IMF_PCTOT_X,"Commodity Export Price Index, Individual Commodites Weighted by Ratio of Exports to Total Commodity Exports",0,0,
IMF_PCTOT,IMF_PCTOT_XM,"Commodity Net Export Price Index, Individual Commodities Weighted by Ratio of Net Exports to Total Commodity Trade",0,0,
IMF_PCTOT,IMF_PCTOT_XM_GDP,"Commodity Net Export Price Index, Individual Commodities Weighted by Ratio of Net Exports to GDP",0,0,
IMF_PCTOT,IMF_PCTOT_X_GDP,"Commodity Export Price Index, Individual Commodites Weighted by Ratio of Exports to GDP",0,0,
IMF_WEO,IMF_WEO_BCA,"Current account balance, U.S. dollars, Billions",1,1,exports/data360/nepal_summary/samples/IMF_WEO_IMF_WEO_BCA.json
IMF_WEO,IMF_WEO_BCA_NGDPD,"Current account balance, Percent of GDP",1,1,exports/data360/nepal_summary/samples/IMF_WEO_IMF_WEO_BCA_NGDPD.json
IMF_WEO,IMF_WEO_GGR,"General government revenue, National currency, Billions",1,1,exports/data360/nepal_summary/samples/IMF_WEO_IMF_WEO_GGR.json
IMF_WEO,IMF_WEO_GGR_NGDP,"General government revenue, Percent of GDP",1,1,exports/data360/nepal_summary/samples/IMF_WEO_IMF_WEO_GGR_NGDP.json
IMF_WEO,IMF_WEO_GGSB,"General government structural balance, National currency, Billions",0,0,
IMF_WEO,IMF_WEO_GGSB_NPGDP,"General government structural balance, Percent of potential GDP",0,0,
IMF_WEO,IMF_WEO_GGX,"General government total expenditure, National currency, Billions",1,1,exports/data360/nepal_summary/samples/IMF_WEO_IMF_WEO_GGX.json
IMF_WEO,IMF_WEO_GGXCNL,"General government net lending/borrowing, National currency, Billions",1,1,exports/data360/nepal_summary/samples/IMF_WEO_IMF_WEO_GGXCNL.json
IMF_WEO,IMF_WEO_GGXCNL_NGDP,"General government net lending/borrowing, Percent of GDP",1,1,exports/data360/nepal_summary/samples/IMF_WEO_IMF_WEO_GGXCNL_NGDP.json
IMF_WEO,IMF_WEO_GGXONLB_NGDP,"General government primary net lending/borrowing, Percent of GDP",1,1,exports/data360/nepal_summary/samples/IMF_WEO_IMF_WEO_GGXONLB_NGDP.json
IMF_WEO,IMF_WEO_GGXWDN,"General government net debt, National currency, Billions",0,0,
IMF_WEO,IMF_WEO_GGXWDN_NGDP,"General government net debt, Percent of GDP",0,0,
IMF_WEO,IMF_WEO_GGX_NGDP,"General government total expenditure, Percent of GDP",1,1,exports/data360/nepal_summary/samples/IMF_WEO_IMF_WEO_GGX_NGDP.json
IMF_WEO,IMF_WEO_LE,"Employment, Persons, Millions",0,0,
IMF_WEO,IMF_WEO_LP,"Population, Persons, Millions",1,1,exports/data360/nepal_summary/samples/IMF_WEO_IMF_WEO_LP.json
IMF_WEO,IMF_WEO_LUR,"Unemployment rate, Percent of total labor force",0,0,
IMF_WEO,IMF_WEO_NGAP_NPGDP,"Output gap in percent of potential GDP, Percent of potential GDP",0,0,
IMF_WEO,IMF_WEO_NGDP,"Gross domestic product, current prices, National currency, Billions",1,1,exports/data360/nepal_summary/samples/IMF_WEO_IMF_WEO_NGDP.json
IMF_WEO,IMF_WEO_NGDPD,"Gross domestic product, current prices, U.S. dollars, Billions",1,1,exports/data360/nepal_summary/samples/IMF_WEO_IMF_WEO_NGDPD.json
IMF_WEO,IMF_WEO_NGDPDPC,"Gross domestic product per capita, current prices, U.S. dollars, Units",1,1,exports/data360/nepal_summary/samples/IMF_WEO_IMF_WEO_NGDPDPC.json
IMF_WEO,IMF_WEO_NGDPPC,"Gross domestic product per capita, current prices, National currency, Units",1,1,exports/data360/nepal_summary/samples/IMF_WEO_IMF_WEO_NGDPPC.json
IMF_WEO,IMF_WEO_NGDPRPC,"Gross domestic product per capita, constant prices, National currency, Units",1,1,exports/data360/nepal_summary/samples/IMF_WEO_IMF_WEO_NGDPRPC.json
IMF_WEO,IMF_WEO_NGDPRPPPPC,"Gross domestic product per capita, constant prices, Purchasing power parity; 2017 international dollar, Units",1,1,exports/data360/nepal_summary/samples/IMF_WEO_IMF_WEO_NGDPRPPPPC.json
IMF_WEO,IMF_WEO_NGDP_D,"Gross domestic product, deflator, Index",1,1,exports/data360/nepal_summary/samples/IMF_WEO_IMF_WEO_NGDP_D.json
IMF_WEO,IMF_WEO_NGDP_FY,"Gross domestic product corresponding to fiscal year, current prices, National currency, Billions",1,1,exports/data360/nepal_summary/samples/IMF_WEO_IMF_WEO_NGDP_FY.json
IMF_WEO,IMF_WEO_NGDP_R,"Gross domestic product, constant prices, National currency, Billions",1,1,exports/data360/nepal_summary/samples/IMF_WEO_IMF_WEO_NGDP_R.json
IMF_WEO,IMF_WEO_NGDP_RPCH,"Gross domestic product, constant prices, Percent change",1,1,exports/data360/nepal_summary/samples/IMF_WEO_IMF_WEO_NGDP_RPCH.json
IMF_WEO,IMF_WEO_NGSD_NGDP,"Gross national savings, Percent of GDP",1,1,exports/data360/nepal_summary/samples/IMF_WEO_IMF_WEO_NGSD_NGDP.json
IMF_WEO,IMF_WEO_NID_NGDP,"Total investment, Percent of GDP",1,1,exports/data360/nepal_summary/samples/IMF_WEO_IMF_WEO_NID_NGDP.json
IMF_WEO,IMF_WEO_PCPI,"Inflation, average consumer prices, Index",1,1,exports/data360/nepal_summary/samples/IMF_WEO_IMF_WEO_PCPI.json
IMF_WEO,IMF_WEO_PCPIE,"Inflation, end of period consumer prices, Index",1,1,exports/data360/nepal_summary/samples/IMF_WEO_IMF_WEO_PCPIE.json
IMF_WEO,IMF_WEO_PCPIEPCH,"Inflation, end of period consumer prices, Percent change",1,1,exports/data360/nepal_summary/samples/IMF_WEO_IMF_WEO_PCPIEPCH.json
IMF_WEO,IMF_WEO_PCPIPCH,"Inflation, average consumer prices, Percent change",1,1,exports/data360/nepal_summary/samples/IMF_WEO_IMF_WEO_PCPIPCH.json
IMF_WEO,IMF_WEO_PPPPC,"Gross domestic product per capita, current prices, Purchasing power parity; international dollars, Units",1,1,exports/data360/nepal_summary/samples/IMF_WEO_IMF_WEO_PPPPC.json
IMF_WEO,IMF_WEO_PPPSH,"Gross domestic product based on purchasing-power-parity (PPP) share of world total, Percent",1,1,exports/data360/nepal_summary/samples/IMF_WEO_IMF_WEO_PPPSH.json
IMF_WEO,IMF_WEO_TM_RPCH,"Volume of imports of goods and services, Percent change",0,0,
IMF_WEO,IMF_WEO_TX_RPCH,"Volume of exports of goods and services, Percent change",0,0,
IMF_WORLD,IMF_WORLD_RTGSE_RM_GDP,Excise Tax Revenue in Percent of GDP,0,0,
IMF_WORLD,IMF_WORLD_RTGSGV_RM_GDP,VAT Revenue in Percent of GDP,0,0,
IMF_WORLD,IMF_WORLD_RTGSG_RM_GDP,General Goods and Services Tax Revenue in Percent of GDP,0,0,
IMF_WORLD,IMF_WORLD_RTGS_RM_GDP,Goods and Services Tax Revenue in Percent of GDP,0,0,
IMF_WORLD,IMF_WORLD_RTIC_RM_GDP,Corporate Income Tax Revenue in Percent of GDP,0,0,
IMF_WORLD,IMF_WORLD_RTII_RM_GDP,Individual Income Tax Revenue in Percent of GDP,0,0,
IMF_WORLD,IMF_WORLD_RTI_RM_GDP,Income Tax Revenue in Percent of GDP,0,0,
IMF_WORLD,IMF_WORLD_RTPAY_RM_GDP,Taxes on Payroll and Workforce Revenue in Percent of GDP,0,0,
IMF_WORLD,IMF_WORLD_RTP_RM_GDP,Property Tax Revenue in Percent of GDP,0,0,
IMF_WORLD,IMF_WORLD_RTT_RM_GDP,Trade Tax Revenue in Percent of GDP,0,0,
IMF_WORLD,IMF_WORLD_RT_RM_GDP,Tax Revenue in Percent of GDP,0,0,
IMF_WORLD,IMF_WORLD_R_RM_GDP,Total Revenue in Percent of GDP,0,0,
ITU_DH,ACT_MOB_SB,Active mobile-broadband subscriptions (ITU),0,0,
ITU_DH,INT_BAND_PER_PS,International bandwidth usage - per capita,0,0,
ITU_DH,INT_BAND_PER_USR,International bandwidth usage - per internet user,0,0,
ITU_DH,INT_CONN_BAND,International bandwidth usage,0,0,
ITU_DH,ITU_DH_ACT_MOB_PER_100,Active mobile-broadband subscriptions per 100 inhabitants (ITU),0,0,
ITU_DH,ITU_DH_COMP_INT_GTW,Competition in International Gateways (ITU),0,0,
ITU_DH,ITU_DH_COMP_INT_SER,Competition in Internet Services (ITU),0,0,
ITU_DH,ITU_DH_FIX_BR_SUB_PER_100,Fixed-broadband subscriptions per 100 inhabitants (ITU),0,0,
ITU_DH,ITU_DH_HH_COMP,Percentage of households with a computer (ITU),0,0,
ITU_DH,ITU_DH_HH_INT,Percentage of households with internet access at home (ITU),0,0,
ITU_DH,ITU_DH_HH_RAD,Percentage of households with a radio (ITU),0,0,
ITU_DH,ITU_DH_HH_TV,Percentage of households with TV (ITU),0,0,
ITU_DH,ITU_DH_INT_BAND_PER_CAP,International bandwidth usage - per capita,0,0,
ITU_DH,ITU_DH_INT_BAND_PER_INT_USR,International bandwidth usage - per internet user,0,0,
ITU_DH,ITU_DH_INT_CONN_BAND_CAP,Lit/equipped international bandwidth capacity,0,0,
ITU_DH,ITU_DH_INT_USER_PT,Percentage of individuals using the internet (ITU),0,0,
ITU_DH,ITU_DH_MOB_SUB_PER_100,Mobile-cellular subscriptions per 100 inhabitants (ITU),0,0,
ITU_DH,ITU_DH_POP_COV_2G,"Population coverage, at least 2G",0,0,
ITU_DH,ITU_DH_POP_COV_5G,"Population coverage, at least 5G",0,0,
ITU_DH,ITU_DH_PRI_DO_MOB,Price of data-only mobile broadband bundle (ITU),0,0,
ITU_DH,ITU_DH_PRI_FIX_BB_5G,Price of a fixed broadband basket 5GB (ITU),0,0,
ITU_DH,ITU_DH_PRI_HU_VD,Price of a high usage voice and data bundle (ITU),0,0,
ITU_DH,ITU_DH_PRI_LU_MOB,Price of a mobile-cellular basket low usage (ITU),0,0,
ITU_DH,ITU_DH_TRAF_FIX_BB,Fixed-broadband internet traffic,0,0,
ITU_DH,ITU_DH_TRAF_MOB_BB,Mobile-broadband internet traffic within the country,0,0,
ITU_DH,IT_BB_FIX_PSB,Fixed-broadband Internet traffic - per subscription,0,0,
ITU_DH,IT_BB_FIX_TRF,Fixed-broadband internet traffic,0,0,
ITU_DH,IT_BB_MOB_PSB,Mobile-broadband Internet traffic within the country - per subscription,0,0,
ITU_DH,IT_BB_MOB_TRF,Mobile-broadband internet traffic within the country,0,0,
ITU_DH,IT_CEL_SETS,Mobile-cellular subscriptions (ITU),0,0,
ITU_DH,IT_COMP_INT_GTW,Competition in International Gateways (ITU),0,0,
ITU_DH,IT_COMP_INT_SER,Competition in Internet Services (ITU),0,0,
ITU_DH,IT_HH_COMP,Percentage of households with a computer (ITU),0,0,
ITU_DH,IT_HH_INT,Percentage of households with internet access at home (ITU),0,0,
ITU_DH,IT_HH_RAD,Percentage of households with a radio (ITU),0,0,
ITU_DH,IT_HH_TV,Percentage of households with TV (ITU),0,0,
ITU_DH,IT_MLT_MAIN,Fixed-telephone subscriptions (ITU),0,0,
ITU_DH,IT_NET_BBND,Fixed-broadband subscriptions (ITU),0,0,
ITU_DH,IT_NET_USER,Percentage of individuals using the internet (ITU),0,0,
ITU_DH,MOB_COV_2G,"Population coverage, at least 2G",0,0,
ITU_DH,MOB_COV_3G,"Population coverage, at least 3G",0,0,
ITU_DH,MOB_COV_5G,"Population coverage, at least 5G",0,0,
ITU_DH,PRI_DO_MOB,Price of data-only mobile broadband bundle (ITU),1,0,exports/data360/nepal_summary/samples/ITU_DH_PRI_DO_MOB.json
ITU_DH,PRI_FIX_BB_5G,Price of a fixed broadband basket 5GB (ITU),1,0,exports/data360/nepal_summary/samples/ITU_DH_PRI_FIX_BB_5G.json
ITU_DH,PRI_HU_VD,Price of a high usage voice and data bundle (ITU),1,0,exports/data360/nepal_summary/samples/ITU_DH_PRI_HU_VD.json
ITU_DH,PRI_LU_MOB,Price of a mobile-cellular basket low usage (ITU),0,0,
ITU_DH,PRI_LU_VD,Price of a low usage voice and data bundle (ITU),1,0,exports/data360/nepal_summary/samples/ITU_DH_PRI_LU_VD.json
ITU_GCI,ITU_GCI_CDS_CYB_PROF_TRAIN,Training for Cybersecurity Professionals - CDS2 (ITU GCI),0,0,
ITU_GCI,ITU_GCI_CDS_GOV_MCNSM,Government Incentive Mechanisms - CDS6 (ITU GCI),0,0,
ITU_GCI,ITU_GCI_CDS_NAT_CYB_IND,National cybersecurity industry - CDS5 (ITU GCI),0,0,
ITU_GCI,ITU_GCI_CDS_PUB_CYB_AWE,Public cybersecurity awareness campaigns - CDS1 (ITU GCI),0,0,
ITU_GCI,ITU_GCI_CDS_RND_PROG,Research and development programs on cybersecurity -CDS4 (ITU GCI),0,0,
ITU_GCI,ITU_GCI_CDS_SCORE,Capacity Development Score - CDS (ITU GCI),0,0,
ITU_GCI,ITU_GCI_COOP_BLTRL_AGR,Bilateral agreements on cybersecurity cooperation with other countries - CS1 (ITU GCI),0,0,
ITU_GCI,ITU_GCI_COOP_CYB_MULT_AGR,Cybersecurity multilateral agreements -CS3 (ITU GCI),0,0,
ITU_GCI,ITU_GCI_COOP_GOV_INT_PART,Government participation in international mechanisms related to cybersecurity activities -CS2 (ITU GCI),0,0,
ITU_GCI,ITU_GCI_COOP_INTER_AGNCY,Inter-agency - CS5 (ITU GCI),0,0,
ITU_GCI,ITU_GCI_COOP_PPPS,Partnerships with the private sector - CS4 (ITU GCI),0,0,
ITU_GCI,ITU_GCI_COOP_SCORE,Cooperative Score - CS (ITU GCI),0,0,
ITU_GCI,ITU_GCI_GCI_OVRL_SCRE,Global Cybersecurity Index - Overall Score (ITU GCI),0,0,
ITU_GCI,ITU_GCI_LEGL_CBRCR_REG,Cybercrime Regulation - LS2 (ITU GCI),0,0,
ITU_GCI,ITU_GCI_LEGL_CBRCR_SUBS,Cybercrime substantive law - LS1 (ITU GCI),0,0,
ITU_GCI,ITU_GCI_LEGL_SCRE,Legal Score - LS (ITU GCI),0,0,
ITU_GCI,ITU_GCI_ORG_CYB_MET,Cybersecurity metrics - OS3 (ITU GCI),0,0,
ITU_GCI,ITU_GCI_ORG_NTNL_STR,National Cybersecurity Strategy - OS1 (ITU GCI),0,0,
ITU_GCI,ITU_GCI_ORG_RSP_AGNC,Responsible Agency - OS2 (ITU GCI),0,0,
ITU_GCI,ITU_GCI_ORG_SCORE,Organizational Score - OS (ITU GCI),0,0,
ITU_GCI,ITU_GCI_TECH_CHLD_PROT,Child Online Protection - TS4 (ITU GCI),0,0,
ITU_GCI,ITU_GCI_TECH_NTNL_FRMW,National framework for implementation of cybersecurity standards - TS3 (ITU GCI),0,0,
ITU_GCI,ITU_GCI_TECH_SCORE,Technical Score - TS (ITU GCI),0,0,
ITU_GCI,ITU_GCI_TECH_SECT_CCC,Sectorial CERT/CIRT/ CSIRT - TS2 (ITU GCI),0,0,
ITU_ICT,ITU_ICT_G5_DIG_DEV,Digital Development Score (ITU G5),0,0,
ITU_ICT,ITU_ICT_G5_NATL_COLAB,National Collaborative Governance Score (ITU G5),0,0,
ITU_ICT,ITU_ICT_G5_OVRL_SCR,Non-weighted Overall Score (ITU G5),0,0,
ITU_ICT,ITU_ICT_G5_PLCY_DSGN,Policy Design Principles Score (ITU G5),0,0,
ITU_ICT,ITU_ICT_REG_AUTH,Regulatory Authority Score (ITU Regulatory Tracker),0,0,
ITU_ICT,ITU_ICT_REG_CMP_FRMWK,Competition Framework Score (ITU Regulatory Tracker),0,0,
ITU_ICT,ITU_ICT_REG_MNDTE,Regulatory Mandate Score (ITU Regulatory Tracker),0,0,
ITU_ICT,ITU_ICT_REG_OVRL_SCR,ICT Regulatory Tracker - Overall Score (ITU Regulatory Tracker),0,0,
ITU_ICT,ITU_ICT_REG_RGME,Regulatory Regime Score (ITU Regulatory Tracker),0,0,
JRC_EDGAR,JRC_EDGAR_BC,Carbonaceous speciation emissions (BC),0,0,
JRC_EDGAR,JRC_EDGAR_CO,Carbon Monoxide emissions,0,0,
JRC_EDGAR,JRC_EDGAR_HG,Total mercury emissions,0,0,
JRC_EDGAR,JRC_EDGAR_NH3,Ammonia emissions,0,0,
JRC_EDGAR,JRC_EDGAR_NMVOC,Non-Methane Volatile Organic Compounds emissions,0,0,
JRC_EDGAR,JRC_EDGAR_NOX,Nitrogen Oxides emissions,0,0,
JRC_EDGAR,JRC_EDGAR_OC,Carbonaceous speciation emissions (OC),0,0,
JRC_EDGAR,JRC_EDGAR_PM10,Fine Particulate Matter emissions (PM 10),0,0,
JRC_EDGAR,JRC_EDGAR_PM2_5,Fine Particulate Matter emissions (PM 2.5),0,0,
JRC_EDGAR,JRC_EDGAR_SO2,Sulfur Dioxide emissions,0,0,
OECD_AI,OECD_AI_PUBS_TOT,Number of AI publications,1,0,exports/data360/nepal_summary/samples/OECD_AI_OECD_AI_PUBS_TOT.json
OOKLA_ST,OOKLA_ST_FIX_PER,Average Download Speed - Fixed Technologies,0,0,
OOKLA_ST,OOKLA_ST_MOB_PER,Average Download Speed - Mobile Technologies,0,0,
OWID_CB,OWID_CB_CEMENT_CO2,"Annual CO2 emissions from cement - Annual emissions of carbon dioxide (CO2) from cement, measured in million tonnes.",0,0,
OWID_CB,OWID_CB_CO2,"Annual CO2 emissions - Annual total emissions of carbon dioxide (CO2), excluding land-use change, measured in million tonnes.",0,0,
OWID_CB,OWID_CB_CO2_GROWTH_ABS,"Annual CO2 emissions growth (abs) - Annual growth in total emissions of carbon dioxide (CO2), excluding land-use change, measured in million tonnes.",0,0,
OWID_CB,OWID_CB_CO2_GROWTH_PRCT,"Annual CO2 emissions growth (%) - Annual percentage growth in total emissions of carbon dioxide (CO2), excluding land-use change.",0,0,
OWID_CB,OWID_CB_CO2_INCLUDING_LUC,"Annual CO2 emissions including land-use change - Annual total emissions of carbon dioxide (CO2), including land-use change, measured in million tonnes.",0,0,
OWID_CB,OWID_CB_CO2_INCLUDING_LUC_GROWTH_ABS,"Growth rate of emissions including land-use change - Annual growth in total emissions of carbon dioxide (CO2), including land-use change, measured in million tonnes.",0,0,
OWID_CB,OWID_CB_CO2_INCLUDING_LUC_GROWTH_PRCT,"Growth rate of emissions including land-use change (%) - Annual percentage growth in total emissions of carbon dioxide (CO2), including land-use change.",0,0,
OWID_CB,OWID_CB_CO2_INCLUDING_LUC_PER_GDP,"Annual CO2 emissions including land-use change per GDP - Annual total emissions of carbon dioxide (CO2), including land-use change, measured in kilograms per dollar of GDP (2011 international-$).",0,0,
OWID_CB,OWID_CB_CO2_INCLUDING_LUC_PER_UNIT_ENERGY,"Annual CO2 emissions including land-use change per unit energy - Annual total emissions of carbon dioxide (CO2), including land-use change, measured in kilograms per kilowatt-hour of primary energy consumption.",0,0,
OWID_CB,OWID_CB_CO2_PER_CAPITA,"Annual CO2 emissions (per capita) - Annual total emissions of carbon dioxide (CO2), excluding land-use change, measured in tonnes per person.",0,0,
OWID_CB,OWID_CB_CO2_PER_GDP,"Annual CO2 emissions per GDP (kg per international-$) - Annual total emissions of carbon dioxide (CO2), excluding land-use change, measured in kilograms per dollar of GDP (2011 international-$).",0,0,
OWID_CB,OWID_CB_COAL_CO2,"Annual CO2 emissions from coal - Annual emissions of carbon dioxide (CO2) from coal, measured in million tonnes.",0,0,
OWID_CB,OWID_CB_COAL_CO2_PER_CAPITA,"Annual CO2 emissions from coal (per capita) - Annual emissions of carbon dioxide (CO2) from coal, measured in tonnes per person.",0,0,
OWID_CB,OWID_CB_CONSUMPTION_CO2,"Annual consumption-based CO2 emissions - Annual consumption-based emissions of carbon dioxide (CO2), measured in million tonnes.",0,0,
OWID_CB,OWID_CB_CONSUMPTION_CO2_PER_CAPITA,"Per capita consumption-based CO2 emissions - Annual consumption-based emissions of carbon dioxide (CO2), measured in tonnes per person.",0,0,
OWID_CB,OWID_CB_CONSUMPTION_CO2_PER_GDP,"Annual consumption-based CO2 emissions per GDP (kg per international-$) - Annual consumption-based emissions of carbon dioxide (CO2), measured in kilograms per dollar of GDP (2011 international-$).",0,0,
OWID_CB,OWID_CB_CUMULATIVE_CEMENT_CO2,"Cumulative CO2 emissions from cement - Cumulative emissions of carbon dioxide (CO2) from cement since the first year of available data, measured in million tonnes.",0,0,
OWID_CB,OWID_CB_CUMULATIVE_CO2,"Cumulative CO2 emissions - Total cumulative emissions of carbon dioxide (CO2), excluding land-use change, since the first year of available data, measured in million tonnes.",0,0,
OWID_CB,OWID_CB_CUMULATIVE_CO2_INCLUDING_LUC,"Cumulative CO2 emissions including land-use change - Total cumulative emissions of carbon dioxide (CO2), including land-use change, since the first year of available data, measured in million tonnes.",0,0,
OWID_CB,OWID_CB_CUMULATIVE_COAL_CO2,"Cumulative CO2 emissions from coal - Cumulative emissions of carbon dioxide (CO2) from coal since the first year of available data, measured in million tonnes.",0,0,
OWID_CB,OWID_CB_CUMULATIVE_FLARING_CO2,"Cumulative CO2 emissions from flaring - Cumulative emissions of carbon dioxide (CO2) from flaring since the first year of available data, measured in million tonnes.",0,0,
OWID_CB,OWID_CB_CUMULATIVE_LUC_CO2,"Cumulative CO2 emissions from land-use change - Cumulative emissions of carbon dioxide (CO2) from land-use change since the first year of available data, measured in million tonnes.",0,0,
OWID_CB,OWID_CB_ENERGY_PER_CAPITA,Primary energy consumption per capita - Measured in kilowatt-hours per person.,0,0,
OWID_CB,OWID_CB_ENERGY_PER_GDP,Primary energy consumption per GDP - Measured in kilowatt-hours per international-$.,0,0,
OWID_CB,OWID_CB_FLARING_CO2,"Annual CO2 emissions from flaring - Annual emissions of carbon dioxide (CO2) from flaring, measured in million tonnes.",0,0,
OWID_CB,OWID_CB_GDP,GDP - Gross domestic product measured in international-$ using 2011 prices to adjust for price changes over time (inflation) and price differences between countries. Calculated by multiplying GDP per capita with population.,0,0,
OWID_CB,OWID_CB_GHG_EXCLUDING_LUCF_PER_CAPITA,Total greenhouse gas emissions per capita excluding land-use change and forestry - Emissions are measured in tonnes of carbon dioxide-equivalents per person.,0,0,
OWID_CB,OWID_CB_GHG_PER_CAPITA,Total greenhouse gas emissions per capita including land-use change and forestry - Emissions are measured in tonnes of carbon dioxide-equivalents per person.,0,0,
OWID_CB,OWID_CB_LAND_USE_CHANGE_CO2,"Annual CO2 emissions from land-use change - Annual emissions of carbon dioxide (CO2) from land-use change, measured in million tonnes.",0,0,
OWID_CB,OWID_CB_LAND_USE_CHANGE_CO2_PER_CAPITA,"Annual CO2 emissions from land-use change per capita - Annual emissions of carbon dioxide (CO2) from land-use change, measured in tonnes per person.",0,0,
OWID_CB,OWID_CB_METHANE,Total methane emissions including land-use change and forestry - Emissions are measured in million tonnes of carbon dioxide-equivalents.,0,0,
OWID_CB,OWID_CB_METHANE_PER_CAPITA,Total methane emissions per capita including land-use change and forestry - Emissions are measured in tonnes of carbon dioxide-equivalents per person.,0,0,
OWID_CB,OWID_CB_NITROUS_OXIDE,Total nitrous oxide emissions including land-use change and forestry - Emissions are measured in million tonnes of carbon dioxide-equivalents.,0,0,
OWID_CB,OWID_CB_NITROUS_OXIDE_PER_CAPITA,Total nitrous oxide emissions per capita including land-use change and forestry - Emissions are measured in tonnes of carbon dioxide-equivalents per person.,0,0,
OWID_CB,OWID_CB_OIL_CO2,"Annual CO2 emissions from oil - Annual emissions of carbon dioxide (CO2) from oil, measured in million tonnes.",0,0,
OWID_CB,OWID_CB_POPULATION,"Population - Population by country, available from 10,000 BCE to 2100, based on data and estimates from different sources.",0,0,
OWID_CB,OWID_CB_PRIMARY_ENERGY_CONSUMPTION,Primary energy consumption - Measured in terawatt-hours.,0,0,
OWID_CB,OWID_CB_SHARE_GLOBAL_CEMENT_CO2,"Share of global annual CO2 emissions from cement - Annual emissions of carbon dioxide (CO2) from cement, measured as a percentage of global emissions of CO2 from cement in the same year.",0,0,
OWID_CB,OWID_CB_SHARE_GLOBAL_CO2,"Share of global annual CO2 emissions - Annual total emissions of carbon dioxide (CO2), excluding land-use change, measured as a percentage of global emissions of CO2 in the same year.",0,0,
OWID_CB,OWID_CB_SHARE_GLOBAL_CO2_INCLUDING_LUC,"Share of global annual CO2 emissions including land-use change - Annual total emissions of carbon dioxide (CO2), including land-use change, measured as a percentage of global total emissions of CO2 in the same year.",0,0,
OWID_CB,OWID_CB_SHARE_GLOBAL_COAL_CO2,"Share of global annual CO2 emissions from coal - Annual emissions of carbon dioxide (CO2) from coal, measured as a percentage of global emissions of CO2 from coal in the same year.",0,0,
OWID_CB,OWID_CB_SHARE_GLOBAL_CUMULATIVE_CO2,"Share of global cumulative CO2 emissions - Total cumulative emissions of carbon dioxide (CO2), excluding land-use change, since the first year of available data, measured as a percentage of global total cumulative emissions of CO2.",0,0,
OWID_CB,OWID_CB_SHARE_GLOBAL_CUMULATIVE_CO2_INCLUDING_LUC,"Share of global cumulative CO2 emissions including land-use change - Total cumulative emissions of carbon dioxide (CO2), including land-use change, since the first year of available data, measured as a percentage of global total cumulative emissions of CO2 (including land-use change).",0,0,
OWID_CB,OWID_CB_SHARE_GLOBAL_CUMULATIVE_COAL_CO2,"Share of global cumulative CO2 emissions from coal - Cumulative emissions of carbon dioxide (CO2) from coal since the first year of available data, measured as a percentage of global cumulative emissions of CO2 from coal.",0,0,
OWID_CB,OWID_CB_SHARE_GLOBAL_CUMULATIVE_FLARING_CO2,"Share of global cumulative CO2 emissions from flaring - Cumulative emissions of carbon dioxide (CO2) from flaring since the first year of available data, measured as a percentage of global cumulative emissions of CO2 from flaring.",0,0,
OWID_CB,OWID_CB_SHARE_GLOBAL_CUMULATIVE_LUC_CO2,"Share of global cumulative CO2 emissions from land-use change - Cumulative emissions of carbon dioxide (CO2) from land-use change since the first year of available data, measured as a percentage of global cumulative emissions of CO2 from land-use change.",0,0,
OWID_CB,OWID_CB_SHARE_GLOBAL_CUMULATIVE_OIL_CO2,"Share of global cumulative CO2 emissions from oil - Cumulative emissions of carbon dioxide (CO2) from oil since the first year of available data, measured as a percentage of global cumulative emissions of CO2 from oil.",0,0,
OWID_CB,OWID_CB_SHARE_GLOBAL_FLARING_CO2,"Share of global annual CO2 emissions from flaring - Annual emissions of carbon dioxide (CO2) from flaring, measured as a percentage of global emissions of CO2 from flaring in the same year.",0,0,
OWID_CB,OWID_CB_SHARE_GLOBAL_LUC_CO2,"Share of global annual CO2 emissions from land-use change - Annual emissions of carbon dioxide (CO2) from land-use change, measured as a percentage of global emissions of CO2 from land-use change in the same year.",0,0,
OWID_CB,OWID_CB_SHARE_GLOBAL_OIL_CO2,"Share of global annual CO2 emissions from oil - Annual emissions of carbon dioxide (CO2) from oil, measured as a percentage of global emissions of CO2 from oil in the same year.",0,0,
OWID_CB,OWID_CB_SHARE_OF_TEMPERATURE_CHANGE_FROM_GHG,Share of contribution to global warming - Measured as a percentage of the world's temperature change.,0,0,
OWID_CB,OWID_CB_TEMPERATURE_CHANGE_FROM_GHG,Change in global mean surface temperature caused by greenhouse gas emissions - Measured in °C.,0,0,
OWID_CB,OWID_CB_TEMPERATURE_CHANGE_FROM_N2O,Change in global mean surface temperature caused by nitrous oxide emissions - Measured in °C.,0,0,
OWID_CB,OWID_CB_TOTAL_GHG,Total greenhouse gas emissions including land-use change and forestry - Emissions are measured in million tonnes of carbon dioxide-equivalents.,0,0,
OWID_CB,OWID_CB_TOTAL_GHG_EXCLUDING_LUCF,Total greenhouse gas emissions excluding land-use change and forestry - Emissions are measured in million tonnes of carbon dioxide-equivalents.,0,0,
OWID_CB,OWID_CB_TRADE_CO2,"Annual CO2 emissions embedded in trade - Annual net carbon dioxide (CO2) emissions embedded in trade, measured in million tonnes.",0,0,
OWID_CB,OWID_CB_TRADE_CO2_SHARE,"Share of annual CO2 emissions embedded in trade - Annual net carbon dioxide (CO2) emissions embedded in trade, measured as a percentage of emissions of CO2.",0,0,
PCH_IXP,PCH_IXP_NUM,Number of IXPs (PCH),0,0,
PEERING_DB,PEERING_DB_CONN_DATA_CENT,Number of connected data centers (PeeringDB),0,0,
POLITY5_PRC,POLITY5_PRC_AUTOC,Polity database: Institutionalized Autocracy Index,0,0,
POLITY5_PRC,POLITY5_PRC_DEMOC,Polity database: Institutionalized Democracy Index,0,0,
POLITY5_PRC,POLITY5_PRC_DURABLE,Polity database: Regime Durability Index,0,0,
POLITY5_PRC,POLITY5_PRC_EXCONST,Polity database: Executive Constraints Concept,0,0,
POLITY5_PRC,POLITY5_PRC_EXREC,Polity database: Executive Recruitment Concept,0,0,
POLITY5_PRC,POLITY5_PRC_PARCOMP,Polity database: The Competitiveness of Participation,0,0,
POLITY5_PRC,POLITY5_PRC_PARREG,Polity database: Regulation of Participation,0,0,
POLITY5_PRC,POLITY5_PRC_POLCOMP,Polity database: Political Competition Concept,0,0,
POLITY5_PRC,POLITY5_PRC_POLITY2,Polity database: Revised Combined Polity Score (p5),0,0,
POLITY5_PRC,POLITY5_PRC_XCONST,Polity database: Executive Constraints (Decision Rules),0,0,
POLITY5_PRC,POLITY5_PRC_XRCOMP,Polity database: Competitiveness of Executive Recruitment,0,0,
POLITY5_PRC,POLITY5_PRC_XROPEN,Polity database: Openness of Executive Recruitment,0,0,
POLITY5_PRC,POLITY5_PRC_XRREG,Polity database: Regulation of Chief Executive Recruitment,0,0,
RWB_PFI,RWB_PFI_ECONOMIC_CONTEXT,Press Freedom Index: Economic context,1,0,exports/data360/nepal_summary/samples/RWB_PFI_RWB_PFI_ECONOMIC_CONTEXT.json
RWB_PFI,RWB_PFI_LEGAL_CONTEXT,Press Freedom Index: Legal framework,1,0,exports/data360/nepal_summary/samples/RWB_PFI_RWB_PFI_LEGAL_CONTEXT.json
RWB_PFI,RWB_PFI_POLITICAL_CONTEXT,Press Freedom Index: Political context,1,0,exports/data360/nepal_summary/samples/RWB_PFI_RWB_PFI_POLITICAL_CONTEXT.json
RWB_PFI,RWB_PFI_RANK,Press Freedom Index Rank,1,0,exports/data360/nepal_summary/samples/RWB_PFI_RWB_PFI_RANK.json
RWB_PFI,RWB_PFI_RANK_ECO,Press Freedom Index: Economic context rank,1,0,exports/data360/nepal_summary/samples/RWB_PFI_RWB_PFI_RANK_ECO.json
RWB_PFI,RWB_PFI_RANK_LEG,Press Freedom Index: Legal framework rank,1,0,exports/data360/nepal_summary/samples/RWB_PFI_RWB_PFI_RANK_LEG.json
RWB_PFI,RWB_PFI_RANK_SAF,Press Freedom Index: Safety rank,1,0,exports/data360/nepal_summary/samples/RWB_PFI_RWB_PFI_RANK_SAF.json
RWB_PFI,RWB_PFI_RANK_SOC,Press Freedom Index: Sociocultural context rank,1,0,exports/data360/nepal_summary/samples/RWB_PFI_RWB_PFI_RANK_SOC.json
RWB_PFI,RWB_PFI_SAFETY,Press Freedom Index: Safety,1,0,exports/data360/nepal_summary/samples/RWB_PFI_RWB_PFI_SAFETY.json
RWB_PFI,RWB_PFI_SCORE,Press Freedom Index Score,1,0,exports/data360/nepal_summary/samples/RWB_PFI_RWB_PFI_SCORE.json
RWB_PFI,RWB_PFI_SOCIAL_CONTEXT,Press Freedom Index: Sociocultural context,1,0,exports/data360/nepal_summary/samples/RWB_PFI_RWB_PFI_SOCIAL_CONTEXT.json
T500_TL,T500_TL_SPR_CMPS,Number of Top 500 supercomputers,1,0,exports/data360/nepal_summary/samples/T500_TL_T500_TL_SPR_CMPS.json
UNCTAD_DE,UNCTAD_DE_DIG_SERVTRADE_ANN_IMP,International imports in digitally-deliverable services,0,0,
UNCTAD_MT,UNCTAD_MT_TRANSPORT_EXPORTS,Exports by main service - Transport,0,0,
UNCTAD_MT,UNCTAD_MT_TRANSPORT_IMPORTS,Imports by main service - Transport,0,0,
UNDRR_SFM,UNDRR_SFM_A1,A-1: Deaths and missing persons attributed to disasters,0,0,
UNDRR_SFM,UNDRR_SFM_B1,B-1: Directly affected people attributed to disasters,0,0,
UNDRR_SFM,UNDRR_SFM_B2,B-2: Number of injured or ill people attributed to disasters,0,0,
UNDRR_SFM,UNDRR_SFM_B3,B-3: Damaged dwellings attributed to disasters,0,0,
UNDRR_SFM,UNDRR_SFM_B4,B-4: Destroyed dwellings attributed to disasters,0,0,
UNDRR_SFM,UNDRR_SFM_B5,"B-5: People whose livelihoods were disrupted or destroyed, attributed to disasters",0,0,
UNDRR_SFM,UNDRR_SFM_C1,C-1: Direct economic loss attributed to disasters in relation to global gross domestic product,0,0,
UNDRR_SFM,UNDRR_SFM_C2,C-2: Direct agricultural loss attributed to disasters,0,0,
UNDRR_SFM,UNDRR_SFM_C3,C-3: Direct economic loss to all other damaged or destroyed productive assets attributed to disasters.,0,0,
UNDRR_SFM,UNDRR_SFM_C4,C-4: Direct economic loss in the housing sector attributed to disasters.,0,0,
UNDRR_SFM,UNDRR_SFM_C5,C-5: Direct economic loss resulting from damaged or destroyed critical infrastructure attributed to disasters.,0,0,
UNDRR_SFM,UNDRR_SFM_C6,C-6: Direct economic loss to cultural heritage damaged or destroyed attributed to disasters,0,0,
UNDRR_SFM,UNDRR_SFM_D1,D-1: Damage to critical infrastructure attributed to disasters,0,0,
UNDRR_SFM,UNDRR_SFM_D2,D-2: Destroyed or damaged health facilities attributed to disasters',0,0,
UNDRR_SFM,UNDRR_SFM_D3,D-3: Destroyed or damaged educational facilities attributed to disasters,0,0,
UNDRR_SFM,UNDRR_SFM_D4,D-4: Destroyed or damaged critical infrastructure units and facilities attributed to disasters,0,0,
UNDRR_SFM,UNDRR_SFM_D5,D-5: Disruptions to basic services attributed to disasters (compound indicator),0,0,
UNDRR_SFM,UNDRR_SFM_D6,D-6: Disruptions to educational services attributed to disasters,0,0,
UNDRR_SFM,UNDRR_SFM_D7,D-7: Disruptions to health services attributed to disasters,0,0,
UNDRR_SFM,UNDRR_SFM_D8,D-8: Disruptions to basic services attributed to disasters,0,0,
UNDRR_SFM,UNDRR_SFM_E1,E1: National average score for the adoption and implementation of national disaster risk reduction strategies in line with the Sendai Framework for Disaster Risk Reduction 2015-2030,0,0,
UNDRR_SFM,UNDRR_SFM_E2,E2: Local governments that have adopted and implemented local disaster risk reduction strategies in line with national strategies,0,0,
UNDRR_SFM,UNDRR_SFM_F1,"F1: Total official international support (official development assistance (ODA) plus other official flows), for national disaster risk reduction actions",0,0,
UNDRR_SFM,UNDRR_SFM_G1,G1: Countries that have multi-hazard early warning systems,0,0,
UNDRR_SFM,UNDRR_SFM_G2,G-2: Countries that have multi-hazard monitoring and forecasting systems,0,0,
UNDRR_SFM,UNDRR_SFM_G4,G4: Local governments having a plan to act on early warnings,0,0,
UNDRR_SFM,UNDRR_SFM_G5,"G5: Countries that have accessible, understandable, usable and relevant disaster risk information and assessment available to the people at the national and local levels",0,0,
UND_NDGAIN,NDGAIN_ECONOMIC,ND-GAIN Index: Economic Readiness,0,0,
UND_NDGAIN,NDGAIN_ECOSYSTEMS,ND-GAIN Index: Ecosystem Services Vulnerability,0,0,
UND_NDGAIN,NDGAIN_EXPOSURE,ND-GAIN Index: Exposure Vulnerability,0,0,
UND_NDGAIN,NDGAIN_FOOD,ND-GAIN Index: Food Vulnerability,0,0,
UND_NDGAIN,NDGAIN_GOVERNANCE,ND-GAIN Index: Governance Readiness,0,0,
UND_NDGAIN,NDGAIN_HABITAT,ND-GAIN Index: Human Habitat Vulnerability,0,0,
UND_NDGAIN,NDGAIN_HEALTH,ND-GAIN Index: Health Vulnerability,0,0,
UND_NDGAIN,NDGAIN_ID_ECOS_01,ND-GAIN Index: Projected change of biome distribution,0,0,
UND_NDGAIN,NDGAIN_ID_ECOS_02,ND-GAIN Index: Projected change of marine biodiversity,0,0,
UND_NDGAIN,NDGAIN_ID_ECOS_03,ND-GAIN Index: Natural capital dependency,0,0,
UND_NDGAIN,NDGAIN_ID_ECOS_04,ND-GAIN Index: Ecological Footprint,0,0,
UND_NDGAIN,NDGAIN_ID_ECOS_06,ND-GAIN Index: Engagement in international environmental conventions,0,0,
UND_NDGAIN,NDGAIN_INFRASTRUCTURE,ND-GAIN Index: Infrastructure Vulnerability,0,0,
UND_NDGAIN,NDGAIN_OVRL,Notre Dame Global Adaptation Initiative (ND-GAIN) Index: Overall score,0,0,
UND_NDGAIN,NDGAIN_READINESS,ND-GAIN Index: Readiness Index,0,0,
UND_NDGAIN,NDGAIN_SOCIAL,ND-GAIN Index: Social Readiness,0,0,
UND_NDGAIN,NDGAIN_VULNERABILITY,ND-GAIN Index: Vulnerability Index,0,0,
UND_NDGAIN,NDGAIN_WATER,ND-GAIN Index: Water Vulnerability,0,0,
UNICEF_DW,UNICEF_DW_FD_STUNTING,Moderate and severe stunting (Functional difficulties),0,0,
UNICEF_DW,UNICEF_DW_FD_UNDERWEIGHT,Moderate and severe underweight (Functional difficulties),0,0,
UNICEF_DW,UNICEF_DW_NT_ANT_BAZ_AVG,Mean BMI-for-age,0,0,
UNICEF_DW,UNICEF_DW_NT_ANT_BAZ_NE1,BMI-for-age <-1 SD,0,0,
UNICEF_DW,UNICEF_DW_NT_ANT_BAZ_NE3,BMI-for-age <-3 SD,0,0,
UNICEF_DW,UNICEF_DW_NT_ANT_BAZ_PO1,BMI-for-age >+1 SD,0,0,
UNICEF_DW,UNICEF_DW_NT_ANT_BAZ_PO2,BMI-for-age >+2 SD,0,0,
UNICEF_DW,UNICEF_DW_NT_ANT_BAZ_PO3,BMI-for-age >+3 SD,0,0,
UNICEF_DW,UNICEF_DW_NT_ANT_BAZ_SD,BMI-for-age (Standard Deviation),0,0,
UNICEF_DW,UNICEF_DW_NT_ANT_COMB,"Wasted, Overweight or Stunted",0,0,
UNICEF_DW,UNICEF_DW_NT_ANT_WHZ_NE2,Percentage of children under 5 who are affected by moderate and severe wasting,0,0,
UNICEF_DW,UNICEF_DW_NT_IOD_ANY_TH,Iodized salt consumption (>0 ppm) among all tested households,0,0,
UNICEF_DW,UNICEF_DW_NT_IOD_ANY_TS,Iodized salt consumption (>0 ppm) among all tested households with salt,0,0,
UNSD_EI,UNSD_EI_CLDS_OCC,Climatological disasters occurrences,0,0,
UNSD_EI,UNSD_EI_CLDS_PS_AFC,Persons affected due to climatological disasters,0,0,
UNSD_EI,UNSD_EI_CLDS_TL_DTH,Total deaths due to climatological disasters,0,0,
UNSD_EI,UNSD_EI_EWAST_COL,Total electronic waste (all items of electrical and electronic equipment (EEE) collected (1000 Tonnes),0,0,
UNSD_EI,UNSD_EI_HLDS_OCC,Hydrological disasters occurrences,0,0,
UNSD_EI,UNSD_EI_HLDS_PS_AFC,Persons affected due to hydrological disasters,0,0,
UNSD_EI,UNSD_EI_HLDS_TL_DTH,Total deaths due to hydrological disasters,0,0,
UNSD_EI,UNSD_EI_NOX_EMS,NOx Emissions (1000 Tonnes),0,0,
UNSD_EI,UNSD_EI_NOX_EMS_PC,NOx Emissions Per Capita,0,0,
UNSD_EI,UNSD_EI_SO2_EMS,SO2 Emissions (1000 Tonnes),0,0,
UNSD_EI,UNSD_EI_SO2_EMS_PC,SO2 Emissions Per Capita,0,0,
UN_EGDI,UN_EGDI_EGDI,E-Gov Development Index (UN EGDI) - Overall score,0,0,
UN_EGDI,UN_EGDI_HCI,E-Gov Development Index (UN EGDI) - Human Capital Index,0,0,
UN_EGDI,UN_EGDI_OSI,E-Gov Development Index (UN EGDI) - Online Services Index,0,0,
UN_EGDI,UN_EGDI_TTI,E-Gov Development Index (UN EGDI) -Telecommunication Infrastructure Index,0,0,
UN_SDG,UN_SDG_AG_PRD_ORTIND,2.a.1 The agriculture orientation index for government expenditures,0,0,
UN_SDG,UN_SDG_DC_TOF_AGRL,2.a.2 Total official flows (official development assistance plus other official flows) to the agriculture sector,0,0,
UN_SDG,UN_SDG_ER_RSK_LBREDS,2.5.2 Proportion of local breeds classified as being at risk of extinction,1,0,exports/data360/nepal_summary/samples/UN_SDG_UN_SDG_ER_RSK_LBREDS.json
UN_SDG,UN_SDG_SH_STA_MAL,"2.2.2 Prevalence of malnutrition (weight for height >+2 or <-2 standard deviation from the median of the WHO Child Growth Standards) among children under 5 years of age, by type (wasting and overweight)",0,0,
UN_SDG,UN_SDG_SN_ITK_DEFC,2.1.1 Prevalence of undernourishment,0,0,
UN_SDG,UN_SDG_SP_ROD_R2KM,9.1.1 Proportion of the rural population who live within 2 km of an all-season road,0,0,
VDEM_CORE,VDEM_CORE_V2XCA_ACADEM,Academic Freedom Index,0,0,
VDEM_CORE,VDEM_CORE_V2XCL_ACJST,Access to justice,0,0,
VDEM_CORE,VDEM_CORE_V2XCL_DISC,Freedom of discussion,0,0,
VDEM_CORE,VDEM_CORE_V2XCL_DMOVE,Freedom of domestic movement,0,0,
VDEM_CORE,VDEM_CORE_V2XCL_PRPTY,Property rights,0,0,
VDEM_CORE,VDEM_CORE_V2XCL_ROL,Equality before the law and individual liberty index,0,0,
VDEM_CORE,VDEM_CORE_V2XCL_SLAVE,Freedom from forced labor,0,0,
VDEM_CORE,VDEM_CORE_V2XCS_CCSI,Core civil society index,0,0,
VDEM_CORE,VDEM_CORE_V2XDD_CIC,Citizen-initiated component of direct popular vote index,0,0,
VDEM_CORE,VDEM_CORE_V2XDD_DD,Direct popular vote index,0,0,
VDEM_CORE,VDEM_CORE_V2XDD_I_CI,Popular initiative index,0,0,
VDEM_CORE,VDEM_CORE_V2XDD_I_OR,Obligatory referendum index,0,0,
VDEM_CORE,VDEM_CORE_V2XDD_I_PL,Plebiscite index,0,0,
VDEM_CORE,VDEM_CORE_V2XDD_I_RF,Popular referendum index,0,0,
VDEM_CORE,VDEM_CORE_V2XDD_TOC,Top-Down component of direct popular vote index,0,0,
VDEM_CORE,VDEM_CORE_V2XDL_DELIB,Deliberative component index,0,0,
VDEM_CORE,VDEM_CORE_V2XEG_EQACCESS,Equal access index,0,0,
VDEM_CORE,VDEM_CORE_V2XEG_EQDR,Equal distribution of resources index,0,0,
VDEM_CORE,VDEM_CORE_V2XEG_EQPROTEC,Equal protection index,0,0,
VDEM_CORE,VDEM_CORE_V2XEL_ELECPARL,Legislative or constituent assembly election,0,0,
VDEM_CORE,VDEM_CORE_V2XEL_ELECPRES,Presidential election,0,0,
VDEM_CORE,VDEM_CORE_V2XEL_FREFAIR,Clean elections index,0,0,
VDEM_CORE,VDEM_CORE_V2XEL_LOCELEC,Local government index,0,0,
VDEM_CORE,VDEM_CORE_V2XEL_REGELEC,Regional government index,0,0,
VDEM_CORE,VDEM_CORE_V2XEX_ELECLEG,Legislature directly elected,0,0,
VDEM_CORE,VDEM_CORE_V2XLG_LEGCON,Legislative constraints on the executive index,0,0,
VDEM_CORE,VDEM_CORE_V2XLG_LEGINTER,Legislature closed down or aborted,0,0,
VDEM_CORE,VDEM_CORE_V2XME_ALTINF,Alternative sources of information index,0,0,
VDEM_CORE,VDEM_CORE_V2XNP_CLIENT,Clientelism Index,0,0,
VDEM_CORE,VDEM_CORE_V2XNP_PRES,Presidentialism Index,0,0,
VDEM_CORE,VDEM_CORE_V2XPE_EXLGENDER,Exclusion by Gender index,0,0,
VDEM_CORE,VDEM_CORE_V2XPE_EXLGEO,Exclusion by Urban-Rural Location index,0,0,
VDEM_CORE,VDEM_CORE_V2XPE_EXLSOCGR,Exclusion by Social Group index,0,0,
VDEM_CORE,VDEM_CORE_V2XPS_PARTY,Party institutionalization index,0,0,
VDEM_CORE,VDEM_CORE_V2X_CLPHY,Physical violence index,0,0,
VDEM_CORE,VDEM_CORE_V2X_CLPOL,Political civil liberties index,0,0,
VDEM_CORE,VDEM_CORE_V2X_CLPRIV,Private civil liberties index,0,0,
VDEM_CORE,VDEM_CORE_V2X_CSPART,Civil society participation index,0,0,
VDEM_CORE,VDEM_CORE_V2X_DELIBDEM,Deliberative democracy index,0,0,
VDEM_CORE,VDEM_CORE_V2X_DIAGACC,Diagonal accountability index,0,0,
VDEM_CORE,VDEM_CORE_V2X_DIVPARCTRL,Divided party control index,0,0,
VDEM_CORE,VDEM_CORE_V2X_EDCOMP_THICK,Electoral component index,0,0,
VDEM_CORE,VDEM_CORE_V2X_EGALDEM,Egalitarian democracy index,0,0,
VDEM_CORE,VDEM_CORE_V2X_ELECOFF,Elected officials index,0,0,
VDEM_CORE,VDEM_CORE_V2X_EXECORR,Executive corruption index,0,0,
VDEM_CORE,VDEM_CORE_V2X_EX_CONFIDENCE,Confidence dimension index,0,0,
VDEM_CORE,VDEM_CORE_V2X_EX_DIRELECT,Direct election dimension index,0,0,
VDEM_CORE,VDEM_CORE_V2X_EX_HEREDITARY,Hereditary dimension index,0,0,
VDEM_CORE,VDEM_CORE_V2X_EX_PARTY,Ruling party dimension index,0,0,
VDEM_CORE,VDEM_CORE_V2X_FEDUNI,Division of power index,0,0,
VDEM_CORE,VDEM_CORE_V2X_FRASSOC_THICK,Freedom of association thick index,0,0,
VDEM_CORE,VDEM_CORE_V2X_FREEXP,Freedom of expression index,0,0,
VDEM_CORE,VDEM_CORE_V2X_GENCS,Women civil society participation index,0,0,
VDEM_CORE,VDEM_CORE_V2X_GENDER,Women political empowerment index,0,0,
VDEM_CORE,VDEM_CORE_V2X_GENPP,Women political participation index,0,0,
VDEM_CORE,VDEM_CORE_V2X_HORACC,Horizontal accountability index,0,0,
VDEM_CORE,VDEM_CORE_V2X_HOSABORT,Presidential election aborted,0,0,
VDEM_CORE,VDEM_CORE_V2X_HOSINTER,Chief executive no longer elected,0,0,
VDEM_CORE,VDEM_CORE_V2X_JUCON,Judicial constraints on the executive index,0,0,
VDEM_CORE,VDEM_CORE_V2X_LEGABORT,Legislative or constituent assembly election aborted,0,0,
VDEM_CORE,VDEM_CORE_V2X_LIBERAL,Liberal component index,0,0,
VDEM_CORE,VDEM_CORE_V2X_PARTIP,Participatory component index,0,0,
VDEM_CORE,VDEM_CORE_V2X_PARTIPDEM,Participatory democracy index,0,0,
VDEM_CORE,VDEM_CORE_V2X_POLYARCHY,Electoral democracy index,0,0,
VDEM_CORE,VDEM_CORE_V2X_REGIME,Regimes of the world -- the RoW measure,0,0,
VDEM_CORE,VDEM_CORE_V2X_REGIME_AMB,Regimes of the world -- the RoW measure with categories for ambiguous cases,0,0,
VDEM_CORE,VDEM_CORE_V2X_RULE,Rule of law index,0,0,
VDEM_CORE,VDEM_CORE_V2X_SUFFR,Share of population with suffrage,0,0,
VDEM_CORE,VDEM_CORE_V2X_VERACC,Vertical accountability index,0,0,
WB_ASPD,WB_ASPD_CAPDEEP,"Capital deepening, percent contribution",0,0,
WB_ASPD,WB_ASPD_DLPE,Labor productivity growth rate (percent),0,0,
WB_ASPD,WB_ASPD_DTFP,"Total factor productivity (TFP) in log difference, percent",0,0,
WB_ASPD,WB_ASPD_LABOR_PRODUCTIVITY_PPP,"Labor productivity (2011 international PPP exchange rate, thousands)",0,0,
WB_ASPD,WB_ASPD_LABOR_PRODUCTIVITY_REAL,"Labor productivity (2010 constant prices, local currency, thousands)",0,0,
WB_ASPD,WB_ASPD_LPXR,"Labor productivity level (GDP per employment, in 2010 constant dollars)",0,0,
WB_ASPD,WB_ASPD_VALUE_ADDED_NOMINAL,"Nominal value added (current prices, local currency, millions)",0,0,
WB_ASPD,WB_ASPD_VALUE_ADDED_REAL,"Real value added (2010 constant prices, local currency, millions)",0,0,
WB_ASPIRE,SPL_AV_PS_TRS_AMT,Average per capita transfer amount in beneficiary households per day,0,0,
WB_ASPIRE,SPL_BEF_GRP_PRG,Amount of benefits in group as a proportion of total program benefits,0,0,
WB_ASPIRE,SPL_BEN_GRP_PRG,Number of beneficiaries in group as a proportion of program beneficiaries,0,0,
WB_ASPIRE,SPL_GINI_PRG,Simulated Gini coefficient reduction due to programs,0,0,
WB_ASPIRE,SPL_PG_PRG,Simulated poverty gap index reduction due to programs,0,0,
WB_ASPIRE,SPL_POP_NPRG,Percentage of population not participating in any program,0,0,
WB_ASPIRE,SPL_POP_PRG,Percentage of population participating in programs,0,0,
WB_ASPIRE,SPL_PRG_LMONL,Percentage of population participating only in labor market programs,0,0,
WB_ASPIRE,SPL_PRG_SAONL,Percentage of population participating only in social assistance programs,0,0,
WB_ASPIRE,SPL_PRG_SAOTH,Percentage of population participating in social assistance and other social protection and labor programs,0,0,
WB_ASPIRE,SPL_RED_PG_PRG,Reduction in poverty gap obtained for each $1 spent in programs,0,0,
WB_ASPIRE,SPL_TR_AMT_RD,Total transfer amount received as a proportion of beneficiaries' income/consumption,0,0,
WB_BID,WB_BID_PPI_CMS,Public Private Partnerships (PPP) Benchmarking: Contract Management Score,0,0,
WB_BID,WB_BID_PPI_PRS,Public Private Partnerships (PPP) Benchmarking: Procurement Score,0,0,
WB_BID,WB_BID_PPI_USP,Public Private Partnerships (PPP) Benchmarking: USP Score,0,0,
WB_BOOST,WB_BOOST_EXP_ECON_INT_DEB,Spending: Interest on debt,0,0,
WB_BOOST,WB_BOOST_EXP_ECON_TOT_EXP,Spending: Total Expenditures,0,0,
WB_BOOST,WB_BOOST_EXP_ECON_USE_GOO_SER,Spending: Use of Goods and services,0,0,
WB_BOOST,WB_BOOST_EXP_ECON_WAG_BIL,Spending: Wage bill,0,0,
WB_BOOST,WB_BOOST_EXP_FUNC_GEN_PUB_SER,General public services (COFOG 701),0,0,
WB_BOOST,WB_BOOST_EXP_FUNC_HEA,Health (COFOG 707),0,0,
WB_BOOST,WB_BOOST_EXP_FUNC_HOU,Housing (COFOG 706),0,0,
WB_BOOST,WB_BOOST_EXP_FUNC_PUB_ORD_SAF,Public order and safety (COFOG 703),0,0,
WB_BOOST,WB_BOOST_EXP_FUNC_SOC_PRO,Social Protection (COFOG 710),0,0,
WB_BPS,WB_BPS_ACCESS,Share of establishments that received or expect to receive public assistance in the near future (Business Pulse Surveys),0,0,
WB_BPS,WB_BPS_ARREARS,Share of establishments in arrears or expect to fall in next 6 months (Business Pulse Surveys),0,0,
WB_BPS,WB_BPS_CHANGE_SALES,Average percentage change in monthly sales compared to 1 year before the interview (Business Pulse Surveys),0,0,
WB_BPS,WB_BPS_COV7B,Average percentage of sales that represent cancelled orders (Business Pulse Surveys),0,0,
WB_BPS,WB_BPS_DIRECT_TRADE,Share of firms that imported or exported in the last 2 years (Business Pulse Surveys),0,0,
WB_BPS,WB_BPS_DROPSALES,Percentage of establishments with decreased monthly sales year before the interview (Business Pulse Surveys),0,0,
WB_BPS,WB_BPS_EXPECTATIONS_SALES,Weighted average of sales expectation in 6 months relative to 2019 (Business Pulse Surveys),0,0,
WB_BPS,WB_BPS_INDIRECT_TRADE,Share of firms that sold to exporters or multinationals in 2019 (Business Pulse Surveys),0,0,
WB_BPS,WB_BPS_ONLINE_SALES,Share of monthly sales using digital platforms during the last 30 days (no micro firms included) (Business Pulse Surveys),0,0,
WB_BPS,WB_BPS_ORDERS_CANCEL,Share of firms that cancelled orders because of delays or interruption of inputs for production (Business Pulse Surveys),0,0,
WB_BPS,WB_BPS_PLANTS_ABSENCE,Share of establishments that granted leave to workers in the last 30 days (Business Pulse Surveys),0,0,
WB_BPS,WB_BPS_PLANTS_FIRED,Share of establishments that fired workers in the last 30 days (Business Pulse Surveys),0,0,
WB_BPS,WB_BPS_PLANTS_HIRED,Share of establishments that hired workers in the last 30 days (Business Pulse Surveys),0,0,
WB_BPS,WB_BPS_PLANTS_HOURS_CUT,Share of establishments that reduced hours in the last 30 days (Business Pulse Surveys),0,0,
WB_BPS,WB_BPS_PLANTS_WAGES_CUT,Share of establishments that reduced wages in the last 30 days (Business Pulse Surveys),0,0,
WB_BPS,WB_BPS_RCV_POLICY,Business Pulse Surveys: Received/Expected support:  Share of firms (over total surveyed) that received support,0,0,
WB_BPS,WB_BPS_REASON,Business Pulse Surveys: Reason for no access to public support,0,0,
WB_BPS,WB_BPS_REMOTE_WORKERS,Share of employees working remotely at the time of the interview (no micro firms included) (Business Pulse Surveys),0,0,
WB_BPS,WB_BPS_SALESNORMAL,Sales expectation in 6 months relative to 2019 in most likely scenario (Business Pulse Surveys),0,0,
WB_BPS,WB_BPS_STOP_SELL,Share of firms that stopped selling to exporters and multinationals after covid (conditional) (Business Pulse Surveys),0,0,
WB_BPS,WB_BPS_USE_DIGITAL,Share of firms that started or increased the use of digital platforms (no micro firms included) (Business Pulse Surveys),0,0,
WB_BREADY,WB_BREADY_OPEF,Operational Efficiency Score,0,0,
WB_BREADY,WB_BREADY_PUBSR,Public Services Score,0,0,
WB_BREADY,WB_BREADY_REGFR,Regulatory Framework Score,0,0,
WB_CCDFS,WB_CCDFS_CBY,"Cyclically-adjusted balance, % of potential GDP",0,0,
WB_CCDFS,WB_CCDFS_DFFB,"Fiscal balance, % of average tax revenues",0,0,
WB_CCDFS,WB_CCDFS_DFGGD,"General government gross debt, % of average tax revenues",0,0,
WB_CCDFS,WB_CCDFS_FBMA,"Fiscal balance, % of 10-year moving average GDP",0,0,
WB_CCDFS,WB_CCDFS_FBY,"Fiscal balance, % of GDP",0,0,
WB_CCDFS,WB_CCDFS_FORDEBTSH,"General government debt held by nonresidents, % of total",0,0,
WB_CCDFS,WB_CCDFS_FXSOVSH,"General government debt in foreign currency, % of total",0,0,
WB_CCDFS,WB_CCDFS_GGDY,"General government gross debt, % of GDP",0,0,
WB_CCDFS,WB_CCDFS_PBY,"Primary balance, % of GDP",0,0,
WB_CCDFS,WB_CCDFS_PRDEBTY,"Private external debt stocks, % of GDP",0,0,
WB_CCDFS,WB_CCDFS_STDEBTALL,"Short-term external debt stocks, % of total",0,0,
WB_CCDFS,WB_CCDFS_XTDEBTRXG,"Total external debt stocks, % of reserves excluding gold",0,0,
WB_CCDFS,WB_CCDFS_XTDEBTY,"Total external debt stocks, % of GDP",0,0,
WB_CCKP,WB_CCKP_CDD,Number of Consecutive Dry Days,0,0,
WB_CCKP,WB_CCKP_CDD65,Cumulative number of degrees that daily average temperature over a given period above a specified threshold (here 65°F),0,0,
WB_CCKP,WB_CCKP_CSDI,Cold Spell Duration Index (Consecutive number of days with temperature lower than threshold),0,0,
WB_CCKP,WB_CCKP_CWD,Number of Consecutive Wet Days,0,0,
WB_CCKP,WB_CCKP_FD,Number of Frost Days (Tmin<0C),0,0,
WB_CCKP,WB_CCKP_GSLEND,Growing Season Length End,0,0,
WB_CCKP,WB_CCKP_GSLSTART,Growing Season Length Start,0,0,
WB_CCKP,WB_CCKP_HD30,Number of Hot Days (Tmax>30C),0,0,
WB_CCKP,WB_CCKP_HD35,Number of Hot Days (Tmax>35C),0,0,
WB_CCKP,WB_CCKP_HD40,Number of Hot Days (Tmax>40C),0,0,
WB_CCKP,WB_CCKP_HD42,Number of Hot Days (Tmax>42C),0,0,
WB_CCKP,WB_CCKP_HD45,Number of Hot Days (Tmax>45C),0,0,
WB_CCKP,WB_CCKP_HD50,Number of Hot Days (Tmax>50C),0,0,
WB_CCKP,WB_CCKP_HDD65,Cumulative number of degrees that daily average temperature over a given period below a specified threshold (here 65°F),0,0,
WB_CCKP,WB_CCKP_HI35,Number of Days with Heat Index >35C,0,0,
WB_CCKP,WB_CCKP_HI37,Number of Days with Heat Index >37C,0,0,
WB_CCKP,WB_CCKP_HI39,Number of Days with Heat Index >39C,0,0,
WB_CCKP,WB_CCKP_HI41,Number of Days with Heat Index >41C,0,0,
WB_CCKP,WB_CCKP_HURS,Relative Humidity,0,0,
WB_CCKP,WB_CCKP_ID,Number of Ice Days (Tmax<0C),0,0,
WB_CCKP,WB_CCKP_PR,Precipitation (millimeters),0,0,
WB_CCKP,WB_CCKP_PRPERCNT,Precipitation Percent Change,0,0,
WB_CCKP,WB_CCKP_R20MM,Days with Precipitation over 20mm,0,0,
WB_CCKP,WB_CCKP_R50MM,Days with Precipitation over 50mm,0,0,
WB_CCKP,WB_CCKP_R95PTOT,Precipitation Amount During Wettest Days (millimeters),0,0,
WB_CCKP,WB_CCKP_RX1DAY,Average Largest 1-Day Precipitation (millimeters),0,0,
WB_CCKP,WB_CCKP_RX5DAY,Average Largest 5-Day Cumulative Precipitation (millimeters),0,0,
WB_CCKP,WB_CCKP_SD,Number of Summer Days (Tmax>25C),0,0,
WB_CCKP,WB_CCKP_TAS,Average Mean Temperature (°C),0,0,
WB_CCKP,WB_CCKP_TASMAX,Average Maximum Temperature (°C),0,0,
WB_CCKP,WB_CCKP_TASMIN,Average Minimum Temperature (°C),0,0,
WB_CCKP,WB_CCKP_TNN,Minimum of Daily Minimum Temperature (°C),0,0,
WB_CCKP,WB_CCKP_TR,Number of Tropical Nights (Tmin>20C),0,0,
WB_CCKP,WB_CCKP_TR23,Number of Tropical Nights (Tmin>23C),0,0,
WB_CCKP,WB_CCKP_TR26,Number of Tropical Nights (Tmin>26C),0,0,
WB_CCKP,WB_CCKP_TR29,Number of Tropical Nights (Tmin>29C),0,0,
WB_CCKP,WB_CCKP_TR32,Number of Tropical Nights (Tmin>32C),0,0,
WB_CCKP,WB_CCKP_TX84RR,Excess mortality risk factor for daily maximum temperatures greater than threshold,0,0,
WB_CCKP,WB_CCKP_TXX,Maximum of Daily Maximum Temperature (°C),0,0,
WB_CCKP,WB_CCKP_WSDI,Warm Spell Duration Index (Consecutive number of days with temperature greater than threshold),0,0,
WB_CLEAR,WB_CLEAR_AQUASTAT_4158,Availability of water resources per capita (m3 per capita per year),0,0,
WB_CLEAR,WB_CLEAR_AQUASTAT_4263,Total freshwater withdrawal (billion m3/year),0,0,
WB_CLEAR,WB_CLEAR_AQUASTAT_4471,Dam capacity per capita (m3/person),0,0,
WB_CLEAR,WB_CLEAR_AQUASTAT_4541,Interannual variability,0,0,
WB_CLEAR,WB_CLEAR_AQUASTAT_4542,Seasonal variability,0,0,
WB_CLEAR,WB_CLEAR_AQUASTAT_4550,SDG 6.4.2. Water Stress (%),0,0,
WB_CLEAR,WB_CLEAR_AQUASTAT_4551,SDG 6.4.1. Water Use Efficiency (US$/m3),0,0,
WB_CLEAR,WB_CLEAR_AQUASTAT_4553,SDG 6.4.1. Industrial Water Use Efficiency (US$/m3),0,0,
WB_CLEAR,WB_CLEAR_AQUASTAT_4554,SDG 6.4.1. Services Water Use Efficiency (US$/m3),0,0,
WB_CLEAR,WB_CLEAR_AVWB,Average water bill (US$/m3),0,0,
WB_CLEAR,WB_CLEAR_CC_EST,Control of Corruption: Estimate,0,0,
WB_CLEAR,WB_CLEAR_DC_TOF_WASHL,"Total official development assistance (gross disbursement) for water supply and sanitation, by recipient countries (millions of constant 2022 United States dollars)",0,0,
WB_CLEAR,WB_CLEAR_DRR_WRI,Drought Risk from Aqueduct WRI Country Rankings,0,0,
WB_CLEAR,WB_CLEAR_EBA_WS,Securing water for farmers Index,0,0,
WB_CLEAR,WB_CLEAR_EN_CLC_HEAT_XD,Heat Index 35 (projected change in days),0,0,
WB_CLEAR,WB_CLEAR_EN_CLC_PRCP_XD,"Maximum 5-day Rainfall, 25-year Return Level (projected change in mm)",0,0,
WB_CLEAR,WB_CLEAR_EN_CLC_SPEI_XD,"Mean Drought Index (projected change, unitless)",0,0,
WB_CLEAR,WB_CLEAR_EPA_CH4_TOT,Total methane emissions,0,0,
WB_CLEAR,WB_CLEAR_EPA_CH4_WW,Methane emissions from wastewater,0,0,
WB_CLEAR,WB_CLEAR_EPA_N2O_TOT,Total nitrous oxide emissions,0,0,
WB_CLEAR,WB_CLEAR_EPA_N2O_WW,Nitrous oxide emissions from wastewater,0,0,
WB_CLEAR,WB_CLEAR_ER_H2O_IWRMD_SDG,Proportion of countries by IWRM implementation category (%),0,0,
WB_CLEAR,WB_CLEAR_ER_PTD_FRHWTR,Average proportion of Freshwater Key Biodiversity Areas (KBAs) covered by protected areas (%),0,0,
WB_CLEAR,WB_CLEAR_GE_EST,Government Effectiveness: Estimate,0,0,
WB_CLEAR,WB_CLEAR_GLAAS_GOV_WASH,"Annual WASH Government Budget (US$ millions, constant 2017 US$)",0,0,
WB_CLEAR,WB_CLEAR_GLAAS_NONREV_WTR,Non-Revenue Water (Percent),0,0,
WB_CLEAR,WB_CLEAR_GLAAS_WASH_EXP,"Annual WASH Expenditure (US$ millions, constant 2017 US$)",0,0,
WB_CLEAR,WB_CLEAR_HP_ECONFEASIBLE_PT,Economically feasible hydropower potential developed (%),0,0,
WB_CLEAR,WB_CLEAR_HP_TECHNFEASIBLE_PT,Technically feasible hydropower potential developed (%),0,0,
WB_CLEAR,WB_CLEAR_IC_FRM_CORR_CORR7,Percent of firms expected to give gifts to get a water connection,0,0,
WB_CLEAR,WB_CLEAR_IC_FRM_INFRA_IN17,Percent of firms experiencing water insufficiencies,0,0,
WB_CLEAR,WB_CLEAR_IC_FRM_INFRA_IN6,Number of water insufficiencies in a typical month,0,0,
WB_CLEAR,WB_CLEAR_INFORM_CU5,Vulnerability of children under five,1,0,exports/data360/nepal_summary/samples/WB_CLEAR_WB_CLEAR_INFORM_CU5.json
WB_CLEAR,WB_CLEAR_INFORM_DRGHT,Physical exposure to droughts,1,0,exports/data360/nepal_summary/samples/WB_CLEAR_WB_CLEAR_INFORM_DRGHT.json
WB_CLEAR,WB_CLEAR_INFORM_DRR,Disaster risk management capacity,1,0,exports/data360/nepal_summary/samples/WB_CLEAR_WB_CLEAR_INFORM_DRR.json
WB_CLEAR,WB_CLEAR_INFORM_FS,Vulnerability to food insecurity,1,0,exports/data360/nepal_summary/samples/WB_CLEAR_WB_CLEAR_INFORM_FS.json
WB_CLEAR,WB_CLEAR_INFORM_GOV,Governance index,1,0,exports/data360/nepal_summary/samples/WB_CLEAR_WB_CLEAR_INFORM_GOV.json
WB_CLEAR,WB_CLEAR_INFORM_PINF,Physical infrastructure for disasters,1,0,exports/data360/nepal_summary/samples/WB_CLEAR_WB_CLEAR_INFORM_PINF.json
WB_CLEAR,WB_CLEAR_IRENA_EGHDRP,Electricity generation from hydropower (excludes pumped storage),0,0,
WB_CLEAR,WB_CLEAR_IRENA_EICHYDRP,Electricity Installed Capacity (EIC) from hydropower (excludes pumped storage),0,0,
WB_CLEAR,WB_CLEAR_IRENA_HYDRP,Electricity production from hydroelectric sources (% of total),0,0,
WB_CLEAR,WB_CLEAR_IRENA_SHDRPEG,Share of hydropower from renewable electricity generation,0,0,
WB_CLEAR,WB_CLEAR_JMP_DW_AB,People using at least basic drinking water services (% of pop),0,0,
WB_CLEAR,WB_CLEAR_JMP_DW_AROC_BS,Annual rate of change in basic drinking water services,0,0,
WB_CLEAR,WB_CLEAR_JMP_DW_AROC_SFMS,Annual rate of change in safely managed drinking water services,0,0,
WB_CLEAR,WB_CLEAR_JMP_DW_AV,People using available drinking water services (% of pop),0,0,
WB_CLEAR,WB_CLEAR_JMP_DW_FFC,People using free from contamination drinking water services (% of pop),0,0,
WB_CLEAR,WB_CLEAR_JMP_DW_LIM,People using limited service drinking water services (% of pop),0,0,
WB_CLEAR,WB_CLEAR_JMP_DW_NPI,People using non-piped improved drinking water services (% of pop),0,0,
WB_CLEAR,WB_CLEAR_JMP_DW_OP,People using on premises drinking water services (% of pop),0,0,
WB_CLEAR,WB_CLEAR_JMP_DW_PI,People using piped improved drinking water services (% of pop),0,0,
WB_CLEAR,WB_CLEAR_JMP_DW_SFMS,People using safely managed service drinking water services (% of pop),0,0,
WB_CLEAR,WB_CLEAR_JMP_DW_SURWTR,People using surface water drinking water services (% of pop),0,0,
WB_CLEAR,WB_CLEAR_JMP_DW_UNIMPR,People using unimproved drinking water services (% of pop),0,0,
WB_CLEAR,WB_CLEAR_JMP_ST_AB,People using at least basic sanitation services (% of pop),0,0,
WB_CLEAR,WB_CLEAR_JMP_ST_AROC_ODFC,Annual rate of change in open defecation sanitation services,0,0,
WB_CLEAR,WB_CLEAR_JMP_ST_AROC_SFMS,Annual rate of change in safely managed sanitation services,0,0,
WB_CLEAR,WB_CLEAR_JMP_ST_DSP_IS,People using disposed insitu sanitation services (% of pop),0,0,
WB_CLEAR,WB_CLEAR_JMP_ST_ILO,People using improved latrine and other sanitation services (% of pop),0,0,
WB_CLEAR,WB_CLEAR_JMP_ST_LIM,People using limited service sanitation services (% of pop),0,0,
WB_CLEAR,WB_CLEAR_JMP_ST_ODFC,People using open defecation sanitation services (% of pop),0,0,
WB_CLEAR,WB_CLEAR_JMP_ST_SFMS,People using safely managed service sanitation services (% of pop),0,0,
WB_CLEAR,WB_CLEAR_JMP_ST_SWGT,People using sewage treated sanitation services (% of pop),0,0,
WB_CLEAR,WB_CLEAR_JMP_ST_SWR,People using sewer sanitation services (% of pop),0,0,
WB_CLEAR,WB_CLEAR_JMP_ST_UNIMPR,People using unimproved sanitation services (% of pop),0,0,
WB_CLEAR,WB_CLEAR_NAT_SAN_SM,National sanitation safely managed (%),0,0,
WB_CLEAR,WB_CLEAR_NAT_WST_WT,National sanitation wastewater treated (%),0,0,
WB_CLEAR,WB_CLEAR_NV_IND_MANF_ZS,"Manufacturing, value added (% of GDP)",0,0,
WB_CLEAR,WB_CLEAR_NV_SRV_TOTL_ZS,"Services, value added (% of GDP)",0,0,
WB_CLEAR,WB_CLEAR_NY_GDP_MKTP_CD,GDP (current US$),0,0,
WB_CLEAR,WB_CLEAR_NY_GDP_MKTP_KD_ZG,GDP growth (annual %),0,0,
WB_CLEAR,WB_CLEAR_NY_GDP_PCAP_KD_ZG,GDP per capita growth (annual %),0,0,
WB_CLEAR,WB_CLEAR_RFR_WRI,Riverine flood risk,0,0,
WB_CLEAR,WB_CLEAR_RQ_EST,Regulatory Quality: Estimate,0,0,
WB_CLEAR,WB_CLEAR_SH_STA_WASH_P5,"Mortality rate attributed to unsafe water, unsafe sanitation and lack of hygiene (per 100,000 population)",0,0,
WB_CLEAR,WB_CLEAR_SN_ITK_DEFC_ZS,Prevalence of undernourishment (% of population),0,0,
WB_CLEAR,WB_CLEAR_SP_URB_TOTL_IN_ZS,Urban population (% of total population),0,0,
WB_CLEAR,WB_CLEAR_WATCONF,Water conflicts,0,0,
WB_CLEAR,WB_CLEAR_WATQ_NS,"Water quality - nutrients, salts",0,0,
WB_CLEAR,WB_CLEAR_WITS_WDP_PT,Water dependent products as % exports,0,0,
WB_CLEAR,WB_CLEAR_WTL_CHNG,Wetland loss score 10-year change,0,0,
WB_CLEAR,WB_CLEAR_WTL_NEW,Wetlands loss score,0,0,
WB_CLEAR,WB_CLEAR_WW_SEC_ICGRP,Water withdrawal by sector (% of total withdrawal) by income group,0,0,
WB_CPIA,WB_CPIA_IQ_CPA_BREG_XQ,CPIA business regulatory environment rating (1=low to 6=high),0,0,
WB_CPIA,WB_CPIA_IQ_CPA_DEBT_XQ,CPIA debt policy rating (1=low to 6=high),0,0,
WB_CPIA,WB_CPIA_IQ_CPA_ECON_XQ,CPIA economic management cluster average (1=low to 6=high),0,0,
WB_CPIA,WB_CPIA_IQ_CPA_ENVR_XQ,CPIA policy and institutions for environmental sustainability rating (1=low to 6=high),0,0,
WB_CPIA,WB_CPIA_IQ_CPA_FINS_XQ,CPIA financial sector rating (1=low to 6=high),0,0,
WB_CPIA,WB_CPIA_IQ_CPA_FISP_XQ,CPIA fiscal policy rating (1=low to 6=high),0,0,
WB_CPIA,WB_CPIA_IQ_CPA_HRES_XQ,CPIA building human resources rating (1=low to 6=high),0,0,
WB_CPIA,WB_CPIA_IQ_CPA_IRAI_XQ,IDA resource allocation index (1=low to 6=high),0,0,
WB_CPIA,WB_CPIA_IQ_CPA_MACR_XQ,CPIA macroeconomic management rating (1=low to 6=high),0,0,
WB_CPIA,WB_CPIA_IQ_CPA_PADM_XQ,CPIA quality of public administration rating (1=low to 6=high),0,0,
WB_CPIA,WB_CPIA_IQ_CPA_PRES_XQ,CPIA equity of public resource use rating (1=low to 6=high),0,0,
WB_CPIA,WB_CPIA_IQ_CPA_PROP_XQ,CPIA property rights and rule-based governance rating (1=low to 6=high),0,0,
WB_CPIA,WB_CPIA_IQ_CPA_PROT_XQ,CPIA social protection rating (1=low to 6=high),0,0,
WB_CPIA,WB_CPIA_IQ_CPA_PUBS_XQ,CPIA public sector management and institutions cluster average (1=low to 6=high),0,0,
WB_CPIA,WB_CPIA_IQ_CPA_REVN_XQ,CPIA efficiency of revenue mobilization rating (1=low to 6=high),0,0,
WB_CPIA,WB_CPIA_IQ_CPA_SOCI_XQ,CPIA policies for social inclusion/equity cluster average (1=low to 6=high),0,0,
WB_CPIA,WB_CPIA_IQ_CPA_STRC_XQ,CPIA structural policies cluster average (1=low to 6=high),0,0,
WB_CPIA,WB_CPIA_IQ_CPA_TRAD_XQ,CPIA trade rating (1=low to 6=high),0,0,
WB_CPIA,WB_CPIA_IQ_CPA_TRAN_XQ,"CPIA transparency, accountability, and corruption in the public sector rating (1=low to 6=high)",0,0,
WB_CSC,WB_CSC_EG_ELC_ACCS_ZS,Percentage of population with access to electricity,0,0,
WB_CSC,WB_CSC_EN_ATM_GHGT_GT_CE,Greenhouse gas emissions (including removals),0,0,
WB_CSC,WB_CSC_EN_ATM_HAZA,Percentage of people exposed to hazardous air quality,0,0,
WB_CSC,WB_CSC_EN_CLM_VULN,Percentage of people at high risk from climate-related hazards (globally),0,0,
WB_CSC,WB_CSC_ER_LND_HEAL,Hectares of key ecosystems (globally),0,0,
WB_CSC,WB_CSC_FX_OWN_TOTL_FE_ZS,"Population that own a financial account, female (% female population ages 15+)",0,0,
WB_CSC,WB_CSC_FX_OWN_TOTL_ZS,"Population that own a financial account, total (% population ages 15+)",0,0,
WB_CSC,WB_CSC_IT_NET_USER_ZS,Percentage of population using the internet,0,0,
WB_CSC,WB_CSC_NE_GDI_FPRV_ZS,Private investment as a percentage of GDP,0,0,
WB_CSC,WB_CSC_PER_ALLSP_COV_POP_TOT,Percentage of people covered by social protection and labor programs in the total population,0,0,
WB_CSC,WB_CSC_PER_ALLSP_COV_Q1_TOT,Percentage of people covered by social protection and labor programs in the poorest quintile,0,0,
WB_CSC,WB_CSC_RES_ACCS_TRANS_INFRA_SERV,Number of people that benefit from improved access to sustainable transport infrastructure and services,1,0,exports/data360/nepal_summary/samples/WB_CSC_WB_CSC_RES_ACCS_TRANS_INFRA_SERV.json
WB_CSC,WB_CSC_RES_BRO_INTE,Number of people using broadband internet,0,0,
WB_CSC,WB_CSC_RES_EDU_SUPP,Students supported with better education,1,0,exports/data360/nepal_summary/samples/WB_CSC_WB_CSC_RES_EDU_SUPP.json
WB_CSC,WB_CSC_RES_ELC_ACCS,Number of people provided with access to electricity,1,0,exports/data360/nepal_summary/samples/WB_CSC_WB_CSC_RES_ELC_ACCS.json
WB_CSC,WB_CSC_RES_FIN_SERV_WOM,"Number of people and businesses using financial services, including number of women",1,0,exports/data360/nepal_summary/samples/WB_CSC_WB_CSC_RES_FIN_SERV_WOM.json
WB_CSC,WB_CSC_RES_FOOD_NUTR_SECU,Number of people with strengthened food and nutrition security,1,0,exports/data360/nepal_summary/samples/WB_CSC_WB_CSC_RES_FOOD_NUTR_SECU.json
WB_CSC,WB_CSC_RES_GEN_EQU_BENE,"Number of people benefitting from actions to advance gender equality, and number benefitting from actions that expand and enable economic opportunities",1,0,exports/data360/nepal_summary/samples/WB_CSC_WB_CSC_RES_GEN_EQU_BENE.json
WB_CSC,WB_CSC_RES_GHG_EMS_YEAR,Net GHG Emissions,1,0,exports/data360/nepal_summary/samples/WB_CSC_WB_CSC_RES_GHG_EMS_YEAR.json
WB_CSC,WB_CSC_RES_HEA_EMER_BENE,"Number of economies benefitting from strengthened capacity to prevent, detect, and respond to health emergencies",0,0,
WB_CSC,WB_CSC_RES_REN_ENER_ENAB,Gigawatts of renewable energy capacity enabled,1,0,exports/data360/nepal_summary/samples/WB_CSC_WB_CSC_RES_REN_ENER_ENAB.json
WB_CSC,WB_CSC_RES_RESI_CLIM_RISK,Number of beneficiaries with enhanced resilience to climate risks,1,0,exports/data360/nepal_summary/samples/WB_CSC_WB_CSC_RES_RESI_CLIM_RISK.json
WB_CSC,WB_CSC_RES_SOC_SAF_PROG,Beneficiaries of social safety net programs,1,0,exports/data360/nepal_summary/samples/WB_CSC_WB_CSC_RES_SOC_SAF_PROG.json
WB_CSC,WB_CSC_RES_TER_AQU_HECT,Hectares of terrestrial and aquatic areas under enhanced conservation / management,1,0,exports/data360/nepal_summary/samples/WB_CSC_WB_CSC_RES_TER_AQU_HECT.json
WB_CSC,WB_CSC_RES_WAT_SAN_HYG_TOT,"Number of people provided with water, sanitation, and/or hygiene, and the number provided with safely managed services",1,0,exports/data360/nepal_summary/samples/WB_CSC_WB_CSC_RES_WAT_SAN_HYG_TOT.json
WB_CSC,WB_CSC_SH_H2O_BASW_ZS,Percentage of people with access to basic drinking water services (globally),0,0,
WB_CSC,WB_CSC_SH_STA_BASS_ZS,Percentage of people with access to basic sanitation services (globally),0,0,
WB_CSC,WB_CSC_SH_STA_HYGN_ZS,Percentage of people with access to basic hygiene services (globally),0,0,
WB_CSC,WB_CSC_SH_STA_STNT_ME_ZS,Percentage of children under five stunted,0,0,
WB_CSC,WB_CSC_SH_UHC_SRVS_CV_XD,Universal Health Coverage (UHC) service coverage index (0 - 100),0,0,
WB_CSC,WB_CSC_SI_DST_INEQ,Number of countries/economies with high inequality,0,0,
WB_CSC,WB_CSC_SI_POV_DDAY,Percentage of global population living in poverty (at $3.00/day),0,0,
WB_CSC,WB_CSC_SI_POV_PROS,Global average income shortfall from a prosperity standard of $28/day,0,0,
WB_CSC,WB_CSC_SL_EMP_WORK_FE_ZS,"Wage and salaried workers, female (% female employment)",0,0,
WB_CSC,WB_CSC_SL_EMP_WORK_ZS,"Wage and salaried workers, total (% total employment)",0,0,
WB_CSC,WB_CSC_SL_UEM_NEET_FE_ME_ZS,"Youth not in education, employment, or training, female (% female youth population)",0,0,
WB_CSC,WB_CSC_SL_UEM_NEET_ME_ZS,"Youth not in education, employment, or training, total (% youth population)",0,0,
WB_CSC,WB_CSC_SM_POP_FDIP,Number of forcibly displaced people,0,0,
WB_CSC,WB_CSC_SM_POP_REFG_OR,Number of forcibly displaced people,0,0,
WB_CSC,WB_CSC_SN_ITK_MSFI_ZS,Percentage of people facing food and nutrition insecurity,0,0,
WB_CSC,WB_CSC_SP_ROD_R2KM,Percentage of people with access to reliable transport solutions all year-round,0,0,
WB_CWON,WB_CWON_NW_DOW,Domestic comprehensive wealth index,0,0,
WB_CWON,WB_CWON_NW_HCA,Human capital,0,0,
WB_CWON,WB_CWON_NW_NCA_NREN,Nonrenewable natural capital,0,0,
WB_CWON,WB_CWON_NW_NCA_REN,Renewable natural capital,0,0,
WB_CWON,WB_CWON_NW_NFL,Foreign liabilities,0,0,
WB_CWON,WB_CWON_NW_PCA,Produced capital,0,0,
WB_CWON,WB_CWON_NW_TOW,National comprehensive wealth,0,0,
WB_EDSTATS,WB_EDSTATS_HD_HCI_AMRT,Survival Rate from Age 15-60,0,0,
WB_EDSTATS,WB_EDSTATS_HD_HCI_EYRS,Expected Years of School,0,0,
WB_EDSTATS,WB_EDSTATS_HD_HCI_HLOS,Harmonized Test Scores,0,0,
WB_EDSTATS,WB_EDSTATS_HD_HCI_LAYS,Learning-Adjusted Years of School,0,0,
WB_EDSTATS,WB_EDSTATS_HD_HCI_MORT,Probability of Survival to Age 5,0,0,
WB_EDSTATS,WB_EDSTATS_HD_HCI_OVRL,Human Capital Index (HCI) (scale 0-1),0,0,
WB_EDSTATS,WB_EDSTATS_HD_HCI_OVRL_LB,"Human Capital Index (HCI), Lower Bound (scale 0-1)",0,0,
WB_EDSTATS,WB_EDSTATS_HD_HCI_STNT,Fraction of Children Under 5 Not Stunted,0,0,
WB_EDSTATS,WB_EDSTATS_SE_ADT_LITR_ZS,"Literacy rate, adult (% of people ages 15 and above)",0,0,
WB_EDSTATS,WB_EDSTATS_SE_ADT_LT_ZS,"Literacy rate, youth (% of people ages 15-24)",0,0,
WB_EDSTATS,WB_EDSTATS_SE_CLO_15Y_LDGAP_M_PS,Learning Deprivation Gap: PISA for grade 15Y using MPL Level 2 for math,0,0,
WB_EDSTATS,WB_EDSTATS_SE_COM_DURS,"Compulsory education, duration (years)",0,0,
WB_EDSTATS,WB_EDSTATS_SE_DURS,"Education, duration (years)",0,0,
WB_EDSTATS,WB_EDSTATS_SE_ENRL,School enrollment (number),0,0,
WB_EDSTATS,WB_EDSTATS_SE_ENRR,School enrollment (% gross),0,0,
WB_EDSTATS,WB_EDSTATS_SE_PRIV_ZS,Percentage of enrolment in private institutions (%),0,0,
WB_EDSTATS,WB_EDSTATS_SE_PRM_PRSL_ZS,Persistence to last grade of primary (% of cohort),0,0,
WB_EDSTATS,WB_EDSTATS_SE_SCH_LIFE,"School life expectancy, primary to tertiary (years)",0,0,
WB_EDSTATS,WB_EDSTATS_SE_SEC_AGES,Lower secondary school starting age (years),0,0,
WB_EDSTATS,WB_EDSTATS_SE_SEC_ENRL_VO_ZS,Share of all students in secondary education enrolled in vocational programmes (%),0,0,
WB_EDSTATS,WB_EDSTATS_SE_TCHR,Teachers (number),0,0,
WB_EDSTATS,WB_EDSTATS_SE_TCHR_ZS,Percentage of teachers who are female (%),0,0,
WB_EDSTATS,WB_EDSTATS_SE_TER_CMPL_ZS,Gross graduation ratio from first degree programmes (ISCED 6 and 7) in tertiary education (%),0,0,
WB_EDSTATS,WB_EDSTATS_SE_TER_GRAD_OT_ZS,"Percentage of graduates from tertiary education graduating from programmes in unspecified fields, both sexes (%)",0,0,
WB_EDSTATS,WB_EDSTATS_SE_TER_GRAD_SS_ZS,"Percentage of graduates from tertiary education graduating from Social Sciences, Journalism and Information programmes, both sexes (%)",0,0,
WB_EDSTATS,WB_EDSTATS_SE_TER_GRAD_SV_ZS,"Percentage of graduates from tertiary education graduating from Services programmes, both sexes (%)",0,0,
WB_EDSTATS,WB_EDSTATS_SE_UNER,Children out of school,0,0,
WB_EDSTATS,WB_EDSTATS_SE_XPD_CUR_TOTL_ZS,Current expenditure as % of total expenditure in public institutions (%),0,0,
WB_EDSTATS,WB_EDSTATS_SE_XPD_TOTL_GD_ZS,"Government expenditure on education, total (% of GDP)",0,0,
WB_EDSTATS,WB_EDSTATS_UIS_ADMI_ENDOFLOWERSEC_READ,Administration of a nationally-representative learning assessment at the end of lower secondary education in reading (number),0,0,
WB_EDSTATS,WB_EDSTATS_UIS_ADMI_ENDOFPRIM_MAT,Administration of a nationally-representative learning assessment at the end of primary in mathematics (number),0,0,
WB_EDSTATS,WB_EDSTATS_UIS_ADMI_GRADE2OR3PRIM_MAT,Administration of a nationally representative learning assessment in Grade 2 or 3 in mathematics (number),0,0,
WB_EDSTATS,WB_EDSTATS_UIS_AIR_1_GLAST_GPIA,"Gross intake ratio to the last grade of primary education, adjusted gender parity index (GPIA)",0,0,
WB_EDSTATS,WB_EDSTATS_UIS_ASTAFF_6T8,"Teachers in tertiary education ISCED 6, 7 and 8 programmes, both sexes (number)",0,0,
WB_EDSTATS,WB_EDSTATS_UIS_CEAGE,Official entrance age to compulsory education (years),0,0,
WB_EDSTATS,WB_EDSTATS_UIS_CR_1,"Completion rate, primary education, both sexes (%)",0,0,
WB_EDSTATS,WB_EDSTATS_UIS_CR_1_F_LPIA,"Completion rate, primary education, female, adjusted location parity index (LPIA)",0,0,
WB_EDSTATS,WB_EDSTATS_UIS_CR_1_F_WPIA,"Completion rate, primary education, female, adjusted wealth parity index (WPIA)",0,0,
WB_EDSTATS,WB_EDSTATS_UIS_CR_1_LPIA,"Completion rate, primary education, adjusted location parity index (LPIA)",0,0,
WB_EDSTATS,WB_EDSTATS_UIS_CR_1_M_LPIA,"Completion rate, primary education, male, adjusted location parity index (LPIA)",0,0,
WB_EDSTATS,WB_EDSTATS_UIS_CR_1_M_WPIA,"Completion rate, primary education, male, adjusted wealth parity index (WPIA)",0,0,
WB_EDSTATS,WB_EDSTATS_UIS_CR_1_WPIA,"Completion rate, primary education, adjusted wealth parity index (WPIA)",0,0,
WB_EDSTATS,WB_EDSTATS_UIS_CR_2,"Completion rate, lower secondary education, both sexes (%)",0,0,
WB_EDSTATS,WB_EDSTATS_UIS_CR_2_F_LPIA,"Completion rate, lower secondary education, female, adjusted location parity index (LPIA)",0,0,
WB_EDSTATS,WB_EDSTATS_UIS_CR_2_F_WPIA,"Completion rate, lower secondary education, female, adjusted wealth parity index (WPIA)",0,0,
WB_EDSTATS,WB_EDSTATS_UIS_CR_2_GPIA,"Completion rate, lower secondary education, adjusted gender parity index (GPIA)",0,0,
WB_EDSTATS,WB_EDSTATS_UIS_CR_2_LPIA,"Completion rate, lower secondary education, adjusted location parity index (LPIA)",0,0,
WB_EDSTATS,WB_EDSTATS_UIS_CR_2_M_LPIA,"Completion rate, lower secondary education, male, adjusted location parity index (LPIA)",0,0,
WB_EDSTATS,WB_EDSTATS_UIS_CR_2_M_WPIA,"Completion rate, lower secondary education, male, adjusted wealth parity index (WPIA)",0,0,
WB_EDSTATS,WB_EDSTATS_UIS_CR_2_WPIA,"Completion rate, lower secondary education, adjusted wealth parity index (WPIA)",0,0,
WB_EDSTATS,WB_EDSTATS_UIS_CR_3,"Completion rate, upper secondary education, both sexes (%)",0,0,
WB_EDSTATS,WB_EDSTATS_UIS_CR_3_F_LPIA,"Completion rate, upper secondary education, female, adjusted location parity index (LPIA)",0,0,
WB_EDSTATS,WB_EDSTATS_UIS_CR_3_F_WPIA,"Completion rate, upper secondary education, female, adjusted wealth parity index (WPIA)",0,0,
WB_EDSTATS,WB_EDSTATS_UIS_CR_3_GPIA,"Completion rate, upper secondary education, adjusted gender parity index (GPIA)",0,0,
WB_EDSTATS,WB_EDSTATS_UIS_CR_3_LPIA,"Completion rate, upper secondary education, adjusted location parity index (LPIA)",0,0,
WB_EDSTATS,WB_EDSTATS_UIS_CR_3_M_LPIA,"Completion rate, upper secondary education, male, adjusted location parity index (LPIA)",0,0,
WB_EDSTATS,WB_EDSTATS_UIS_CR_3_M_WPIA,"Completion rate, upper secondary education, male, adjusted wealth parity index (WPIA)",0,0,
WB_EDSTATS,WB_EDSTATS_UIS_EA_1,"UIS: Percentage of population age 25+ whose highest level of education is primary, both sexes",0,0,
WB_EDSTATS,WB_EDSTATS_UIS_EA_1T6,UIS: Percentage of population age 25+ with at least completed primary education (ISCED 1 or higher). Total,0,0,
WB_EDSTATS,WB_EDSTATS_UIS_EA_1T8_GPIA,UIS: Percentage of population age 25+ with at least completed primary education (ISCED 1 or higher). Adjusted Gender Parity Index (GPIA),0,0,
WB_EDSTATS,WB_EDSTATS_UIS_EA_2,"UIS: Percentage of population age 25+ whose highest level of education is lower secondary, both sexes",0,0,
WB_EDSTATS,WB_EDSTATS_UIS_EA_2T6,UIS: Percentage of population age 25+ with at least completed lower secondary education (ISCED 2 or higher). Total,0,0,
WB_EDSTATS,WB_EDSTATS_UIS_EA_2T8_GPIA,UIS: Percentage of population age 25+ with at least completed lower secondary education (ISCED 2 or higher). Adjusted Gender Parity Index (GPIA),0,0,
WB_EDSTATS,WB_EDSTATS_UIS_EA_3,"UIS: Percentage of population age 25+ whose highest level of education is upper secondary, both sexes",0,0,
WB_EDSTATS,WB_EDSTATS_UIS_EA_3T6,UIS: Percentage of population age 25+ with at least completed upper secondary education (ISCED 3 or higher). Total,0,0,
WB_EDSTATS,WB_EDSTATS_UIS_EA_3T8_GPIA,UIS: Percentage of population age 25+ with at least completed upper secondary education (ISCED 3 or higher). Adjusted Gender Parity Index (GPIA),0,0,
WB_EDSTATS,WB_EDSTATS_UIS_EA_4,"UIS: Percentage of population age 25+ whose highest level of education is post-secondary non-tertiary, both sexes",0,0,
WB_EDSTATS,WB_EDSTATS_UIS_EA_4T6,UIS: Percentage of population age 25+ with at least completed post-secondary education (ISCED 4 or higher). Total,0,0,
WB_EDSTATS,WB_EDSTATS_UIS_EA_4T8_GPIA,UIS: Percentage of population age 25+ with at least completed post-secondary education (ISCED 4 or higher). Adjusted Gender Parity Index (GPIA),0,0,
WB_EDSTATS,WB_EDSTATS_UIS_EA_5T8,UIS: Percentage of population age 25+ with at least a completed short-cycle tertiary degree (ISCED 5 or higher). Total,0,0,
WB_EDSTATS,WB_EDSTATS_UIS_EA_5T8_GPIA,UIS: Percentage of population age 25+ with at least a completed short-cycle tertiary degree (ISCED 5 or higher). Adjusted Gender Parity Index (GPIA),0,0,
WB_EDSTATS,WB_EDSTATS_UIS_EA_6,"UIS: Percentage of population age 25+ whose highest level of education is Bachelor's or equivalent (ISCED 6), both sexes",0,0,
WB_EDSTATS,WB_EDSTATS_UIS_EA_6T8,UIS: Percentage of population age 25+ with at least a completed bachelor's or equivalent degree (ISCED 6 or higher). Total,0,0,
WB_EDSTATS,WB_EDSTATS_UIS_EA_6T8_GPIA,UIS: Percentage of population age 25+ with at least a completed bachelor's or equivalent degree (ISCED 6 or higher). Adjusted Gender Parity Index (GPIA),0,0,
WB_EDSTATS,WB_EDSTATS_UIS_EA_7,"UIS: Percentage of population age 25+ whose highest level of education is Master's or equivalent (ISCED 7), both sexes",0,0,
WB_EDSTATS,WB_EDSTATS_UIS_EA_7T8,UIS: Percentage of population age 25+ with at least a completed master's degree or equivalent (ISCED 7 or higher). Total,0,0,
WB_EDSTATS,WB_EDSTATS_UIS_EA_7T8_GPIA,UIS: Percentage of population age 25+ with at least a completed master's degree or equivalent (ISCED 7 or higher). Adjusted Gender Parity Index (GPIA),0,0,
WB_EDSTATS,WB_EDSTATS_UIS_EA_MEAN_1T6,"UIS: Mean years of schooling (ISCED 1 or higher), population 25+ years, both sexes",0,0,
WB_EDSTATS,WB_EDSTATS_UIS_EA_NS,"UIS: Percentage of population age 25+ with no schooling, both sexes",0,0,
WB_EDSTATS,WB_EDSTATS_UIS_EA_S1,"UIS: Percentage of population age 25+ whose highest level of education is incomplete primary, both sexes",0,0,
WB_EDSTATS,WB_EDSTATS_UIS_EA_S1T8,UIS: Percentage of population age 25+ with at least some primary (ISCED 1). Total,0,0,
WB_EDSTATS,WB_EDSTATS_UIS_EA_S1T8_GPIA,UIS: Percentage of population age 25+ with at least some primary (ISCED 1). Adjusted Gender Parity Index (GPIA),0,0,
WB_EDSTATS,WB_EDSTATS_UIS_EV1524P_2T5_V_GPIA,"Proportion of 15-24 year-olds enrolled in vocational education, adjusted gender parity index (GPIA)",0,0,
WB_EDSTATS,WB_EDSTATS_UIS_E_0,Enrolment in early childhood education (number),0,0,
WB_EDSTATS,WB_EDSTATS_UIS_E_02,Enrolment in pre-primary education (number),0,0,
WB_EDSTATS,WB_EDSTATS_UIS_E_0_T,"Enrolment in early childhood education, both sexes (number)",0,0,
WB_EDSTATS,WB_EDSTATS_UIS_E_1,Enrolment in primary education (number),0,0,
WB_EDSTATS,WB_EDSTATS_UIS_E_2,"Enrolment in lower secondary education, both sexes (number)",0,0,
WB_EDSTATS,WB_EDSTATS_UIS_E_23,Enrolment in secondary education (number),0,0,
WB_EDSTATS,WB_EDSTATS_UIS_E_3,"Enrolment in upper secondary education, both sexes (number)",0,0,
WB_EDSTATS,WB_EDSTATS_UIS_E_58,"Enrolment in tertiary education, all programmes (number)",0,0,
WB_EDSTATS,WB_EDSTATS_UIS_E_6,"Enrolment in tertiary education, ISCED 6 programmes, both sexes (number)",0,0,
WB_EDSTATS,WB_EDSTATS_UIS_E_8,"Enrolment in tertiary education, ISCED 8 programmes, both sexes (number)",0,0,
WB_EDSTATS,WB_EDSTATS_UIS_FTP_2,Percentage of teachers in lower secondary education who are female (%),0,0,
WB_EDSTATS,WB_EDSTATS_UIS_FTP_3,Percentage of teachers in upper secondary education who are female (%),0,0,
WB_EDSTATS,WB_EDSTATS_UIS_GAR_5T8,"Gross attendance ratio for tertiary education, both sexes (%)",0,0,
WB_EDSTATS,WB_EDSTATS_UIS_GAR_5T8_F_LPIA,"Gross attendance ratio for tertiary education, female, adjusted location parity index (LPIA)",0,0,
WB_EDSTATS,WB_EDSTATS_UIS_GAR_5T8_F_WPIA,"Gross attendance ratio for tertiary education, female, adjusted wealth parity index (WPIA)",0,0,
WB_EDSTATS,WB_EDSTATS_UIS_GAR_5T8_GPIA,"Gross attendance ratio for tertiary education, adjusted gender parity index (GPIA)",0,0,
WB_EDSTATS,WB_EDSTATS_UIS_GAR_5T8_LPIA,"Gross attendance ratio for tertiary education, adjusted location parity index (LPIA)",0,0,
WB_EDSTATS,WB_EDSTATS_UIS_GAR_5T8_M_LPIA,"Gross attendance ratio for tertiary education, male, adjusted location parity index (LPIA)",0,0,
WB_EDSTATS,WB_EDSTATS_UIS_GAR_5T8_M_WPIA,"Gross attendance ratio for tertiary education, male, adjusted wealth parity index (WPIA)",0,0,
WB_EDSTATS,WB_EDSTATS_UIS_GAR_5T8_WPIA,"Gross attendance ratio for tertiary education, adjusted wealth parity index (WPIA)",0,0,
WB_EDSTATS,WB_EDSTATS_UIS_GER_01_GPIA,"Gross enrolment ratio, early childhood educational development programmes, adjusted gender parity index (GPIA)",0,0,
WB_EDSTATS,WB_EDSTATS_UIS_GER_02_GPIA,"Gross enrolment ratio, pre-primary, adjusted gender parity index (GPIA)",0,0,
WB_EDSTATS,WB_EDSTATS_UIS_GER_0_GPIA,"Gross enrolment ratio, early childhood education, adjusted gender parity index (GPIA)",0,0,
WB_EDSTATS,WB_EDSTATS_UIS_GER_12,"Gross enrolment ratio, primary and lower secondary, both sexes (%)",0,0,
WB_EDSTATS,WB_EDSTATS_UIS_GER_12_GPI,"Gross enrolment ratio, primary and lower secondary, gender parity index (GPI)",0,0,
WB_EDSTATS,WB_EDSTATS_UIS_GER_1T6,"Gross enrolment ratio, primary to tertiary (%)",0,0,
WB_EDSTATS,WB_EDSTATS_UIS_GER_1T6_GPI,"Gross enrolment ratio, primary to tertiary, gender parity index (GPI)",0,0,
WB_EDSTATS,WB_EDSTATS_UIS_GER_2_GPI,"Gross enrolment ratio, lower secondary, gender parity index (GPI)",0,0,
WB_EDSTATS,WB_EDSTATS_UIS_GER_3_GPI,"Gross enrolment ratio, upper secondary, gender parity index (GPI)",0,0,
WB_EDSTATS,WB_EDSTATS_UIS_GER_5T8_GPIA,"Gross enrolment ratio for tertiary education, adjusted gender parity index (GPIA)",0,0,
WB_EDSTATS,WB_EDSTATS_UIS_GGR_5_A_GPI,"Gross graduation ratio from first degree programmes (ISCED 6 and 7) in tertiary education, gender parity index (GPI)",0,0,
WB_EDSTATS,WB_EDSTATS_UIS_GTVP_23_GPV,Share of all students in secondary education enrolled in general programmes (%),0,0,
WB_EDSTATS,WB_EDSTATS_UIS_GTVP_2_GPV,Share of all students in lower secondary education enrolled in general programmes (%),0,0,
WB_EDSTATS,WB_EDSTATS_UIS_GTVP_3_V,Share of all students in upper secondary education enrolled in vocational programmes (%),0,0,
WB_EDSTATS,WB_EDSTATS_UIS_ILLPOP,"Illiterate population, 25-64 years, both sexes (number)",0,0,
WB_EDSTATS,WB_EDSTATS_UIS_ILLPOPF,"Illiterate population, 25-64 years, % female",0,0,
WB_EDSTATS,WB_EDSTATS_UIS_LP,"Youth illiterate population, 15-24 years, both sexes (number)",0,0,
WB_EDSTATS,WB_EDSTATS_UIS_LPP,"Youth illiterate population, 15-24 years, % female",0,0,
WB_EDSTATS,WB_EDSTATS_UIS_LR,"Youth literacy rate, population 15-24 years, rural, both sexes (%)",0,0,
WB_EDSTATS,WB_EDSTATS_UIS_LR_F_LPIA,"Youth literacy rate, population 15-24 years, adjusted location parity index (LPIA)",0,0,
WB_EDSTATS,WB_EDSTATS_UIS_LR_GPIA,"Youth literacy rate, population 15-24 years, adjusted gender parity index (GPIA)",0,0,
WB_EDSTATS,WB_EDSTATS_UIS_LR_LPIA,"Youth literacy rate, population 15-24 years, adjusted location parity index (LPIA)",0,0,
WB_EDSTATS,WB_EDSTATS_UIS_LR_M_LPIA,"Youth literacy rate, population 15-24 years, adjusted location parity index (LPIA)",0,0,
WB_EDSTATS,WB_EDSTATS_UIS_MATH_LOWERSEC,"Proportion of students at the end of lower secondary education achieving at least a minimum proficiency level in mathematics, both sexes (%)",0,0,
WB_EDSTATS,WB_EDSTATS_UIS_MATH_PRIMARY,"Proportion of students at the end of primary education achieving at least a minimum proficiency level in mathematics, both sexes (%)",0,0,
WB_EDSTATS,WB_EDSTATS_UIS_MENF_56,"Net flow of internationally mobile students (inbound - outbound), both sexes (number)",0,0,
WB_EDSTATS,WB_EDSTATS_UIS_MSEP_56,"Inbound mobility rate, both sexes (%)",0,0,
WB_EDSTATS,WB_EDSTATS_UIS_MS_56,Total inbound internationally mobile students (number),0,0,
WB_EDSTATS,WB_EDSTATS_UIS_MS_56_T,"Total inbound internationally mobile students, both sexes (number)",0,0,
WB_EDSTATS,WB_EDSTATS_UIS_NARA_AGM1,"Adjusted net attendance rate, one year before the official primary entry age, both sexes (%)",0,0,
WB_EDSTATS,WB_EDSTATS_UIS_NARA_AGM1_F_LPIA,"Adjusted net attendance rate, one year before the official primary entry age, female, adjusted location parity index (LPIA)",0,0,
WB_EDSTATS,WB_EDSTATS_UIS_NARA_AGM1_F_WPIA,"Adjusted net attendance rate, one year before the official primary entry age, female, adjusted wealth parity index (WPIA)",0,0,
WB_EDSTATS,WB_EDSTATS_UIS_NARA_AGM1_GPIA,"Adjusted net attendance rate, one year before the official primary entry age, adjusted gender parity index (GPIA)",0,0,
WB_EDSTATS,WB_EDSTATS_UIS_NARA_AGM1_LPIA,"Adjusted net attendance rate, one year before the official primary entry age, adjusted location parity index (LPIA)",0,0,
WB_EDSTATS,WB_EDSTATS_UIS_NARA_AGM1_M_LPIA,"Adjusted net attendance rate, one year before the official primary entry age, male, adjusted location parity index (LPIA)",0,0,
WB_EDSTATS,WB_EDSTATS_UIS_NARA_AGM1_M_WPIA,"Adjusted net attendance rate, one year before the official primary entry age, male, adjusted wealth parity index (WPIA)",0,0,
WB_EDSTATS,WB_EDSTATS_UIS_NARA_AGM1_WPIA,"Adjusted net attendance rate, one year before the official primary entry age, adjusted wealth parity index (WPIA)",0,0,
WB_EDSTATS,WB_EDSTATS_UIS_NART_1,"Total net attendance rate, primary, both sexes (%)",0,0,
WB_EDSTATS,WB_EDSTATS_UIS_NART_1_F_LPIA,"Total net attendance rate, primary, female, adjusted location parity index (LPIA)",0,0,
WB_EDSTATS,WB_EDSTATS_UIS_NART_1_F_WPIA,"Total net attendance rate, primary, female, adjusted wealth parity index (WPIA)",0,0,
WB_EDSTATS,WB_EDSTATS_UIS_NART_1_GPIA,"Total net attendance rate, primary, adjusted gender parity index (GPIA)",0,0,
WB_EDSTATS,WB_EDSTATS_UIS_NART_1_LPIA,"Total net attendance rate, primary, adjusted location parity index (LPIA)",0,0,
WB_EDSTATS,WB_EDSTATS_UIS_NART_1_M_LPIA,"Total net attendance rate, primary, male, adjusted location parity index (LPIA)",0,0,
WB_EDSTATS,WB_EDSTATS_UIS_NART_1_WPIA,"Total net attendance rate, primary, adjusted wealth parity index (WPIA)",0,0,
WB_EDSTATS,WB_EDSTATS_UIS_NART_2_F_LPIA,"Total net attendance rate, lower secondary, female, adjusted location parity index (LPIA)",0,0,
WB_EDSTATS,WB_EDSTATS_UIS_NART_2_GPIA,"Total net attendance rate, lower secondary, adjusted gender parity index (GPIA)",0,0,
WB_EDSTATS,WB_EDSTATS_UIS_NART_2_LPIA,"Total net attendance rate, lower secondary, adjusted location parity index (LPIA)",0,0,
WB_EDSTATS,WB_EDSTATS_UIS_NART_2_M_LPIA,"Total net attendance rate, lower secondary, male, adjusted location parity index (LPIA)",0,0,
WB_EDSTATS,WB_EDSTATS_UIS_NART_2_M_WPIA,"Total net attendance rate, lower secondary, male, adjusted wealth parity index (WPIA)",0,0,
WB_EDSTATS,WB_EDSTATS_UIS_NART_2_WPIA,"Total net attendance rate, lower secondary, adjusted wealth parity index (WPIA)",0,0,
WB_EDSTATS,WB_EDSTATS_UIS_NART_3,"Total net attendance rate, upper secondary, both sexes (%)",0,0,
WB_EDSTATS,WB_EDSTATS_UIS_NART_3_F_LPIA,"Total net attendance rate, upper secondary, female, adjusted location parity index (LPIA)",0,0,
WB_EDSTATS,WB_EDSTATS_UIS_NART_3_F_WPIA,"Total net attendance rate, upper secondary, female, adjusted wealth parity index (WPIA)",0,0,
WB_EDSTATS,WB_EDSTATS_UIS_NART_3_GPIA,"Total net attendance rate, upper secondary, adjusted gender parity index (GPIA)",0,0,
WB_EDSTATS,WB_EDSTATS_UIS_NART_3_LPIA,"Total net attendance rate, upper secondary, adjusted location parity index (LPIA)",0,0,
WB_EDSTATS,WB_EDSTATS_UIS_NART_3_M_LPIA,"Total net attendance rate, upper secondary, male, adjusted location parity index (LPIA)",0,0,
WB_EDSTATS,WB_EDSTATS_UIS_NART_3_M_WPIA,"Total net attendance rate, upper secondary, male, adjusted wealth parity index (WPIA)",0,0,
WB_EDSTATS,WB_EDSTATS_UIS_NART_3_WPIA,"Total net attendance rate, upper secondary, adjusted wealth parity index (WPIA)",0,0,
WB_EDSTATS,WB_EDSTATS_UIS_NERA_AGM1,"Adjusted net enrolment rate, one year before the official primary entry age, both sexes (%)",0,0,
WB_EDSTATS,WB_EDSTATS_UIS_NERT_1,"Total net enrolment rate, primary, both sexes (%)",0,0,
WB_EDSTATS,WB_EDSTATS_UIS_NERT_2,"Total net enrolment rate, lower secondary, both sexes (%)",0,0,
WB_EDSTATS,WB_EDSTATS_UIS_NERT_2_GPI,"Total net enrolment rate, lower secondary, gender parity index (GPI)",0,0,
WB_EDSTATS,WB_EDSTATS_UIS_NERT_3,"Total net enrolment rate, upper secondary, both sexes (%)",0,0,
WB_EDSTATS,WB_EDSTATS_UIS_N_ATTACKS,"Number of attacks on students, personnel and institutions",0,0,
WB_EDSTATS,WB_EDSTATS_UIS_OAEPG_1_GPIA,"Percentage of pupils enrolled in primary education who are at least 2 years over-age for their current grade, adjusted gender parity index (GPIA)",0,0,
WB_EDSTATS,WB_EDSTATS_UIS_OAEPG_2_GPV,"Percentage of pupils enrolled in lower secondary general education who are at least 2 years over-age for their current grade, both sexes (%)",0,0,
WB_EDSTATS,WB_EDSTATS_UIS_OAEPG_2_GPV_GPIA,"Percentage of pupils enrolled in lower secondary general education who are at least 2 years over-age for their current grade, adjusted gender parity index (GPIA)",0,0,
WB_EDSTATS,WB_EDSTATS_UIS_ODAFLOW_VOLUMESCHOLARSHIP,"Volume of official development assistance flows for scholarships by sector and type of study, constant US$",0,0,
WB_EDSTATS,WB_EDSTATS_UIS_OFST_1T2_F_CP,"Out-of-school children and adolescents of primary and lower secondary school age, female (number)",0,0,
WB_EDSTATS,WB_EDSTATS_UIS_OFST_1T3_CP,"Out-of-school children, adolescents and youth of primary and secondary school age, both sexes (number)",0,0,
WB_EDSTATS,WB_EDSTATS_UIS_OFST_1T3_F_CP,"Out-of-school children, adolescents and youth of primary and secondary school age, female (number)",0,0,
WB_EDSTATS,WB_EDSTATS_UIS_OFST_1T3_M_CP,"Out-of-school children, adolescents and youth of primary and secondary school age, male (number)",0,0,
WB_EDSTATS,WB_EDSTATS_UIS_OFST_2,"Out-of-school adolescents of lower secondary school age, both sexes (number)",0,0,
WB_EDSTATS,WB_EDSTATS_UIS_OFST_2T3_CP,"Out-of-school adolescents and youth of secondary school age, both sexes (number)",0,0,
WB_EDSTATS,WB_EDSTATS_UIS_OFST_2T3_F_CP,"Out-of-school adolescents and youth of secondary school age, female (number)",0,0,
WB_EDSTATS,WB_EDSTATS_UIS_OFST_2T3_M_CP,"Out-of-school adolescents and youth of secondary school age, male (number)",0,0,
WB_EDSTATS,WB_EDSTATS_UIS_OFST_3_CP,"Out-of-school youth of upper secondary school age, both sexes (number)",0,0,
WB_EDSTATS,WB_EDSTATS_UIS_OFST_3_M_CP,"Out-of-school youth of upper secondary school age, male (number)",0,0,
WB_EDSTATS,WB_EDSTATS_UIS_OFST_AGM1_CP,"Out-of-school children, one year younger than official primary entry age, both sexes (number)",0,0,
WB_EDSTATS,WB_EDSTATS_UIS_OFST_AGM1_F_CP,"Out-of-school children, one year younger than official primary entry age, female (number)",0,0,
WB_EDSTATS,WB_EDSTATS_UIS_OFST_AGM1_M_CP,"Out-of-school children, one year younger than official primary entry age, male (number)",0,0,
WB_EDSTATS,WB_EDSTATS_UIS_OMR_56,"Outbound mobility ratio, all regions, both sexes (%)",0,0,
WB_EDSTATS,WB_EDSTATS_UIS_ONTRACK_THREE_DOMAINS,"Proportion of children aged 24-59 months who are developmentally on track in health, learning and psychosocial well-being, both sexes (%)",0,0,
WB_EDSTATS,WB_EDSTATS_UIS_ONTRACK_THREE_DOMAINS_GPIA,"Proportion of children aged 24-59 months who are developmentally on track in health, learning and psychosocial well-being, adjusted gender parity index (GPIA)",0,0,
WB_EDSTATS,WB_EDSTATS_UIS_PER_11T15_BULLIED,"Percentage of students experiencing bullying in the last 12 months, both sexes (%)",0,0,
WB_EDSTATS,WB_EDSTATS_UIS_PER_11T15_BULLIED_GPIA,"Percentage of students experiencing bullying in the last 12 months, adjusted gender parity index (GPIA)",0,0,
WB_EDSTATS,WB_EDSTATS_UIS_POSTIMUENV,"Percentage of children under 5 years experiencing positive and stimulating home learning environments, both sexes (%)",0,0,
WB_EDSTATS,WB_EDSTATS_UIS_POSTIMUENV_GPIA,"Percentage of children under 5 years experiencing positive and stimulating home learning environments, adjusted gender parity index (GPIA)",0,0,
WB_EDSTATS,WB_EDSTATS_UIS_POSTIMUENV_LPIA,"Percentage of children under 5 years experiencing positive and stimulating home learning environments, adjusted location parity index (LPIA)",0,0,
WB_EDSTATS,WB_EDSTATS_UIS_POSTIMUENV_WPIA,"Percentage of children under 5 years experiencing positive and stimulating home learning environments, adjusted wealth parity index (WPIA)",0,0,
WB_EDSTATS,WB_EDSTATS_UIS_POSTIMUENV_WQ1,"Percentage of children under 5 years experiencing positive and stimulating home learning environments, poorest quintile (%)",0,0,
WB_EDSTATS,WB_EDSTATS_UIS_POSTIMUENV_WQ5,"Percentage of children under 5 years experiencing positive and stimulating home learning environments, richest quintile (%)",0,0,
WB_EDSTATS,WB_EDSTATS_UIS_PRP_0,Percentage of enrolment in early childhood education programmes in private institutions (%),0,0,
WB_EDSTATS,WB_EDSTATS_UIS_PRP_2,Percentage of enrolment in lower secondary education in private institutions (%),0,0,
WB_EDSTATS,WB_EDSTATS_UIS_PRYA_12MO,"Participation rate of youth and adults in formal and non-formal education and training in the previous 12 months, both sexes (%)",0,0,
WB_EDSTATS,WB_EDSTATS_UIS_PRYA_12MO_GPI,"Participation rate of youth and adults in formal and non-formal education and training in the previous 12 months, adjusted gender parity index (GPIA)",0,0,
WB_EDSTATS,WB_EDSTATS_UIS_PTRHC_02_QUALIFIED,Pupil-qualified teacher ratio in pre-primary education (headcount basis),0,0,
WB_EDSTATS,WB_EDSTATS_UIS_PTRHC_02_TRAINED,Pupil-trained teacher ratio in pre-primary education (headcount basis),0,0,
WB_EDSTATS,WB_EDSTATS_UIS_PTRHC_1_TRAINED,Pupil-trained teacher ratio in primary education (headcount basis),0,0,
WB_EDSTATS,WB_EDSTATS_UIS_PTRHC_2T3_QUALIFIED,Pupil-qualified teacher ratio in secondary (headcount basis),0,0,
WB_EDSTATS,WB_EDSTATS_UIS_PTRHC_2T3_TRAINED,Pupil-trained teacher ratio in secondary education (headcount basis),0,0,
WB_EDSTATS,WB_EDSTATS_UIS_PTRHC_2_QUALIFIED,Pupil-qualified teacher ratio in lower secondary (headcount basis),0,0,
WB_EDSTATS,WB_EDSTATS_UIS_PTRHC_2_TRAINED,Pupil-trained teacher ratio in lower secondary education (headcount basis),0,0,
WB_EDSTATS,WB_EDSTATS_UIS_PTRHC_3_QUALIFIED,Pupil-qualified teacher ratio in upper secondary (headcount basis),0,0,
WB_EDSTATS,WB_EDSTATS_UIS_PTRHC_3_TRAINED,Pupil-trained teacher ratio in upper secondary education (headcount basis),0,0,
WB_EDSTATS,WB_EDSTATS_UIS_QUTP,Percentage of qualified teachers in upper secondary education (%),0,0,
WB_EDSTATS,WB_EDSTATS_UIS_QUTP_02,"Percentage of qualified teachers in pre-primary education, both sexes (%)",0,0,
WB_EDSTATS,WB_EDSTATS_UIS_QUTP_02_GPIA,"Percentage of qualified teachers in pre-primary education, adjusted gender parity index (GPIA)",0,0,
WB_EDSTATS,WB_EDSTATS_UIS_QUTP_1_GPIA,"Percentage of qualified teachers in primary education, adjusted gender parity index (GPIA)",0,0,
WB_EDSTATS,WB_EDSTATS_UIS_QUTP_2,"Percentage of qualified teachers in lower secondary education, both sexes (%)",0,0,
WB_EDSTATS,WB_EDSTATS_UIS_QUTP_2T3,"Percentage of qualified teachers in secondary education, both sexes (%)",0,0,
WB_EDSTATS,WB_EDSTATS_UIS_QUTP_2T3_GPIA,"Percentage of qualified teachers in secondary education, adjusted gender parity index (GPIA)",0,0,
WB_EDSTATS,WB_EDSTATS_UIS_QUTP_2_GPIA,"Percentage of qualified teachers in lower secondary education, adjusted gender parity index (GPIA)",0,0,
WB_EDSTATS,WB_EDSTATS_UIS_QUTP_3,"Percentage of qualified teachers in upper secondary education, both sexes (%)",0,0,
WB_EDSTATS,WB_EDSTATS_UIS_QUTP_3_GPIA,"Percentage of qualified teachers in upper secondary education, adjusted gender parity index (GPIA)",0,0,
WB_EDSTATS,WB_EDSTATS_UIS_READ_LOWERSEC,"Proportion of students at the end of lower secondary education achieving at least a minimum proficiency level in reading, both sexes (%)",0,0,
WB_EDSTATS,WB_EDSTATS_UIS_READ_PRIMARY,"Proportion of students at the end of primary education achieving at least a minimum proficiency level in reading, both sexes (%)",0,0,
WB_EDSTATS,WB_EDSTATS_UIS_REPR_1,"Repetition rate in primary education (all grades), both sexes (%)",0,0,
WB_EDSTATS,WB_EDSTATS_UIS_REPR_1_G1,"Repetition rate in Grade 1 of primary education, both sexes (%)",0,0,
WB_EDSTATS,WB_EDSTATS_UIS_REPR_1_G2,"Repetition rate in Grade 2 of primary education, both sexes (%)",0,0,
WB_EDSTATS,WB_EDSTATS_UIS_REPR_1_G3,"Repetition rate in Grade 3 of primary education, both sexes (%)",0,0,
WB_EDSTATS,WB_EDSTATS_UIS_REPR_1_G5,"Repetition rate in Grade 5 of primary education, both sexes (%)",0,0,
WB_EDSTATS,WB_EDSTATS_UIS_REPR_2_GPV,"Repetition rate in lower secondary general education (all grades), both sexes (%)",0,0,
WB_EDSTATS,WB_EDSTATS_UIS_REPR_2_GPV_G1,"Repetition rate in Grade 1 of lower secondary general education, both sexes (%)",0,0,
WB_EDSTATS,WB_EDSTATS_UIS_REPR_2_GPV_G2,"Repetition rate in Grade 2 of lower secondary general education, both sexes (%)",0,0,
WB_EDSTATS,WB_EDSTATS_UIS_REPR_2_GPV_G3,"Repetition rate in Grade 3 of lower secondary general education, both sexes (%)",0,0,
WB_EDSTATS,WB_EDSTATS_UIS_ROFST_1T2_CP,"Out-of-school rate for children and adolescents of primary and lower secondary school age, both sexes (%)",0,0,
WB_EDSTATS,WB_EDSTATS_UIS_ROFST_1T2_GPIA_CP,"Out-of-school rate for children and adolescents of primary and lower secondary school age, adjusted gender parity index (GPIA)",0,0,
WB_EDSTATS,WB_EDSTATS_UIS_ROFST_1T2_M_CP,"Out-of-school rate for children and adolescents of primary and lower secondary school age, male (%)",0,0,
WB_EDSTATS,WB_EDSTATS_UIS_ROFST_1T3_CP,"Out-of-school rate for children, adolescents and youth of primary, lower secondary and upper secondary school age, both sexes (%)",0,0,
WB_EDSTATS,WB_EDSTATS_UIS_ROFST_1T3_F_CP,"Out-of-school rate for children, adolescents and youth of primary, lower secondary and upper secondary school age, female (%)",0,0,
WB_EDSTATS,WB_EDSTATS_UIS_ROFST_1T3_GPIA_CP,"Out-of-school rate for children, adolescents and youth of primary, lower secondary and upper secondary school age, adjusted gender parity index (GPIA)",0,0,
WB_EDSTATS,WB_EDSTATS_UIS_ROFST_1T3_M_CP,"Out-of-school rate for children, adolescents and youth of primary, lower secondary and upper secondary school age, male (%)",0,0,
WB_EDSTATS,WB_EDSTATS_UIS_ROFST_1_GPIA_CP,"Out-of-school rate for children of primary school age, adjusted gender parity index (GPIA)",0,0,
WB_EDSTATS,WB_EDSTATS_UIS_ROFST_2,"Out-of-school rate for adolescents of lower secondary school age, both sexes (%)",0,0,
WB_EDSTATS,WB_EDSTATS_UIS_ROFST_2T3_F_CP,"Out-of-school rate for adolescents and youth of lower and upper secondary school age, female (%)",0,0,
WB_EDSTATS,WB_EDSTATS_UIS_ROFST_2T3_GPIA_CP,"Out-of-school rate for adolescents and youth of lower and upper secondary school age, adjusted gender parity index (GPIA)",0,0,
WB_EDSTATS,WB_EDSTATS_UIS_ROFST_2T3_M_CP,"Out-of-school rate for adolescents and youth of lower and upper secondary school age, male (%)",0,0,
WB_EDSTATS,WB_EDSTATS_UIS_ROFST_2_GPIA_CP,"Out-of-school rate for adolescents of lower secondary school age, adjusted gender parity index (GPIA)",0,0,
WB_EDSTATS,WB_EDSTATS_UIS_ROFST_3_CP,"Out-of-school rate for youth of upper secondary school age, both sexes (%)",0,0,
WB_EDSTATS,WB_EDSTATS_UIS_ROFST_3_F_CP,"Out-of-school rate for youth of upper secondary school age, female (%)",0,0,
WB_EDSTATS,WB_EDSTATS_UIS_ROFST_3_M_CP,"Out-of-school rate for youth of upper secondary school age, male (%)",0,0,
WB_EDSTATS,WB_EDSTATS_UIS_ROFST_AGM1_CP,"Out-of-school rate for children one year younger than official primary entrance age, both sexes (%)",0,0,
WB_EDSTATS,WB_EDSTATS_UIS_ROFST_AGM1_F_CP,"Out-of-school rate for children one year younger than official primary entrance age, female (%)",0,0,
WB_EDSTATS,WB_EDSTATS_UIS_ROFST_AGM1_GPIA_CP,"Out-of-school rate for children one year younger than official age, adjusted gender parity index (GPIA)",0,0,
WB_EDSTATS,WB_EDSTATS_UIS_ROFST_AGM1_M_CP,"Out-of-school rate for children one year younger than official primary entrance age, male (%)",0,0,
WB_EDSTATS,WB_EDSTATS_UIS_ROFST_H_1,"Out-of-school rate for children of primary school age, both sexes (household survey data) (%)",0,0,
WB_EDSTATS,WB_EDSTATS_UIS_ROFST_H_1_F_LPIA,"Out-of-school rate for children of primary school age, female, adjusted location parity index (household survey data) (LPIA)",0,0,
WB_EDSTATS,WB_EDSTATS_UIS_ROFST_H_1_F_WPIA,"Out-of-school rate for children of primary school age, female, adjusted wealth parity index (household survey data) (WPIA)",0,0,
WB_EDSTATS,WB_EDSTATS_UIS_ROFST_H_1_GPIA,"Out-of-school rate for children of primary school age, adjusted gender parity index (household survey data) (GPIA)",0,0,
WB_EDSTATS,WB_EDSTATS_UIS_ROFST_H_1_LPIA,"Out-of-school rate for children of primary school age, adjusted location parity index (household survey data) (LPIA)",0,0,
WB_EDSTATS,WB_EDSTATS_UIS_ROFST_H_1_M_LPIA,"Out-of-school rate for children of primary school age, male, adjusted location parity index (household survey data) (LPIA)",0,0,
WB_EDSTATS,WB_EDSTATS_UIS_ROFST_H_1_M_WPIA,"Out-of-school rate for children of primary school age, male, adjusted wealth parity index (household survey data) (WPIA)",0,0,
WB_EDSTATS,WB_EDSTATS_UIS_ROFST_H_1_WPIA,"Out-of-school rate for children of primary school age, adjusted wealth parity index (household survey data) (WPIA)",0,0,
WB_EDSTATS,WB_EDSTATS_UIS_ROFST_H_2,"Out-of-school rate for adolescents of lower secondary school age, both sexes (household survey data) (%)",0,0,
WB_EDSTATS,WB_EDSTATS_UIS_ROFST_H_2_F_LPIA,"Out-of-school rate for adolescents of lower secondary school age, female, adjusted location parity index (household survey data) (LPIA)",0,0,
WB_EDSTATS,WB_EDSTATS_UIS_ROFST_H_2_F_WPIA,"Out-of-school rate for adolescents of lower secondary school age, female, adjusted wealth parity index (household survey data) (WPIA)",0,0,
WB_EDSTATS,WB_EDSTATS_UIS_ROFST_H_2_GPIA,"Out-of-school rate for adolescents of lower secondary school age, adjusted gender parity index (household survey data) (GPIA)",0,0,
WB_EDSTATS,WB_EDSTATS_UIS_ROFST_H_2_LPIA,"Out-of-school rate for adolescents of lower secondary school age, adjusted location parity index (household survey data) (LPIA)",0,0,
WB_EDSTATS,WB_EDSTATS_UIS_ROFST_H_2_M_LPIA,"Out-of-school rate for adolescents of lower secondary school age, male, adjusted location parity index (household survey data) (LPIA)",0,0,
WB_EDSTATS,WB_EDSTATS_UIS_ROFST_H_2_M_WPIA,"Out-of-school rate for adolescents of lower secondary school age, male, adjusted wealth parity index (household survey data) (WPIA)",0,0,
WB_EDSTATS,WB_EDSTATS_UIS_ROFST_H_2_WPIA,"Out-of-school rate for adolescents of lower secondary school age, adjusted wealth parity index (household survey data) (WPIA)",0,0,
WB_EDSTATS,WB_EDSTATS_UIS_ROFST_H_3_F_LPIA,"Out-of-school rate for youth of upper secondary school age, female, adjusted location parity index (household survey data) (LPIA)",0,0,
WB_EDSTATS,WB_EDSTATS_UIS_ROFST_H_3_GPIA,"Out-of-school rate for youth of upper secondary school age, adjusted gender parity index (household survey data) (GPIA)",0,0,
WB_EDSTATS,WB_EDSTATS_UIS_ROFST_H_3_LPIA,"Out-of-school rate for youth of upper secondary school age, adjusted location parity index (household survey data) (LPIA)",0,0,
WB_EDSTATS,WB_EDSTATS_UIS_ROFST_H_3_M_LPIA,"Out-of-school rate for youth of upper secondary school age, male, adjusted location parity index (household survey data) (LPIA)",0,0,
WB_EDSTATS,WB_EDSTATS_UIS_ROFST_H_3_M_WPIA,"Out-of-school rate for youth of upper secondary school age, male, adjusted wealth parity index (household survey data) (WPIA)",0,0,
WB_EDSTATS,WB_EDSTATS_UIS_R_1,"Repeaters in primary education, all grades, both sexes (number)",0,0,
WB_EDSTATS,WB_EDSTATS_UIS_R_1_G1,"Repeaters in Grade 1 of primary education, both sexes (number)",0,0,
WB_EDSTATS,WB_EDSTATS_UIS_R_1_G3,"Repeaters in Grade 3 of primary education, both sexes (number)",0,0,
WB_EDSTATS,WB_EDSTATS_UIS_R_1_G4,"Repeaters in Grade 4 of primary education, both sexes (number)",0,0,
WB_EDSTATS,WB_EDSTATS_UIS_R_1_G5,"Repeaters in Grade 5 of primary education, both sexes (number)",0,0,
WB_EDSTATS,WB_EDSTATS_UIS_R_1_GUK,"Repeaters in grade unknown of primary education, both sexes (number)",0,0,
WB_EDSTATS,WB_EDSTATS_UIS_R_2_GPV,"Repeaters in lower secondary general education, all grades, both sexes (number)",0,0,
WB_EDSTATS,WB_EDSTATS_UIS_R_2_GPV_G1,"Repeaters in Grade 1 of lower secondary general education, both sexes (number)",0,0,
WB_EDSTATS,WB_EDSTATS_UIS_R_2_GPV_G2,"Repeaters in Grade 2 of lower secondary general education, both sexes (number)",0,0,
WB_EDSTATS,WB_EDSTATS_UIS_R_2_GPV_GUK,"Repeaters in grade unknown of lower secondary general education, both sexes (number)",0,0,
WB_EDSTATS,WB_EDSTATS_UIS_SAP_1_G1,"Population of the official entrance age to primary education, both sexes (number)",0,0,
WB_EDSTATS,WB_EDSTATS_UIS_SAP_23_GPV_G1,"Population of the official entrance age to secondary general education, both sexes (number)",0,0,
WB_EDSTATS,WB_EDSTATS_UIS_SAP_CE,"Population of compulsory school age, both sexes (number)",0,0,
WB_EDSTATS,WB_EDSTATS_UIS_SCHBSP_1_WCOMPUT,Proportion of primary schools with access to computers for pedagogical purposes (%),0,0,
WB_EDSTATS,WB_EDSTATS_UIS_SCHBSP_1_WELEC,Proportion of primary schools with access to electricity (%),0,0,
WB_EDSTATS,WB_EDSTATS_UIS_SCHBSP_1_WWATA,Proportion of primary schools with access to basic drinking water (%),0,0,
WB_EDSTATS,WB_EDSTATS_UIS_SCHBSP_2T3_WCOMPUT,Proportion of secondary schools with access to computers for pedagogical purposes (%),0,0,
WB_EDSTATS,WB_EDSTATS_UIS_SCHBSP_2_WCOMPUT,Proportion of lower secondary schools with access to computers for pedagogical purposes (%),0,0,
WB_EDSTATS,WB_EDSTATS_UIS_SCHBSP_2_WELEC,Proportion of lower secondary schools with access to electricity (%),0,0,
WB_EDSTATS,WB_EDSTATS_UIS_SCHBSP_3_WCOMPUT,Proportion of upper secondary schools with access to computers for pedagogical purposes (%),0,0,
WB_EDSTATS,WB_EDSTATS_UIS_SCHBSP_3_WELEC,Proportion of upper secondary schools with access to electricity (%),0,0,
WB_EDSTATS,WB_EDSTATS_UIS_SLE_02,"School life expectancy, pre-primary, both sexes (years)",0,0,
WB_EDSTATS,WB_EDSTATS_UIS_SLE_02_GPI,"School life expectancy, pre-primary, gender parity index (GPI)",0,0,
WB_EDSTATS,WB_EDSTATS_UIS_SLE_1,"School life expectancy, primary, both sexes (years)",0,0,
WB_EDSTATS,WB_EDSTATS_UIS_SLE_12,"School life expectancy, primary and lower secondary, both sexes (years)",0,0,
WB_EDSTATS,WB_EDSTATS_UIS_SLE_123,"School life expectancy, primary and secondary, both sexes (years)",0,0,
WB_EDSTATS,WB_EDSTATS_UIS_SLE_1T2_GPI,"School life expectancy, primary and lower secondary, gender parity index (GPI)",0,0,
WB_EDSTATS,WB_EDSTATS_UIS_SLE_1T6_GPI,"School life expectancy, primary to tertiary, gender parity index (GPI)",0,0,
WB_EDSTATS,WB_EDSTATS_UIS_SLE_1_GPI,"School life expectancy, primary, gender parity index (GPI)",0,0,
WB_EDSTATS,WB_EDSTATS_UIS_SLE_23,"School life expectancy, secondary, both sexes (years)",0,0,
WB_EDSTATS,WB_EDSTATS_UIS_SLE_23_GPI,"School life expectancy, secondary, gender parity index (GPI)",0,0,
WB_EDSTATS,WB_EDSTATS_UIS_SLE_56,"School life expectancy, tertiary, both sexes (years)",0,0,
WB_EDSTATS,WB_EDSTATS_UIS_SR_1_G4,"Survival rate to Grade 4 of primary education, both sexes (%)",0,0,
WB_EDSTATS,WB_EDSTATS_UIS_SR_1_G4_GPI,"Survival rate to Grade 4 of primary education, gender parity index (GPI)",0,0,
WB_EDSTATS,WB_EDSTATS_UIS_SR_1_G5_GPI,"Survival rate to Grade 5 of primary education, gender parity index (GPI)",0,0,
WB_EDSTATS,WB_EDSTATS_UIS_SR_1_GLAST_GPI,"Survival rate to the last grade of primary education, gender parity index (GPI)",0,0,
WB_EDSTATS,WB_EDSTATS_UIS_TATTRR_02,"Teacher attrition rate from pre-primary education, both sexes (%)",0,0,
WB_EDSTATS,WB_EDSTATS_UIS_TATTRR_02_GPIA,"Teacher attrition rate from pre-primary education, adjusted gender parity index (GPIA)",0,0,
WB_EDSTATS,WB_EDSTATS_UIS_TATTRR_1_T,"Teacher attrition rate from primary education, both sexes (%)",0,0,
WB_EDSTATS,WB_EDSTATS_UIS_TATTRR_2T3_GPV,"Teacher attrition rate from general secondary education, both sexes (%)",0,0,
WB_EDSTATS,WB_EDSTATS_UIS_TATTRR_2_T,"Teacher attrition rate from lower secondary education, both sexes (%)",0,0,
WB_EDSTATS,WB_EDSTATS_UIS_THAGE_02,Official entrance age to pre-primary education (years),0,0,
WB_EDSTATS,WB_EDSTATS_UIS_THAGE_3_A_GPV,Official entrance age to upper secondary education (years),0,0,
WB_EDSTATS,WB_EDSTATS_UIS_THDUR_0,Theoretical duration of early childhood education (years),0,0,
WB_EDSTATS,WB_EDSTATS_UIS_THDUR_02,Theoretical duration of pre-primary education (years),0,0,
WB_EDSTATS,WB_EDSTATS_UIS_TRTP_02,"Proportion of teachers with the minimum required qualifications in pre-primary education, both sexes (%)",0,0,
WB_EDSTATS,WB_EDSTATS_UIS_TRTP_02_GPIA,"Proportion of teachers with the minimum required qualifications in pre-primary education, adjusted gender parity index (GPIA)",0,0,
WB_EDSTATS,WB_EDSTATS_UIS_TRTP_1_GPIA,"Proportion of teachers with the minimum required qualifications in primary education, adjusted gender parity index (GPIA)",0,0,
WB_EDSTATS,WB_EDSTATS_UIS_TRTP_2,"Proportion of teachers with the minimum required qualifications in lower secondary education, both sexes (%)",0,0,
WB_EDSTATS,WB_EDSTATS_UIS_TRTP_2_GPIA,"Proportion of teachers with the minimum required qualifications in lower secondary education, adjusted gender parity index (GPIA)",0,0,
WB_EDSTATS,WB_EDSTATS_UIS_TRTP_3,"Proportion of teachers with the minimum required qualifications in upper secondary education, both sexes (%)",0,0,
WB_EDSTATS,WB_EDSTATS_UIS_TRTP_3_GPIA,"Proportion of teachers with the minimum required qualifications in upper secondary education, adjusted gender parity index (GPIA)",0,0,
WB_EDSTATS,WB_EDSTATS_UIS_T_02,Teachers in pre-primary education (number),0,0,
WB_EDSTATS,WB_EDSTATS_UIS_T_1,Teachers in primary education (number),0,0,
WB_EDSTATS,WB_EDSTATS_UIS_T_23,Teachers in secondary education (number),0,0,
WB_EDSTATS,WB_EDSTATS_UIS_T_58,Teachers in tertiary education programmes (number),0,0,
WB_EDSTATS,WB_EDSTATS_UIS_XGDP_0_FSGOV,Government expenditure on pre-primary education as % of GDP (%),0,0,
WB_EDSTATS,WB_EDSTATS_UIS_XGDP_1_FSGOV,Government expenditure on primary education as % of GDP (%),0,0,
WB_EDSTATS,WB_EDSTATS_UIS_XGDP_23_FSGOV,Government expenditure on secondary education as % of GDP (%),0,0,
WB_EDSTATS,WB_EDSTATS_UIS_XGDP_2T4_V_FSGOV,Government expenditure on secondary and post-secondary non-tertiary vocational education as % of GDP (%),0,0,
WB_EDSTATS,WB_EDSTATS_UIS_XGDP_2_FSGOV,Government expenditure on lower secondary education as a percentage of GDP (%),0,0,
WB_EDSTATS,WB_EDSTATS_UIS_XGDP_3_FSGOV,Government expenditure on upper secondary education as a percentage of GDP (%),0,0,
WB_EDSTATS,WB_EDSTATS_UIS_XGDP_56_FSGOV,Government expenditure on tertiary education as % of GDP (%),0,0,
WB_EDSTATS,WB_EDSTATS_UIS_XSPENDP_02_FDPUB_FNNTS,Non-teaching staff compensation as a percentage of total expenditure in pre-primary public institutions (%),0,0,
WB_EDSTATS,WB_EDSTATS_UIS_XSPENDP_02_FDPUB_FNTS,Teaching staff compensation as a percentage of total expenditure in pre-primary public institutions (%),0,0,
WB_EDSTATS,WB_EDSTATS_UIS_XSPENDP_0_FDPUB_FNCUR,Current expenditure as % of total expenditure in pre-primary public institutions (%),0,0,
WB_EDSTATS,WB_EDSTATS_UIS_XSPENDP_0_FDPUB_FNNONS,Current expenditure other than staff compensation as % of total expenditure in pre-primary public institutions (%),0,0,
WB_EDSTATS,WB_EDSTATS_UIS_XSPENDP_0_FDPUB_FNS,All staff compensation as % of total expenditure in pre-primary public institutions (%),0,0,
WB_EDSTATS,WB_EDSTATS_UIS_XSPENDP_1_FDPUB_FNBOOKS,Expenditure on school books and teaching material as % of total expenditure in primary public institutions (%),0,0,
WB_EDSTATS,WB_EDSTATS_UIS_XSPENDP_1_FDPUB_FNCAP,Capital expenditure as % of total expenditure in primary public institutions (%),0,0,
WB_EDSTATS,WB_EDSTATS_UIS_XSPENDP_1_FDPUB_FNNONS,Current expenditure other than staff compensation as % of total expenditure in primary public institutions (%),0,0,
WB_EDSTATS,WB_EDSTATS_UIS_XSPENDP_1_FDPUB_FNNTS,Non-teaching staff compensation as a percentage of total expenditure in primary public institutions (%),0,0,
WB_EDSTATS,WB_EDSTATS_UIS_XSPENDP_1_FDPUB_FNTS,Teaching staff compensation as a percentage of total expenditure in primary public institutions (%),0,0,
WB_EDSTATS,WB_EDSTATS_UIS_XSPENDP_23_FDPUB_FNBOOKS,Expenditure on school books and teaching material as % of total expenditure in secondary public institutions (%),0,0,
WB_EDSTATS,WB_EDSTATS_UIS_XSPENDP_23_FDPUB_FNCAP,Capital expenditure as % of total expenditure in secondary public institutions (%),0,0,
WB_EDSTATS,WB_EDSTATS_UIS_XSPENDP_23_FDPUB_FNCUR,Current expenditure as % of total expenditure in secondary public institutions (%),0,0,
WB_EDSTATS,WB_EDSTATS_UIS_XSPENDP_23_FDPUB_FNNTS,Non-teaching staff compensation as a percentage of total expenditure in secondary public institutions (%),0,0,
WB_EDSTATS,WB_EDSTATS_UIS_XSPENDP_23_FDPUB_FNS,All staff compensation as % of total expenditure in secondary public institutions (%),0,0,
WB_EDSTATS,WB_EDSTATS_UIS_XSPENDP_23_FDPUB_FNTS,Teaching staff compensation as a percentage of total expenditure in secondary public institutions (%),0,0,
WB_EDSTATS,WB_EDSTATS_UIS_XSPENDP_2_FDPUB_FNCAP,Capital expenditure as % of total expenditure in lower secondary public institutions (%),0,0,
WB_EDSTATS,WB_EDSTATS_UIS_XSPENDP_2_FDPUB_FNCUR,Current expenditure as % of total expenditure in lower secondary public institutions (%),0,0,
WB_EDSTATS,WB_EDSTATS_UIS_XSPENDP_2_FDPUB_FNNTS,Non-teaching staff compensation as a percentage of total expenditure in lower secondary public institutions (%),0,0,
WB_EDSTATS,WB_EDSTATS_UIS_XSPENDP_2_FDPUB_FNS,All staff compensation as % of total expenditure in lower secondary public institutions (%),0,0,
WB_EDSTATS,WB_EDSTATS_UIS_XSPENDP_3_FDPUB_FNCAP,Capital expenditure as % of total expenditure in upper-secondary public institutions (%),0,0,
WB_EDSTATS,WB_EDSTATS_UIS_XSPENDP_3_FDPUB_FNCUR,Current expenditure as % of total expenditure in upper-secondary public institutions (%),0,0,
WB_EDSTATS,WB_EDSTATS_UIS_XSPENDP_3_FDPUB_FNNTS,Non-teaching staff compensation as a percentage of total expenditure in upper secondary public institutions (%),0,0,
WB_EDSTATS,WB_EDSTATS_UIS_XSPENDP_3_FDPUB_FNS,All staff compensation as % of total expenditure in upper secondary public institutions (%),0,0,
WB_EDSTATS,WB_EDSTATS_UIS_XSPENDP_3_FDPUB_FNTS,Teaching staff compensation as a percentage of total expenditure in upper secondary public institutions (%),0,0,
WB_EDSTATS,WB_EDSTATS_UIS_XSPENDP_4_FDPUB_FNCAP,Capital expenditure as % of total expenditure in post-secondary non-tertiary public institutions (%),0,0,
WB_EDSTATS,WB_EDSTATS_UIS_XSPENDP_4_FDPUB_FNCUR,Current expenditure as % of total expenditure in post-secondary non-tertiary public institutions (%),0,0,
WB_EDSTATS,WB_EDSTATS_UIS_XSPENDP_4_FDPUB_FNNONS,Current expenditure other than staff compensation as % of total expenditure in post-secondary non-tertiary public institutions (%),0,0,
WB_EDSTATS,WB_EDSTATS_UIS_XSPENDP_4_FDPUB_FNNTS,Non-teaching staff compensation as a percentage of total expenditure in post-secondary non-tertiary public institutions (%),0,0,
WB_EDSTATS,WB_EDSTATS_UIS_XSPENDP_4_FDPUB_FNTS,Teaching staff compensation as a percentage of total expenditure in post-secondary non-tertiary public institutions (%),0,0,
WB_EDSTATS,WB_EDSTATS_UIS_XSPENDP_56_FDPUB_FNCAP,Capital expenditure as % of total expenditure in tertiary public institutions (%),0,0,
WB_EDSTATS,WB_EDSTATS_UIS_XSPENDP_56_FDPUB_FNCUR,Current expenditure as % of total expenditure in tertiary public institutions (%),0,0,
WB_EDSTATS,WB_EDSTATS_UIS_XSPENDP_56_FDPUB_FNNONS,Current expenditure other than staff compensation as % of total expenditure in tertiary public institutions (%),0,0,
WB_EDSTATS,WB_EDSTATS_UIS_XSPENDP_56_FDPUB_FNNTS,Non-teaching staff compensation as a percentage of total expenditure in tertiary public institutions (%),0,0,
WB_EDSTATS,WB_EDSTATS_UIS_XSPENDP_56_FDPUB_FNS,All staff compensation as % of total expenditure in tertiary public institutions (%),0,0,
WB_EDSTATS,WB_EDSTATS_UIS_XSPENDP_56_FDPUB_FNTS,Teaching staff compensation as a percentage of total expenditure in tertiary public institutions (%),0,0,
WB_EDSTATS,WB_EDSTATS_UIS_XSPENDP_FDPUB_FNNONS,Current expenditure other than staff compensation as % of total expenditure in public institutions (%),0,0,
WB_EDSTATS,WB_EDSTATS_UIS_XSPENDP_FDPUB_FNNTS,Non-teaching staff compensation as a percentage of total expenditure in public institutions (%),0,0,
WB_EDSTATS,WB_EDSTATS_UIS_XSPENDP_FDPUB_FNS,All staff compensation as % of total expenditure in public institutions (%),0,0,
WB_EDSTATS,WB_EDSTATS_UIS_XSPENDP_FDPUB_FNTS,Teaching staff compensation as a percentage of total expenditure in public institutions (%),0,0,
WB_EDSTATS,WB_EDSTATS_UIS_XUNIT_GDPCAP_02_FSGOV,Initial government funding per pre-primary student as a percentage of GDP per capita,0,0,
WB_EDSTATS,WB_EDSTATS_UIS_XUNIT_GDPCAP_1_FSHH,Initial household funding per primary student as a percentage of GDP per capita,0,0,
WB_EDSTATS,WB_EDSTATS_UIS_XUNIT_GDPCAP_23_FSGOV,Initial government funding per secondary student as a percentage of GDP per capita,0,0,
WB_EDSTATS,WB_EDSTATS_UIS_XUNIT_GDPCAP_23_FSHH,Initial household funding per secondary student as a percentage of GDP per capita,0,0,
WB_EDSTATS,WB_EDSTATS_UIS_XUNIT_GDPCAP_2_FSGOV,Initial government funding per lower secondary student as a percentage of GDP per capita,0,0,
WB_EDSTATS,WB_EDSTATS_UIS_XUNIT_GDPCAP_3_FSGOV,Initial government funding per upper secondary student as a percentage of GDP per capita,0,0,
WB_EDSTATS,WB_EDSTATS_UIS_XUNIT_GDPCAP_5T8_FSGOV,Initial government funding per tertiary student as a percentage of GDP per capita,0,0,
WB_EDSTATS,WB_EDSTATS_UIS_XUNIT_GDPCAP_5T8_FSHH,Initial household funding per tertiary student as a percentage of GDP per capita,0,0,
WB_EDSTATS,WB_EDSTATS_UIS_XUNIT_PPPCONST_1_FSGOV,"Initial government funding per primary student, constant PPP$",0,0,
WB_EDSTATS,WB_EDSTATS_UIS_XUNIT_PPPCONST_1_FSHH,"Initial household funding per primary student, constant PPP$",0,0,
WB_EDSTATS,WB_EDSTATS_UIS_XUNIT_PPPCONST_23_FSGOV,"Initial government funding per secondary student, constant PPP$",0,0,
WB_EDSTATS,WB_EDSTATS_UIS_XUNIT_PPPCONST_23_FSHH,"Initial household funding per secondary student, constant PPP$",0,0,
WB_EDSTATS,WB_EDSTATS_UIS_XUNIT_PPPCONST_2_FSGOV,"Initial government funding per lower secondary student, constant PPP$",0,0,
WB_EDSTATS,WB_EDSTATS_UIS_XUNIT_PPPCONST_5T8_FSGOV,"Initial government funding per tertiary student, constant PPP$",0,0,
WB_EDSTATS,WB_EDSTATS_UIS_XUNIT_PPPCONST_5T8_FSHH,"Initial household funding per tertiary student, constant PPP$",0,0,
WB_EDSTATS,WB_EDSTATS_UIS_X_PPPCONST_02_FSGOV,"Government expenditure on pre-primary education, constant PPP$ (millions)",0,0,
WB_EDSTATS,WB_EDSTATS_UIS_X_PPPCONST_1_FSGOV,"Government expenditure on primary education, constant PPP$ (millions)",0,0,
WB_EDSTATS,WB_EDSTATS_UIS_X_PPPCONST_2T3_FSGOV,"Government expenditure on secondary education, constant PPP$ (millions)",0,0,
WB_EDSTATS,WB_EDSTATS_UIS_X_PPPCONST_2_FSGOV,"Government expenditure on lower secondary education, constant PPP$ (millions)",0,0,
WB_EDSTATS,WB_EDSTATS_UIS_X_PPPCONST_5T8_FSGOV,"Government expenditure on tertiary education, constant PPP$ (millions)",0,0,
WB_EDSTATS,WB_EDSTATS_UIS_X_PPPCONST_FSGOV,"Government expenditure on education, constant PPP$ (millions)",0,0,
WB_EDSTATS,WB_EDSTATS_UIS_X_PPP_02_FSGOV,"Government expenditure on pre-primary education, PPP$ (millions)",0,0,
WB_EDSTATS,WB_EDSTATS_UIS_X_PPP_1_FSGOV,"Government expenditure on primary education, PPP$ (millions)",0,0,
WB_EDSTATS,WB_EDSTATS_UIS_X_PPP_2T3_FSGOV,"Government expenditure on secondary education, PPP$ (millions)",0,0,
WB_EDSTATS,WB_EDSTATS_UIS_X_PPP_2T4_V_FSGOV,"Government expenditure on secondary and post-secondary non-tertiary vocational education only, PPP$ (millions)",0,0,
WB_EDSTATS,WB_EDSTATS_UIS_X_PPP_2_FSGOV,"Government expenditure on lower secondary education, PPP$ (millions)",0,0,
WB_EDSTATS,WB_EDSTATS_UIS_X_PPP_3_FSGOV,"Government expenditure on upper secondary education, PPP$ (millions)",0,0,
WB_EDSTATS,WB_EDSTATS_UIS_X_PPP_5T8_FSGOV,"Government expenditure on tertiary education, PPP$ (millions)",0,0,
WB_EDSTATS,WB_EDSTATS_UIS_X_PPP_FSGOV,"Government expenditure on education, PPP$ (millions)",0,0,
WB_EDSTATS,WB_EDSTATS_UIS_X_PPP_UK_FSGOV,"Government expenditure on education not specified by level, PPP$ (millions)",0,0,
WB_EDSTATS,WB_EDSTATS_UIS_X_USCONST_02_FSGOV,"Government expenditure on pre-primary education, constant US$ (millions)",0,0,
WB_EDSTATS,WB_EDSTATS_UIS_X_USCONST_1_FSGOV,"Government expenditure on primary education, constant US$ (millions)",0,0,
WB_EDSTATS,WB_EDSTATS_UIS_X_USCONST_2T3_FSGOV,"Government expenditure on secondary education, constant US$ (millions)",0,0,
WB_EDSTATS,WB_EDSTATS_UIS_X_USCONST_2T4_V_FSGOV,"Government expenditure on secondary and post-secondary non-tertiary vocational education only, constant US$ (millions)",0,0,
WB_EDSTATS,WB_EDSTATS_UIS_X_USCONST_FSGOV,"Government expenditure on education, constant US$ (millions)",0,0,
WB_EDSTATS,WB_EDSTATS_UIS_X_USCONST_UK_FSGOV,"Government expenditure on education not specified by level, constant US$ (millions)",0,0,
WB_EDSTATS,WB_EDSTATS_UIS_X_US_02_FSGOV,"Government expenditure on pre-primary education, US$ (millions)",0,0,
WB_EDSTATS,WB_EDSTATS_UIS_X_US_1_FSGOV,"Government expenditure on primary education, US$ (millions)",0,0,
WB_EDSTATS,WB_EDSTATS_UIS_X_US_2T4_V_FSGOV,"Government expenditure on secondary and post-secondary non-tertiary vocational education only, US$ (millions)",0,0,
WB_EDSTATS,WB_EDSTATS_UIS_X_US_2_FSGOV,"Government expenditure on lower secondary education, US$ (millions)",0,0,
WB_EDSTATS,WB_EDSTATS_UIS_X_US_3_FSGOV,"Government expenditure on upper secondary education, US$ (millions)",0,0,
WB_EDSTATS,WB_EDSTATS_UIS_X_US_FSGOV,"Government expenditure on education, US$ (millions)",0,0,
WB_EDSTATS,WB_EDSTATS_UIS_YEARS_FC_COMP_02,Number of years of compulsory pre-primary education guaranteed in legal frameworks,0,0,
WB_EDSTATS,WB_EDSTATS_UIS_YEARS_FC_FREE_02,Number of years of free pre-primary education guaranteed in legal frameworks,0,0,
WB_EDSTATS,WB_EDSTATS_UIS_YEARS_FC_FREE_1T3,Number of years of free primary and secondary education guaranteed in legal frameworks,0,0,
WB_EDSTATS,WB_EDSTATS_UIS_YR_END_01T5,End of the academic school year (pre-primary to post-secondary non tertiary education),0,0,
WB_EDSTATS,WB_EDSTATS_UIS_YR_END_MON_01T5,End month of the academic school year (pre-primary to post-secondary non-tertiary education),0,0,
WB_EDSTATS,WB_EDSTATS_UIS_YR_ST_6T8,Start of the academic school year (tertiary education),0,0,
WB_EDSTATS,WB_EDSTATS_UIS_YR_ST_MON_01T5,Start month of the academic school year (pre-primary to post-secondary non-tertiary education),0,0,
WB_EDSTATS,WB_EDSTATS_UIS_YR_ST_MON_6T8,Start month of the academic school year (tertiary education),0,0,
WB_ES,WB_ES_M_BREADY_COMP1,Index of market share of the largest competitor (excluding firms whose main market is international) by sector - Manufacturing,0,0,
WB_ES,WB_ES_M_BREADY_COMP2,Percent of firms reporting less than two competitors in their main product's main market (excluding firms whose main market is international) by sector - Manufacturing,0,0,
WB_ES,WB_ES_M_BREADY_COMP3,Percent of firms reporting between two and five (inclusive) competitors in their main product's main market (excluding firms whose main market is international) by sector - Manufacturing,0,0,
WB_ES,WB_ES_M_BREADY_COMP4,Percent of firms reporting more than five competitors in their main product's main market (excluding firms whose main market is international) by sector - Manufacturing,0,0,
WB_ES,WB_ES_M_BREADY_COMP5,Percent of firms that cannot increase prices more than competitors without losing customers by sector - Manufacturing,0,0,
WB_ES,WB_ES_M_BREADY_COMP6,Percent of firms reporting their prices to be regulated by sector - Manufacturing,0,0,
WB_ES,WB_ES_M_BREADY_COMP7,Index of change of level of competition over last year by sector - Manufacturing,0,0,
WB_ES,WB_ES_M_BREADY_COMP8,Index of difficulty to switch internet providers by sector - Manufacturing,0,0,
WB_ES,WB_ES_M_BREADY_DISP3,Perceptions of courts being independent and impartial in resolving commercial disputes by sector - Manufacturing,0,0,
WB_ES,WB_ES_M_BREADY_DISP4,Perceptions of arbitration being a reliable alternative to courts for resolving commercial disputes by sector - Manufacturing,0,0,
WB_ES,WB_ES_M_BREADY_DISP5,Perceptions of mediation being a reliable alternative to courts for resolving commercial disputes by sector - Manufacturing,0,0,
WB_ES,WB_ES_M_BREADY_DISP6,Perceptions index of courts as a constraint by sector - Manufacturing,0,0,
WB_ES,WB_ES_M_BREADY_FIN27,Days to receive a decision on loan application by sector - Manufacturing,0,0,
WB_ES,WB_ES_M_BREADY_FIN28,Proportion of sales paid by customers electronically by sector - Manufacturing,0,0,
WB_ES,WB_ES_M_BREADY_FIN29,Days to receive the main type of electronic payment by sector - Manufacturing,0,0,
WB_ES,WB_ES_M_BREADY_FIN30,Cost to receive main type of electronic payment (% of transaction) by sector - Manufacturing,0,0,
WB_ES,WB_ES_M_BREADY_FIN31,Proportion of payments made electronically by sector - Manufacturing,0,0,
WB_ES,WB_ES_M_BREADY_FIN32,Cost to make main type of electronic payment (% of transaction) by sector - Manufacturing,0,0,
WB_ES,WB_ES_M_BREADY_FIN33,Perceptions index of access to finance as a constraint by sector - Manufacturing,0,0,
WB_ES,WB_ES_M_BREADY_GEND7,Percent of firms owned or managed by women among those that held a government contract in last 3 years by sector - Manufacturing,0,0,
WB_ES,WB_ES_M_BREADY_IN18,Percent of firms experiencing water insufficiencies by sector - Manufacturing,0,0,
WB_ES,WB_ES_M_BREADY_IN1_MEDIAN,"Days to obtain an electrical connection, upon application [median] by sector - Manufacturing",0,0,
WB_ES,WB_ES_M_BREADY_IN2,Number of electrical outages in a typical month by sector - Manufacturing,0,0,
WB_ES,WB_ES_M_BREADY_IN21,Percent of firms experiencing internet disruptions by sector - Manufacturing,0,0,
WB_ES,WB_ES_M_BREADY_IN22_MEDIAN,Days to obtain internet connection [median] by sector - Manufacturing,0,0,
WB_ES,WB_ES_M_BREADY_IN3_MEDIAN,"Duration, in hours, of a typical electrical outage [median] by sector - Manufacturing",0,0,
WB_ES,WB_ES_M_BREADY_IN4_MEDIAN,Losses due to electrical outages (% of annual sales) [median] by sector - Manufacturing,0,0,
WB_ES,WB_ES_M_BREADY_IN5_MEDIAN,Days to obtain a water connection [median] by sector - Manufacturing,0,0,
WB_ES,WB_ES_M_BREADY_IN9,Percent of firms owning or sharing a generator by sector - Manufacturing,0,0,
WB_ES,WB_ES_M_BREADY_REG10,Percent of firms visited or inspected for health or safety by sector - Manufacturing,0,0,
WB_ES,WB_ES_M_BREADY_REG11,Percent of firms with a report issued for health or safety inspection by sector - Manufacturing,0,0,
WB_ES,WB_ES_M_BREADY_REG12,Perceptions index of access to land as a constraint by sector - Manufacturing,0,0,
WB_ES,WB_ES_M_BREADY_REG9,Days to receive payment under government contract by sector - Manufacturing,0,0,
WB_ES,WB_ES_M_BREADY_T1,Percent of firms with an internationally-recognized quality certification by sector - Manufacturing,0,0,
WB_ES,WB_ES_M_BREADY_T10,Percent of medium and large firms that spend on R&D in the last fiscal years - Manufacturing,0,0,
WB_ES,WB_ES_M_BREADY_T11,"Percent of firms that introduced a new product/service and process over last 3 years, and spent on R&D over last fiscal year (excluding small firms) by sector - Manufacturing",0,0,
WB_ES,WB_ES_M_BREADY_T9_ML,Percent of medium and large firms that introduced a process innovation over last 3 years - Manufacturing,0,0,
WB_ES,WB_ES_M_BREADY_TAX2,Percent of firms filing taxes electronically by sector - Manufacturing,0,0,
WB_ES,WB_ES_M_BREADY_TAX6,"Percent of firms reporting too long or complicated refund process as the main reason for not applying for a VAT refund, among those providing a reason other than no need by sector - Manufacturing",0,0,
WB_ES,WB_ES_M_BREADY_TAX7,Reported share of social security and employment-based taxes in annual cost of labor by sector - Manufacturing,0,0,
WB_ES,WB_ES_M_BREADY_TAX8,Reported effective income-based tax rate by sector - Manufacturing,0,0,
WB_ES,WB_ES_M_BREADY_TR18_MEDIAN,Days for exported goods to clear all border control agencies [median] by sector - Manufacturing,0,0,
WB_ES,WB_ES_M_BREADY_TR18_U,Average days for all exported goods to clear all border control agencies - Manufacturing,0,0,
WB_ES,WB_ES_M_BREADY_TR19,Percent of firms that export at least some products via parcel service by sector - Manufacturing,0,0,
WB_ES,WB_ES_M_BREADY_TR20,Typical costs to comply with all export requirements (% of value of goods exported) by sector - Manufacturing,0,0,
WB_ES,WB_ES_M_BREADY_TR24_MEDIAN,Days for imported goods to clear all border control agencies [median] by sector - Manufacturing,0,0,
WB_ES,WB_ES_M_BREADY_TR24_U,Average days for all imported goods to clear all border control agencies - Manufacturing,0,0,
WB_ES,WB_ES_M_BREADY_TR26,Perceptions index of customs and trade regulations as a constraint by sector - Manufacturing,0,0,
WB_ES,WB_ES_M_BREADY_WK1,Percent of firms offering formal training over last fiscal year by sector - Manufacturing,0,0,
WB_ES,WB_ES_M_BREADY_WK24,Weeks to dismiss a full-time permanent worker by sector - Manufacturing,0,0,
WB_ES,WB_ES_M_BREADY_WK25,Weeks paid in severance by sector - Manufacturing,0,0,
WB_ES,WB_ES_M_BREADY_WK26,Percent of firms involved in labor dispute over last 3 years by sector - Manufacturing,0,0,
WB_ES,WB_ES_M_BREADY_WK27,Months to resolve labor dispute by sector - Manufacturing,0,0,
WB_ES,WB_ES_M_BREADY_WK28,Perceptions index of labor regulations as a constraint by sector - Manufacturing,0,0,
WB_ES,WB_ES_M_BUS1,Days to obtain an import license by sector - Manufacturing,0,0,
WB_ES,WB_ES_M_BUS2,Days to obtain an operating license by sector - Manufacturing,0,0,
WB_ES,WB_ES_M_BUS3,Days to obtain a construction-related permit by sector - Manufacturing,0,0,
WB_ES,WB_ES_M_BUS5,Percent of firms identifying business licensing and permits as a major or very severe constraint by sector - Manufacturing,0,0,
WB_ES,WB_ES_M_CAR2,Proportion of private domestic ownership in a firm (%) by sector - Manufacturing,0,0,
WB_ES,WB_ES_M_CAR7,Percent of firms with at least 10% of foreign ownership by sector - Manufacturing,0,0,
WB_ES,WB_ES_M_CAR8,Percent of firms with at least 10% of government/state ownership by sector - Manufacturing,0,0,
WB_ES,WB_ES_M_CORR1,Percent of firms expected to give gifts in meetings with tax officials by sector - Manufacturing,0,0,
WB_ES,WB_ES_M_CORR10,Percent of firms expected to give gifts to get an operating license by sector - Manufacturing,0,0,
WB_ES,WB_ES_M_CORR11,Percent of firms identifying corruption as a major or very severe constraint by sector - Manufacturing,0,0,
WB_ES,WB_ES_M_CORR2,Percent of firms expected to give gifts to secure government contract by sector - Manufacturing,0,0,
WB_ES,WB_ES_M_CORR4,Percent of firms expected to give gifts to public officials to get things done by sector - Manufacturing,0,0,
WB_ES,WB_ES_M_CORR6,Percent of firms expected to give gifts to get an electrical connection by sector - Manufacturing,0,0,
WB_ES,WB_ES_M_CORR7,Percent of firms expected to give gifts to get a water connection by sector - Manufacturing,0,0,
WB_ES,WB_ES_M_CORR8,Percent of firms expected to give gifts to get a construction permit by sector - Manufacturing,0,0,
WB_ES,WB_ES_M_CORR9,Percent of firms expected to give gifts to get an import license by sector - Manufacturing,0,0,
WB_ES,WB_ES_M_CRIME9,Percent of firms identifying the courts as a major or very severe constraint by sector - Manufacturing,0,0,
WB_ES,WB_ES_M_DISP1,Percent of firms that had any commercial dispute by sector - Manufacturing,0,0,
WB_ES,WB_ES_M_DISP2,"Percent of firms that use courts, arbitration, mediation, or conciliation to resolve or attempt to resolve its commercial disputes by sector - Manufacturing",0,0,
WB_ES,WB_ES_M_FIN1,Proportion of investment financed internally (%) by sector - Manufacturing,0,0,
WB_ES,WB_ES_M_FIN11,Proportion of loans requiring collateral (%) by sector - Manufacturing,0,0,
WB_ES,WB_ES_M_FIN12,Percent of firms using banks to finance investments by sector - Manufacturing,0,0,
WB_ES,WB_ES_M_FIN13,Percent of firms using banks to finance working capital by sector - Manufacturing,0,0,
WB_ES,WB_ES_M_FIN14,Percent of firms with a bank loan/line of credit by sector - Manufacturing,0,0,
WB_ES,WB_ES_M_FIN15,Percent of firms with a checking or savings account by sector - Manufacturing,0,0,
WB_ES,WB_ES_M_FIN16,Percent of firms identifying access to finance as a major or very severe constraint by sector - Manufacturing,0,0,
WB_ES,WB_ES_M_FIN2,Proportion of investment financed by banks (%) by sector - Manufacturing,0,0,
WB_ES,WB_ES_M_FIN20,Percent of firms not needing a loan by sector - Manufacturing,0,0,
WB_ES,WB_ES_M_FIN23,Percent of firms that are fully credit constrained by sector - Manufacturing,0,0,
WB_ES,WB_ES_M_FIN3,Proportion of investment financed by supplier/customer credit (%) by sector - Manufacturing,0,0,
WB_ES,WB_ES_M_FIN4,Proportion of investment financed by equity or stock sales (%) by sector - Manufacturing,0,0,
WB_ES,WB_ES_M_FIN5,Proportion of investment financed by other financing (%) by sector - Manufacturing,0,0,
WB_ES,WB_ES_M_FIN7,Proportion of working capital financed by banks (%) by sector - Manufacturing,0,0,
WB_ES,WB_ES_M_GEND1,Percent of firms with women participation in ownership by sector - Manufacturing,0,0,
WB_ES,WB_ES_M_GEND2,Proportion of permanent full-time workers that are women (%) by sector - Manufacturing,0,0,
WB_ES,WB_ES_M_GEND3,Proportion of permanent full-time non-production workers that are women (%) by sector - Manufacturing,0,0,
WB_ES,WB_ES_M_GEND4,Percent of firms with a woman top manager by sector - Manufacturing,0,0,
WB_ES,WB_ES_M_GEND5,Proportion of permanent full-time production workers that are women (%) by sector - Manufacturing,0,0,
WB_ES,WB_ES_M_GEND6,Percent of firms with majority women ownership by sector - Manufacturing,0,0,
WB_ES,WB_ES_M_GEND8,Proportion of women workers offered formal training over last fiscal year (%) by sector - Manufacturing,0,0,
WB_ES,WB_ES_M_GRAFT2,Bribery depth (% of public transactions where a gift or informal payment was requested) by sector - Manufacturing,0,0,
WB_ES,WB_ES_M_GRAFT3,Bribery incidence (percent of firms experiencing at least one bribe payment request) by sector - Manufacturing,0,0,
WB_ES,WB_ES_M_IN1,"Days to obtain an electrical connection, upon application by sector - Manufacturing",0,0,
WB_ES,WB_ES_M_IN11,Percent of firms identifying transportation as a major or very severe constraint by sector - Manufacturing,0,0,
WB_ES,WB_ES_M_IN12,Percent of firms identifying electricity as a major or very severe constraint by sector - Manufacturing,0,0,
WB_ES,WB_ES_M_IN16,Percent of firms experiencing electrical outages by sector - Manufacturing,0,0,
WB_ES,WB_ES_M_IN19,Number of water insufficiencies in a typical month by sector - Manufacturing,0,0,
WB_ES,WB_ES_M_IN20,"Duration, in hours, of a typical water shortage by sector - Manufacturing",0,0,
WB_ES,WB_ES_M_IN24,Percent of firms experiencing damage of physical assets due to extreme weather by sector - Manufacturing,0,0,
WB_ES,WB_ES_M_IN25,Percent of firms monitoring own CO2 emissions over last 3 years by sector - Manufacturing,0,0,
WB_ES,WB_ES_M_IN26,Percent of firms adopting energy management measures to reduce emissions over last 3 years by sector - Manufacturing,0,0,
WB_ES,WB_ES_M_IN5,Days to obtain a water connection by sector - Manufacturing,0,0,
WB_ES,WB_ES_M_INFOR1,Percent of firms competing against unregistered or informal firms by sector - Manufacturing,0,0,
WB_ES,WB_ES_M_INFOR2,Percent of firms identifying practices of competitors in the informal sector as a major or very severe constraint by sector - Manufacturing,0,0,
WB_ES,WB_ES_M_INFOR4,Percent of firms formally registered when they started operations by sector - Manufacturing,0,0,
WB_ES,WB_ES_M_JOBS2,Firms that added jobs - Manufacturing,0,0,
WB_ES,WB_ES_M_JOBS3,Job expansion - Manufacturing,0,0,
WB_ES,WB_ES_M_JOBS4,Share in job expansion - Manufacturing,0,0,
WB_ES,WB_ES_M_JOBS5,Firms that reduced jobs - Manufacturing,0,0,
WB_ES,WB_ES_M_JOBS6,Job contraction - Manufacturing,0,0,
WB_ES,WB_ES_M_JOBS7,Share in job contraction - Manufacturing,0,0,
WB_ES,WB_ES_M_JOBS8,Net job creation - Manufacturing,0,0,
WB_ES,WB_ES_M_JOBS9,Share in net job creation - Manufacturing,0,0,
WB_ES,WB_ES_M_LFORM3,Percent of firms with legal status of Sole Proprietorship by sector - Manufacturing,0,0,
WB_ES,WB_ES_M_MGMT2,Score of medium and large firms on action when a problem arose by sector - Manufacturing,0,0,
WB_ES,WB_ES_M_MGMT3,Score of medium and large firms on number of performance indicators monitored by sector - Manufacturing,0,0,
WB_ES,WB_ES_M_MGMT4,Score of medium and large firms on time focus of production/service provision targets by sector - Manufacturing,0,0,
WB_ES,WB_ES_M_MGMT6,Score of medium and large firms on knowledge of production/service provision targets by sector - Manufacturing,0,0,
WB_ES,WB_ES_M_MGMT7,Score of medium and large firms on basis of managers' performance bonuses by sector - Manufacturing,0,0,
WB_ES,WB_ES_M_MGMT8,Score of medium and large firms on extent to which non-managers are promoted based on performance by sector - Manufacturing,0,0,
WB_ES,WB_ES_M_MGMT9,Score of medium and large firms on extent to which under-performing non-managers are reassigned or dismissed by sector - Manufacturing,0,0,
WB_ES,WB_ES_M_OBST1,Percent of firms choosing access to finance as their biggest obstacle by sector - Manufacturing,0,0,
WB_ES,WB_ES_M_OBST10,Percent of firms choosing labor regulations as their biggest obstacle by sector - Manufacturing,0,0,
WB_ES,WB_ES_M_OBST12,Percent of firms choosing practices of the informal sector as their biggest obstacle by sector - Manufacturing,0,0,
WB_ES,WB_ES_M_OBST13,Percent of firms choosing tax administration as their biggest obstacle by sector - Manufacturing,0,0,
WB_ES,WB_ES_M_OBST14,Percent of firms choosing tax rates as their biggest obstacle by sector - Manufacturing,0,0,
WB_ES,WB_ES_M_OBST15,Percent of firms choosing transportation as their biggest obstacle by sector - Manufacturing,0,0,
WB_ES,WB_ES_M_OBST3,Percent of firms choosing business licensing and permits as their biggest obstacle by sector - Manufacturing,0,0,
WB_ES,WB_ES_M_OBST4,Percent of firms choosing corruption as their biggest obstacle by sector - Manufacturing,0,0,
WB_ES,WB_ES_M_OBST6,"Percent of firms choosing crime, theft and disorder as their biggest obstacle by sector - Manufacturing",0,0,
WB_ES,WB_ES_M_OBST7,Percent of firms choosing customs and trade regulations as their biggest obstacle by sector - Manufacturing,0,0,
WB_ES,WB_ES_M_OBST8,Percent of firms choosing electricity as their biggest obstacle by sector - Manufacturing,0,0,
WB_ES,WB_ES_M_OBST9,Percent of firms choosing inadequately educated workforce as their biggest obstacle by sector - Manufacturing,0,0,
WB_ES,WB_ES_M_PERF2,Annual employment growth (%) by sector - Manufacturing,0,0,
WB_ES,WB_ES_M_PERF3,Real annual labor productivity growth (%) by sector - Manufacturing,0,0,
WB_ES,WB_ES_M_REG1,Senior management time spent dealing with the requirements of government regulation (%) by sector - Manufacturing,0,0,
WB_ES,WB_ES_M_REG2_C,"If there were visits, average number of visits or required meetings with tax officials by sector - Manufacturing",0,0,
WB_ES,WB_ES_M_REG4,Percent of firms identifying tax rates as a major or very severe constraint by sector - Manufacturing,0,0,
WB_ES,WB_ES_M_REG5,Percent of firms identifying tax administration as a major or very severe constraint by sector - Manufacturing,0,0,
WB_ES,WB_ES_M_REG8,Percent of firms identifying access to land as a major or very severe constraint by sector - Manufacturing,0,0,
WB_ES,WB_ES_M_T10,Percent of medium and large firms that spend on R&D in the last fiscal years by sector - Manufacturing,0,0,
WB_ES,WB_ES_M_T3,Capacity utilization (%) by sector - Manufacturing,0,0,
WB_ES,WB_ES_M_T4,Percent of firms using technology licensed from foreign companies by sector - Manufacturing,0,0,
WB_ES,WB_ES_M_T5,Percent of firms having their own web site by sector - Manufacturing,0,0,
WB_ES,WB_ES_M_T7_ML,Percent of medium and large firms that introduced a new product/service over last 3 years - Manufacturing,0,0,
WB_ES,WB_ES_M_T8,Percent of firms whose new product/service is also new to the main market by sector - Manufacturing,0,0,
WB_ES,WB_ES_M_T9,Percent of medium and large firms that introduced a process innovation over last 3 years by sector - Manufacturing,0,0,
WB_ES,WB_ES_M_T9_ML,Percent of medium and large firms that introduced a process innovation over last 3 years - Manufacturing,0,0,
WB_ES,WB_ES_M_TR1,Days to clear direct exports through customs by sector - Manufacturing,0,0,
WB_ES,WB_ES_M_TR11,Percent of firms using material inputs and/or supplies of foreign origin by sector - Manufacturing,0,0,
WB_ES,WB_ES_M_TR16,Percent of firms exporting directly at least 10% of sales by sector - Manufacturing,0,0,
WB_ES,WB_ES_M_TR18_U,Average days for all exported goods to clear all border control agencies - Manufacturing,0,0,
WB_ES,WB_ES_M_TR2,Days to clear imports from customs by sector - Manufacturing,0,0,
WB_ES,WB_ES_M_TR21,Percent of firms using material inputs and/or supplies of foreign origin by sector - Manufacturing,0,0,
WB_ES,WB_ES_M_TR22,Proportion of total inputs that are of foreign origin (%) by sector - Manufacturing,0,0,
WB_ES,WB_ES_M_TR23,Days to clear imports from customs by sector - Manufacturing,0,0,
WB_ES,WB_ES_M_TR24_U,Average days for all imported goods to clear all border control agencies - Manufacturing,0,0,
WB_ES,WB_ES_M_TR5,Proportion of total sales that are exported directly (%) by sector - Manufacturing,0,0,
WB_ES,WB_ES_M_TR9,Percent of firms identifying customs and trade regulations as a major or very severe constraint by sector - Manufacturing,0,0,
WB_ES,WB_ES_M_WK10,Percent of firms identifying an inadequately educated workforce as a major or very severe constraint by sector - Manufacturing,0,0,
WB_ES,WB_ES_M_WK15,"Proportion of production workers, out of all permanent workers by sector - Manufacturing",0,0,
WB_ES,WB_ES_M_WK19,"Proportion of skilled workers, out of all permanent production workers (%) by sector - Manufacturing",0,0,
WB_ES,WB_ES_M_WK2,Proportion of workers offered formal training over last fiscal year (%) by sector - Manufacturing,0,0,
WB_ES,WB_ES_M_WK20,Percent of firms where the largest owner is also the top manager by sector - Manufacturing,0,0,
WB_ES,WB_ES_M_WK21,Number of permanent full-time equivalent workers by sector - Manufacturing,0,0,
WB_ES,WB_ES_M_WK22,"Proportion of permanent workers, out of all permanent full-time equivalent workers by sector - Manufacturing",0,0,
WB_ES,WB_ES_M_WK23,Proportion of permanent full time workers that completed high school by sector - Manufacturing,0,0,
WB_ES,WB_ES_M_WK8,Years of the top manager's experience working in the firm's sector by sector - Manufacturing,0,0,
WB_ES,WB_ES_M_WK9,Percent of firms identifying labor regulations as a major or very severe constraint by sector - Manufacturing,0,0,
WB_ES,WB_ES_S_BREADY_BUS3_MEDIAN,Days to obtain a construction-related permit [median] by sector - Services,0,0,
WB_ES,WB_ES_S_BREADY_COMP1,Index of market share of the largest competitor (excluding firms whose main market is international) by sector - Services,0,0,
WB_ES,WB_ES_S_BREADY_COMP3,Percent of firms reporting between two and five (inclusive) competitors in their main product's main market (excluding firms whose main market is international) by sector - Services,0,0,
WB_ES,WB_ES_S_BREADY_COMP4,Percent of firms reporting more than five competitors in their main product's main market (excluding firms whose main market is international) by sector - Services,0,0,
WB_ES,WB_ES_S_BREADY_COMP7,Index of change of level of competition over last year by sector - Services,0,0,
WB_ES,WB_ES_S_BREADY_COMP9,Perceptions of the degree of difficulty to comply with government contract tender requirements by sector - Services,0,0,
WB_ES,WB_ES_S_BREADY_DISP3,Perceptions of courts being independent and impartial in resolving commercial disputes by sector - Services,0,0,
WB_ES,WB_ES_S_BREADY_DISP4,Perceptions of arbitration being a reliable alternative to courts for resolving commercial disputes by sector - Services,0,0,
WB_ES,WB_ES_S_BREADY_DISP5,Perceptions of mediation being a reliable alternative to courts for resolving commercial disputes by sector - Services,0,0,
WB_ES,WB_ES_S_BREADY_DISP6,Perceptions index of courts as a constraint by sector - Services,0,0,
WB_ES,WB_ES_S_BREADY_FIN26,"Percent of firms reporting unfavorable rates, collateral, or procedures as main reason for not applying for loans by sector - Services",0,0,
WB_ES,WB_ES_S_BREADY_FIN28,Proportion of sales paid by customers electronically by sector - Services,0,0,
WB_ES,WB_ES_S_BREADY_FIN29,Days to receive the main type of electronic payment by sector - Services,0,0,
WB_ES,WB_ES_S_BREADY_FIN30,Cost to receive main type of electronic payment (% of transaction) by sector - Services,0,0,
WB_ES,WB_ES_S_BREADY_FIN31,Proportion of payments made electronically by sector - Services,0,0,
WB_ES,WB_ES_S_BREADY_FIN32,Cost to make main type of electronic payment (% of transaction) by sector - Services,0,0,
WB_ES,WB_ES_S_BREADY_FIN33,Perceptions index of access to finance as a constraint by sector - Services,0,0,
WB_ES,WB_ES_S_BREADY_GEND7,Percent of firms owned or managed by women among those that held a government contract in last 3 years by sector - Services,0,0,
WB_ES,WB_ES_S_BREADY_IN1_MEDIAN,"Days to obtain an electrical connection, upon application [median] by sector - Services",0,0,
WB_ES,WB_ES_S_BREADY_IN2,Number of electrical outages in a typical month by sector - Services,0,0,
WB_ES,WB_ES_S_BREADY_IN21,Percent of firms experiencing internet disruptions by sector - Services,0,0,
WB_ES,WB_ES_S_BREADY_IN22_MEDIAN,Days to obtain internet connection [median] by sector - Services,0,0,
WB_ES,WB_ES_S_BREADY_IN23,Perceptions index of transportation as a constraint by sector - Services,0,0,
WB_ES,WB_ES_S_BREADY_IN3_MEDIAN,"Duration, in hours, of a typical electrical outage [median] by sector - Services",0,0,
WB_ES,WB_ES_S_BREADY_IN4_MEDIAN,Losses due to electrical outages (% of annual sales) [median] by sector - Services,0,0,
WB_ES,WB_ES_S_BREADY_IN5_MEDIAN,Days to obtain a water connection [median] by sector - Services,0,0,
WB_ES,WB_ES_S_BREADY_IN9,Percent of firms owning or sharing a generator by sector - Services,0,0,
WB_ES,WB_ES_S_BREADY_REG10,Percent of firms visited or inspected for health or safety by sector - Services,0,0,
WB_ES,WB_ES_S_BREADY_REG11,Percent of firms with a report issued for health or safety inspection by sector - Services,0,0,
WB_ES,WB_ES_S_BREADY_REG9,Days to receive payment under government contract by sector - Services,0,0,
WB_ES,WB_ES_S_BREADY_T11,"Percent of firms that introduced a new product/service and process over last 3 years, and spent on R&D over last fiscal year (excluding small firms) by sector - Services",0,0,
WB_ES,WB_ES_S_BREADY_T7_ML,Percent of medium and large firms that introduced a new product/service over last 3 years - Services,0,0,
WB_ES,WB_ES_S_BREADY_TAX1_MEDIAN,Hours spent on tax compliance annually [median] by sector - Services,0,0,
WB_ES,WB_ES_S_BREADY_TAX2,Percent of firms filing taxes electronically by sector - Services,0,0,
WB_ES,WB_ES_S_BREADY_TAX3,Percent of firms paying taxes electronically by sector - Services,0,0,
WB_ES,WB_ES_S_BREADY_TAX4_MEDIAN,Weeks until the final tax audit report [median] by sector - Services,0,0,
WB_ES,WB_ES_S_BREADY_TAX5_MEDIAN,Weeks to receive VAT refund [median] by sector - Services,0,0,
WB_ES,WB_ES_S_BREADY_TAX6,"Percent of firms reporting too long or complicated refund process as the main reason for not applying for a VAT refund, among those providing a reason other than no need by sector - Services",0,0,
WB_ES,WB_ES_S_BREADY_TAX7,Reported share of social security and employment-based taxes in annual cost of labor by sector - Services,0,0,
WB_ES,WB_ES_S_BREADY_TAX8,Reported effective income-based tax rate by sector - Services,0,0,
WB_ES,WB_ES_S_BREADY_TR24_MEDIAN,Days for imported goods to clear all border control agencies [median] by sector - Services,0,0,
WB_ES,WB_ES_S_BREADY_TR24_U,Average days for all imported goods to clear all border control agencies - Services,0,0,
WB_ES,WB_ES_S_BREADY_TR25,Typical costs to comply with all import requirements (% of value of goods imported) by sector - Services,0,0,
WB_ES,WB_ES_S_BREADY_TR26,Perceptions index of customs and trade regulations as a constraint by sector - Services,0,0,
WB_ES,WB_ES_S_BREADY_WK1,Percent of firms offering formal training over last fiscal year by sector - Services,0,0,
WB_ES,WB_ES_S_BREADY_WK24,Weeks to dismiss a full-time permanent worker by sector - Services,0,0,
WB_ES,WB_ES_S_BREADY_WK25,Weeks paid in severance by sector - Services,0,0,
WB_ES,WB_ES_S_BREADY_WK26,Percent of firms involved in labor dispute over last 3 years by sector - Services,0,0,
WB_ES,WB_ES_S_BREADY_WK27,Months to resolve labor dispute by sector - Services,0,0,
WB_ES,WB_ES_S_BREADY_WK28,Perceptions index of labor regulations as a constraint by sector - Services,0,0,
WB_ES,WB_ES_S_BUS1,Days to obtain an import license by sector - Services,0,0,
WB_ES,WB_ES_S_BUS2,Days to obtain an operating license by sector - Services,0,0,
WB_ES,WB_ES_S_BUS3,Days to obtain a construction-related permit by sector - Services,0,0,
WB_ES,WB_ES_S_CAR1,Age of the establishment (years) by sector - Services,0,0,
WB_ES,WB_ES_S_CAR7,Percent of firms with at least 10% of foreign ownership by sector - Services,0,0,
WB_ES,WB_ES_S_CAR8,Percent of firms with at least 10% of government/state ownership by sector - Services,0,0,
WB_ES,WB_ES_S_CORR1,Percent of firms expected to give gifts in meetings with tax officials by sector - Services,0,0,
WB_ES,WB_ES_S_CORR10,Percent of firms expected to give gifts to get an operating license by sector - Services,0,0,
WB_ES,WB_ES_S_CORR11,Percent of firms identifying corruption as a major or very severe constraint by sector - Services,0,0,
WB_ES,WB_ES_S_CORR4,Percent of firms expected to give gifts to public officials to get things done by sector - Services,0,0,
WB_ES,WB_ES_S_CORR8,Percent of firms expected to give gifts to get a construction permit by sector - Services,0,0,
WB_ES,WB_ES_S_CORR9,Percent of firms expected to give gifts to get an import license by sector - Services,0,0,
WB_ES,WB_ES_S_CRIME9,Percent of firms identifying the courts as a major or very severe constraint by sector - Services,0,0,
WB_ES,WB_ES_S_DISP1,Percent of firms that had any commercial dispute by sector - Services,0,0,
WB_ES,WB_ES_S_DISP2,"Percent of firms that use courts, arbitration, mediation, or conciliation to resolve or attempt to resolve its commercial disputes by sector - Services",0,0,
WB_ES,WB_ES_S_FIN1,Proportion of investment financed internally (%) by sector - Services,0,0,
WB_ES,WB_ES_S_FIN11,Proportion of loans requiring collateral (%) by sector - Services,0,0,
WB_ES,WB_ES_S_FIN13,Percent of firms using banks to finance working capital by sector - Services,0,0,
WB_ES,WB_ES_S_FIN14,Percent of firms with a bank loan/line of credit by sector - Services,0,0,
WB_ES,WB_ES_S_FIN15,Percent of firms with a checking or savings account by sector - Services,0,0,
WB_ES,WB_ES_S_FIN16,Percent of firms identifying access to finance as a major or very severe constraint by sector - Services,0,0,
WB_ES,WB_ES_S_FIN20,Percent of firms not needing a loan by sector - Services,0,0,
WB_ES,WB_ES_S_FIN21,Percent of firms whose recent loan application was rejected by sector - Services,0,0,
WB_ES,WB_ES_S_FIN24,Percent of firms that are partially credit constrained by sector - Services,0,0,
WB_ES,WB_ES_S_FIN4,Proportion of investment financed by equity or stock sales (%) by sector - Services,0,0,
WB_ES,WB_ES_S_FIN7,Proportion of working capital financed by banks (%) by sector - Services,0,0,
WB_ES,WB_ES_S_GEND2,Proportion of permanent full-time workers that are women (%) by sector - Services,0,0,
WB_ES,WB_ES_S_GEND4,Percent of firms with a woman top manager by sector - Services,0,0,
WB_ES,WB_ES_S_GEND6,Percent of firms with majority women ownership by sector - Services,0,0,
WB_ES,WB_ES_S_GEND9,"Proportion of women workers offered formal training over last fiscal year (%, only service sector) by sector - Services",0,0,
WB_ES,WB_ES_S_GRAFT2,Bribery depth (% of public transactions where a gift or informal payment was requested) by sector - Services,0,0,
WB_ES,WB_ES_S_GRAFT3,Bribery incidence (percent of firms experiencing at least one bribe payment request) by sector - Services,0,0,
WB_ES,WB_ES_S_IN1,"Days to obtain an electrical connection, upon application by sector - Services",0,0,
WB_ES,WB_ES_S_IN11,Percent of firms identifying transportation as a major or very severe constraint by sector - Services,0,0,
WB_ES,WB_ES_S_IN12,Percent of firms identifying electricity as a major or very severe constraint by sector - Services,0,0,
WB_ES,WB_ES_S_IN16,Percent of firms experiencing electrical outages by sector - Services,0,0,
WB_ES,WB_ES_S_IN19,Number of water insufficiencies in a typical month by sector - Services,0,0,
WB_ES,WB_ES_S_IN20,"Duration, in hours, of a typical water shortage by sector - Services",0,0,
WB_ES,WB_ES_S_IN24,Percent of firms experiencing damage of physical assets due to extreme weather by sector - Services,0,0,
WB_ES,WB_ES_S_IN25,Percent of firms monitoring own CO2 emissions over last 3 years by sector - Services,0,0,
WB_ES,WB_ES_S_IN5,Days to obtain a water connection by sector - Services,0,0,
WB_ES,WB_ES_S_INFOR1,Percent of firms competing against unregistered or informal firms by sector - Services,0,0,
WB_ES,WB_ES_S_INFOR2,Percent of firms identifying practices of competitors in the informal sector as a major or very severe constraint by sector - Services,0,0,
WB_ES,WB_ES_S_INFOR4,Percent of firms formally registered when they started operations by sector - Services,0,0,
WB_ES,WB_ES_S_INFOR5,Number of years firm operated without formal registration by sector - Services,0,0,
WB_ES,WB_ES_S_JOBS2,Firms that added jobs - Services,0,0,
WB_ES,WB_ES_S_JOBS3,Job expansion - Services,0,0,
WB_ES,WB_ES_S_JOBS4,Share in job expansion - Services,0,0,
WB_ES,WB_ES_S_JOBS5,Firms that reduced jobs - Services,0,0,
WB_ES,WB_ES_S_JOBS6,Job contraction - Services,0,0,
WB_ES,WB_ES_S_JOBS8,Net job creation - Services,0,0,
WB_ES,WB_ES_S_JOBS9,Share in net job creation - Services,0,0,
WB_ES,WB_ES_S_MGMT1,Management practices index by sector - Services,0,0,
WB_ES,WB_ES_S_MGMT2,Score on action when a problem arose by sector - Services,0,0,
WB_ES,WB_ES_S_MGMT3,Score on number of performance indicators monitored by sector - Services,0,0,
WB_ES,WB_ES_S_MGMT5,Score on achievability of production/service provision targets by sector - Services,0,0,
WB_ES,WB_ES_S_MGMT6,Score on knowledge of production/service provision targets by sector - Services,0,0,
WB_ES,WB_ES_S_MGMT7,Score on basis of managers' performance bonuses by sector - Services,0,0,
WB_ES,WB_ES_S_MGMT8,Score on extent to which non-managers are promoted based on performance by sector - Services,0,0,
WB_ES,WB_ES_S_MGMT9,Score on extent to which under-performing non-managers are reassigned or dismissed by sector - Services,0,0,
WB_ES,WB_ES_S_OBST1,Percent of firms choosing access to finance as their biggest obstacle by sector - Services,0,0,
WB_ES,WB_ES_S_OBST10,Percent of firms choosing labor regulations as their biggest obstacle by sector - Services,0,0,
WB_ES,WB_ES_S_OBST12,Percent of firms choosing practices of the informal sector as their biggest obstacle by sector - Services,0,0,
WB_ES,WB_ES_S_OBST13,Percent of firms choosing tax administration as their biggest obstacle by sector - Services,0,0,
WB_ES,WB_ES_S_OBST14,Percent of firms choosing tax rates as their biggest obstacle by sector - Services,0,0,
WB_ES,WB_ES_S_OBST15,Percent of firms choosing transportation as their biggest obstacle by sector - Services,0,0,
WB_ES,WB_ES_S_OBST2,Percent of firms choosing access to land as their biggest obstacle by sector - Services,0,0,
WB_ES,WB_ES_S_OBST3,Percent of firms choosing business licensing and permits as their biggest obstacle by sector - Services,0,0,
WB_ES,WB_ES_S_OBST5,Percent of firms choosing courts as their biggest obstacle by sector - Services,0,0,
WB_ES,WB_ES_S_OBST7,Percent of firms choosing customs and trade regulations as their biggest obstacle by sector - Services,0,0,
WB_ES,WB_ES_S_OBST9,Percent of firms choosing inadequately educated workforce as their biggest obstacle by sector - Services,0,0,
WB_ES,WB_ES_S_PERF1,Real annual sales growth (%) by sector - Services,0,0,
WB_ES,WB_ES_S_PERF2,Annual employment growth (%) by sector - Services,0,0,
WB_ES,WB_ES_S_PERF3,Real annual labor productivity growth (%) by sector - Services,0,0,
WB_ES,WB_ES_S_REG1,Senior management time spent dealing with the requirements of government regulation (%) by sector - Services,0,0,
WB_ES,WB_ES_S_REG2_C,"If there were visits, average number of visits or required meetings with tax officials by sector - Services",0,0,
WB_ES,WB_ES_S_REG5,Percent of firms identifying tax administration as a major or very severe constraint by sector - Services,0,0,
WB_ES,WB_ES_S_REG6,Percent of firms visited or required to meet with tax officials by sector - Services,0,0,
WB_ES,WB_ES_S_REG8,Percent of firms identifying access to land as a major or very severe constraint by sector - Services,0,0,
WB_ES,WB_ES_S_T5,Percent of firms having their own web site by sector - Services,0,0,
WB_ES,WB_ES_S_T7,Percent of firms that introduced a new product/service over last 3 years by sector - Services,0,0,
WB_ES,WB_ES_S_T7_ML,Percent of medium and large firms that introduced a new product/service over last 3 years - Services,0,0,
WB_ES,WB_ES_S_T8,Percent of firms whose new product/service is also new to the main market by sector - Services,0,0,
WB_ES,WB_ES_S_T9,Percent of firms that introduced a process innovation over last 3 years by sector - Services,0,0,
WB_ES,WB_ES_S_T9_ML,Percent of medium and large firms that introduced a process innovation over last 3 years - Services,0,0,
WB_ES,WB_ES_S_TR16,Percent of firms exporting directly at least 10% of sales by sector - Services,0,0,
WB_ES,WB_ES_S_TR21,Percent of firms using material inputs and/or supplies of foreign origin by sector - Services,0,0,
WB_ES,WB_ES_S_TR22,Proportion of total inputs that are of foreign origin (%) by sector - Services,0,0,
WB_ES,WB_ES_S_TR23,Days to clear imports from customs by sector - Services,0,0,
WB_ES,WB_ES_S_TR24_U,Average days for all imported goods to clear all border control agencies - Services,0,0,
WB_ES,WB_ES_S_TR5,Proportion of total sales that are exported directly (%) by sector - Services,0,0,
WB_ES,WB_ES_S_TR9,Percent of firms identifying customs and trade regulations as a major or very severe constraint by sector - Services,0,0,
WB_ES,WB_ES_S_WK10,Percent of firms identifying an inadequately educated workforce as a major or very severe constraint by sector - Services,0,0,
WB_ES,WB_ES_S_WK20,Percent of firms where the largest owner is also the top manager by sector - Services,0,0,
WB_ES,WB_ES_S_WK21,Number of permanent full-time equivalent workers by sector - Services,0,0,
WB_ES,WB_ES_S_WK23,Proportion of permanent full time workers that completed high school by sector - Services,0,0,
WB_ES,WB_ES_S_WK8,Years of the top manager's experience working in the firm's sector by sector - Services,0,0,
WB_ES,WB_ES_S_WK9,Percent of firms identifying labor regulations as a major or very severe constraint by sector - Services,0,0,
WB_ES,WB_ES_T_BREADY_COMP3,Percent of firms reporting between two and five (inclusive) competitors in their main product's main market (excluding firms whose main market is international),0,0,
WB_ES,WB_ES_T_BREADY_COMP4,Percent of firms reporting more than five competitors in their main product's main market (excluding firms whose main market is international),0,0,
WB_ES,WB_ES_T_BREADY_COMP5,Percent of firms that cannot increase prices more than competitors without losing customers,0,0,
WB_ES,WB_ES_T_BREADY_COMP6,Percent of firms reporting their prices to be regulated,0,0,
WB_ES,WB_ES_T_BREADY_COMP7,Index of change of level of competition over last year,0,0,
WB_ES,WB_ES_T_BREADY_COMP8,Index of difficulty to switch internet providers,0,0,
WB_ES,WB_ES_T_BREADY_COMP9,Perceptions of the degree of difficulty to comply with government contract tender requirements,0,0,
WB_ES,WB_ES_T_BREADY_DISP3,Perceptions of courts being independent and impartial in resolving commercial disputes,0,0,
WB_ES,WB_ES_T_BREADY_DISP4,Perceptions of arbitration being a reliable alternative to courts for resolving commercial disputes,0,0,
WB_ES,WB_ES_T_BREADY_DISP5,Perceptions of mediation being a reliable alternative to courts for resolving commercial disputes,0,0,
WB_ES,WB_ES_T_BREADY_FIN26,"Percent of firms reporting unfavorable rates, collateral, or procedures as main reason for not applying for loans",0,0,
WB_ES,WB_ES_T_BREADY_FIN27,Days to receive a decision on loan application,0,0,
WB_ES,WB_ES_T_BREADY_FIN28,Proportion of sales paid by customers electronically,0,0,
WB_ES,WB_ES_T_BREADY_FIN29,Days to receive the main type of electronic payment,0,0,
WB_ES,WB_ES_T_BREADY_FIN30,Cost to receive main type of electronic payment (% of transaction),0,0,
WB_ES,WB_ES_T_BREADY_FIN31,Proportion of payments made electronically,0,0,
WB_ES,WB_ES_T_BREADY_FIN32,Cost to make main type of electronic payment (% of transaction),0,0,
WB_ES,WB_ES_T_BREADY_FIN33,Perceptions index of access to finance as a constraint,0,0,
WB_ES,WB_ES_T_BREADY_GEND7,Percent of firms owned or managed by women among those that held a government contract in last 3 years,0,0,
WB_ES,WB_ES_T_BREADY_IN1_MEDIAN,"Days to obtain an electrical connection, upon application [median]",0,0,
WB_ES,WB_ES_T_BREADY_IN2,Number of electrical outages in a typical month,0,0,
WB_ES,WB_ES_T_BREADY_IN21,Percent of firms experiencing internet disruptions,0,0,
WB_ES,WB_ES_T_BREADY_IN22_MEDIAN,Days to obtain internet connection [median],0,0,
WB_ES,WB_ES_T_BREADY_IN23,Perceptions index of transportation as a constraint,0,0,
WB_ES,WB_ES_T_BREADY_IN3_MEDIAN,"Duration, in hours, of a typical electrical outage [median]",0,0,
WB_ES,WB_ES_T_BREADY_IN4_MEDIAN,Losses due to electrical outages (% of annual sales) [median],0,0,
WB_ES,WB_ES_T_BREADY_IN5_MEDIAN,Days to obtain a water connection [median],0,0,
WB_ES,WB_ES_T_BREADY_IN9,Percent of firms owning or sharing a generator,0,0,
WB_ES,WB_ES_T_BREADY_REG10,Percent of firms visited or inspected for health or safety,0,0,
WB_ES,WB_ES_T_BREADY_REG11,Percent of firms with a report issued for health or safety inspection,0,0,
WB_ES,WB_ES_T_BREADY_REG12,Perceptions index of access to land as a constraint,0,0,
WB_ES,WB_ES_T_BREADY_REG9,Days to receive payment under government contract,0,0,
WB_ES,WB_ES_T_BREADY_T10,Percent of medium and large firms that spend on R&D in the last fiscal years,0,0,
WB_ES,WB_ES_T_BREADY_T7_ML,Percent of medium and large firms that introduced a new product/service over last 3 years,0,0,
WB_ES,WB_ES_T_BREADY_T9_ML,Percent of medium and large firms that introduced a process innovation over last 3 years,0,0,
WB_ES,WB_ES_T_BREADY_TAX1_MEDIAN,Hours spent on tax compliance annually [median],0,0,
WB_ES,WB_ES_T_BREADY_TAX2,Percent of firms filing taxes electronically,0,0,
WB_ES,WB_ES_T_BREADY_TAX3,Percent of firms paying taxes electronically,0,0,
WB_ES,WB_ES_T_BREADY_TAX4_MEDIAN,Weeks until the final tax audit report [median],0,0,
WB_ES,WB_ES_T_BREADY_TAX5_MEDIAN,Weeks to receive VAT refund [median],0,0,
WB_ES,WB_ES_T_BREADY_TAX6,"Percent of firms reporting too long or complicated refund process as the main reason for not applying for a VAT refund, among those providing a reason other than no need",0,0,
WB_ES,WB_ES_T_BREADY_TAX7,Reported share of social security and employment-based taxes in annual cost of labor,0,0,
WB_ES,WB_ES_T_BREADY_TAX8,Reported effective income-based tax rate,0,0,
WB_ES,WB_ES_T_BREADY_TR18_MEDIAN,Days for exported goods to clear all border control agencies [median],0,0,
WB_ES,WB_ES_T_BREADY_TR18_U,Average days for all exported goods to clear all border control agencies,0,0,
WB_ES,WB_ES_T_BREADY_TR19,Percent of firms that export at least some products via parcel service,0,0,
WB_ES,WB_ES_T_BREADY_TR20,Typical costs to comply with all export requirements (% of value of goods exported),0,0,
WB_ES,WB_ES_T_BREADY_TR25,Typical costs to comply with all import requirements (% of value of goods imported),0,0,
WB_ES,WB_ES_T_BREADY_TR26,Perceptions index of customs and trade regulations as a constraint,0,0,
WB_ES,WB_ES_T_BREADY_WK1,Percent of firms offering formal training over last fiscal year,0,0,
WB_ES,WB_ES_T_BREADY_WK24,Weeks to dismiss a full-time permanent worker,0,0,
WB_ES,WB_ES_T_BREADY_WK25,Weeks paid in severance,0,0,
WB_ES,WB_ES_T_BREADY_WK26,Percent of firms involved in labor dispute over last 3 years,0,0,
WB_ES,WB_ES_T_BREADY_WK27,Months to resolve labor dispute,0,0,
WB_ES,WB_ES_T_BUS1,Days to obtain an import license,0,0,
WB_ES,WB_ES_T_BUS2,Days to obtain an operating license,0,0,
WB_ES,WB_ES_T_BUS3,Days to obtain a construction-related permit,0,0,
WB_ES,WB_ES_T_BUS5,Percent of firms identifying business licensing and permits as a major or very severe constraint,0,0,
WB_ES,WB_ES_T_CAR1,Age of the establishment (years),0,0,
WB_ES,WB_ES_T_CAR2,Proportion of private domestic ownership in a firm (%),0,0,
WB_ES,WB_ES_T_CAR7,Percent of firms with at least 10% of foreign ownership,0,0,
WB_ES,WB_ES_T_CAR8,Percent of firms with at least 10% of government/state ownership,0,0,
WB_ES,WB_ES_T_CORR1,Percent of firms expected to give gifts in meetings with tax officials,0,0,
WB_ES,WB_ES_T_CORR10,Percent of firms expected to give gifts to get an operating license,0,0,
WB_ES,WB_ES_T_CORR11,Percent of firms identifying corruption as a major or very severe constraint,0,0,
WB_ES,WB_ES_T_CORR2,Percent of firms expected to give gifts to secure government contract,0,0,
WB_ES,WB_ES_T_CORR4,Percent of firms expected to give gifts to public officials to get things done,0,0,
WB_ES,WB_ES_T_CORR7,Percent of firms expected to give gifts to get a water connection,0,0,
WB_ES,WB_ES_T_CORR9,Percent of firms expected to give gifts to get an import license,0,0,
WB_ES,WB_ES_T_CRIME9,Percent of firms identifying the courts as a major or very severe constraint,0,0,
WB_ES,WB_ES_T_DISP1,Percent of firms that had any commercial dispute,0,0,
WB_ES,WB_ES_T_DISP2,"Percent of firms that use courts, arbitration, mediation, or conciliation to resolve or attempt to resolve its commercial disputes",0,0,
WB_ES,WB_ES_T_FIN1,Proportion of investment financed internally (%),0,0,
WB_ES,WB_ES_T_FIN11,Proportion of loans requiring collateral (%),0,0,
WB_ES,WB_ES_T_FIN12,Percent of firms using banks to finance investments,0,0,
WB_ES,WB_ES_T_FIN13,Percent of firms using banks to finance working capital,0,0,
WB_ES,WB_ES_T_FIN15,Percent of firms with a checking or savings account,0,0,
WB_ES,WB_ES_T_FIN2,Proportion of investment financed by banks (%),0,0,
WB_ES,WB_ES_T_FIN20,Percent of firms not needing a loan,0,0,
WB_ES,WB_ES_T_FIN21,Percent of firms whose recent loan application was rejected,0,0,
WB_ES,WB_ES_T_FIN23,Percent of firms that are fully credit constrained,0,0,
WB_ES,WB_ES_T_FIN24,Percent of firms that are partially credit constrained,0,0,
WB_ES,WB_ES_T_FIN3,Proportion of investment financed by supplier/customer credit (%),0,0,
WB_ES,WB_ES_T_FIN5,Proportion of investment financed by other financing (%),0,0,
WB_ES,WB_ES_T_FIN7,Proportion of working capital financed by banks (%),0,0,
WB_ES,WB_ES_T_GEND1,Percent of firms with women participation in ownership,0,0,
WB_ES,WB_ES_T_GEND3,Proportion of permanent full-time non-production workers that are women (%),0,0,
WB_ES,WB_ES_T_GEND4,Percent of firms with a woman top manager,0,0,
WB_ES,WB_ES_T_GEND5,Proportion of permanent full-time production workers that are women (%),0,0,
WB_ES,WB_ES_T_GEND6,Percent of firms with majority women ownership,0,0,
WB_ES,WB_ES_T_GRAFT3,Bribery incidence (percent of firms experiencing at least one bribe payment request),0,0,
WB_ES,WB_ES_T_IN11,Percent of firms identifying transportation as a major or very severe constraint,0,0,
WB_ES,WB_ES_T_IN12,Percent of firms identifying electricity as a major or very severe constraint,0,0,
WB_ES,WB_ES_T_IN19,Number of water insufficiencies in a typical month,0,0,
WB_ES,WB_ES_T_IN20,"Duration, in hours, of a typical water shortage",0,0,
WB_ES,WB_ES_T_IN24,Percent of firms experiencing damage of physical assets due to extreme weather,0,0,
WB_ES,WB_ES_T_IN25,Percent of firms monitoring own CO2 emissions over last 3 years,0,0,
WB_ES,WB_ES_T_IN26,Percent of firms adopting energy management measures to reduce emissions over last 3 years,0,0,
WB_ES,WB_ES_T_IN5,Days to obtain a water connection,0,0,
WB_ES,WB_ES_T_INFOR1,Percent of firms competing against unregistered or informal firms,0,0,
WB_ES,WB_ES_T_INFOR2,Percent of firms identifying practices of competitors in the informal sector as a major or very severe constraint,0,0,
WB_ES,WB_ES_T_INFOR4,Percent of firms formally registered when they started operations,0,0,
WB_ES,WB_ES_T_INFOR5,Number of years firm operated without formal registration,0,0,
WB_ES,WB_ES_T_JOBS1,Jobs share,0,0,
WB_ES,WB_ES_T_JOBS2,Firms that added jobs,0,0,
WB_ES,WB_ES_T_JOBS3,Job expansion,0,0,
WB_ES,WB_ES_T_JOBS5,Firms that reduced jobs,0,0,
WB_ES,WB_ES_T_JOBS6,Job contraction,0,0,
WB_ES,WB_ES_T_JOBS7,Share in job contraction,0,0,
WB_ES,WB_ES_T_JOBS8,Net job creation,0,0,
WB_ES,WB_ES_T_JOBS9,Share in net job creation,0,0,
WB_ES,WB_ES_T_LFORM3,Percent of firms with legal status of Sole Proprietorship,0,0,
WB_ES,WB_ES_T_MGMT1,Management practices index for medium and large firms,0,0,
WB_ES,WB_ES_T_MGMT2,Score of medium and large firms on action when a problem arose,0,0,
WB_ES,WB_ES_T_MGMT4,Score of medium and large firms on time focus of production/service provision targets,0,0,
WB_ES,WB_ES_T_MGMT5,Score of medium and large firms on achievability of production/service provision targets,0,0,
WB_ES,WB_ES_T_MGMT6,Score of medium and large firms on knowledge of production/service provision targets,0,0,
WB_ES,WB_ES_T_MGMT7,Score of medium and large firms on basis of managers' performance bonuses,0,0,
WB_ES,WB_ES_T_OBST1,Percent of firms choosing access to finance as their biggest obstacle,0,0,
WB_ES,WB_ES_T_OBST10,Percent of firms choosing labor regulations as their biggest obstacle,0,0,
WB_ES,WB_ES_T_OBST11,Percent of firms choosing political instability as their biggest obstacle,0,0,
WB_ES,WB_ES_T_OBST12,Percent of firms choosing practices of the informal sector as their biggest obstacle,0,0,
WB_ES,WB_ES_T_OBST13,Percent of firms choosing tax administration as their biggest obstacle,0,0,
WB_ES,WB_ES_T_OBST14,Percent of firms choosing tax rates as their biggest obstacle,0,0,
WB_ES,WB_ES_T_OBST15,Percent of firms choosing transportation as their biggest obstacle,0,0,
WB_ES,WB_ES_T_OBST2,Percent of firms choosing access to land as their biggest obstacle,0,0,
WB_ES,WB_ES_T_OBST3,Percent of firms choosing business licensing and permits as their biggest obstacle,0,0,
WB_ES,WB_ES_T_OBST4,Percent of firms choosing corruption as their biggest obstacle,0,0,
WB_ES,WB_ES_T_OBST5,Percent of firms choosing courts as their biggest obstacle,0,0,
WB_ES,WB_ES_T_OBST6,"Percent of firms choosing crime, theft and disorder as their biggest obstacle",0,0,
WB_ES,WB_ES_T_OBST8,Percent of firms choosing electricity as their biggest obstacle,0,0,
WB_ES,WB_ES_T_OBST9,Percent of firms choosing inadequately educated workforce as their biggest obstacle,0,0,
WB_ES,WB_ES_T_PERF1,Real annual sales growth (%),0,0,
WB_ES,WB_ES_T_PERF2,Annual employment growth (%),0,0,
WB_ES,WB_ES_T_PERF3,Real annual labor productivity growth (%),0,0,
WB_ES,WB_ES_T_PERF4,Percent of firms buying fixed assets,0,0,
WB_ES,WB_ES_T_REG1,Senior management time spent dealing with the requirements of government regulation (%),0,0,
WB_ES,WB_ES_T_REG4,Percent of firms identifying tax rates as a major or very severe constraint,0,0,
WB_ES,WB_ES_T_REG5,Percent of firms identifying tax administration as a major or very severe constraint,0,0,
WB_ES,WB_ES_T_REG8,Percent of firms identifying access to land as a major or very severe constraint,0,0,
WB_ES,WB_ES_T_T10,Percent of medium and large firms that spend on R&D in the last fiscal years,0,0,
WB_ES,WB_ES_T_T3,Capacity utilization (%),0,0,
WB_ES,WB_ES_T_T5,Percent of firms having their own web site,0,0,
WB_ES,WB_ES_T_T7,Percent of medium and large firms that introduced a new product/service over last 3 years,0,0,
WB_ES,WB_ES_T_T7_ML,Percent of medium and large firms that introduced a new product/service over last 3 years,0,0,
WB_ES,WB_ES_T_T9,Percent of medium and large firms that introduced a process innovation over last 3 years,0,0,
WB_ES,WB_ES_T_T9_ML,Percent of medium and large firms that introduced a process innovation over last 3 years,0,0,
WB_ES,WB_ES_T_TR1,Days to clear direct exports through customs,0,0,
WB_ES,WB_ES_T_TR11,Percent of firms using material inputs and/or supplies of foreign origin,0,0,
WB_ES,WB_ES_T_TR16,Percent of firms exporting directly at least 10% of sales,0,0,
WB_ES,WB_ES_T_TR18_U,Average days for all exported goods to clear all border control agencies,0,0,
WB_ES,WB_ES_T_TR2,Days to clear imports from customs,0,0,
WB_ES,WB_ES_T_TR21,Percent of firms using material inputs and/or supplies of foreign origin,0,0,
WB_ES,WB_ES_T_TR22,Proportion of total inputs that are of foreign origin (%),0,0,
WB_ES,WB_ES_T_TR23,Days to clear imports from customs,0,0,
WB_ES,WB_ES_T_TR24_U,Average days for all imported goods to clear all border control agencies,0,0,
WB_ES,WB_ES_T_TR9,Percent of firms identifying customs and trade regulations as a major or very severe constraint,0,0,
WB_ES,WB_ES_T_WK15,"Proportion of production workers, out of all permanent workers",0,0,
WB_ES,WB_ES_T_WK19,"Proportion of skilled workers, out of all permanent production workers (%)",0,0,
WB_ES,WB_ES_T_WK20,Percent of firms where the largest owner is also the top manager,0,0,
WB_ES,WB_ES_T_WK21,Number of permanent full-time equivalent workers,0,0,
WB_ES,WB_ES_T_WK22,"Proportion of permanent workers, out of all permanent full-time equivalent workers",0,0,
WB_ES,WB_ES_T_WK23,Proportion of permanent full time workers that completed high school,0,0,
WB_ES,WB_ES_T_WK8,Years of the top manager's experience working in the firm's sector,0,0,
WB_ES,WB_ES_T_WK9,Percent of firms identifying labor regulations as a major or very severe constraint,0,0,
WB_ESG,WB_ESG_AG_LND_FRLS_HA,Tree Cover Loss (hectares),0,0,
WB_ESG,WB_ESG_AG_LND_FRST_ZS,Forest area (% of land area),0,0,
WB_ESG,WB_ESG_CC_EST,Control of Corruption: Estimate,0,0,
WB_ESG,WB_ESG_EG_CFT_ACCS_ZS,Access to clean fuels and technologies for cooking (% of population),0,0,
WB_ESG,WB_ESG_EG_EGY_PRIM_PP_KD,Energy intensity level of primary energy (MJ/$2017 PPP GDP),0,0,
WB_ESG,WB_ESG_EG_ELC_ACCS_ZS,Access to electricity (% of population),0,0,
WB_ESG,WB_ESG_EG_ELC_COAL_ZS,Electricity production from coal sources (% of total),0,0,
WB_ESG,WB_ESG_EG_ELC_RNEW_ZS,Renewable electricity output (% of total electricity output),0,0,
WB_ESG,WB_ESG_EG_FEC_RNEW_ZS,Renewable energy consumption (% of total final energy consumption),0,0,
WB_ESG,WB_ESG_EG_IMP_CONS_ZS,"Energy imports, net (% of energy use)",0,0,
WB_ESG,WB_ESG_EG_USE_PCAP_KG_OE,Energy use (kg of oil equivalent per capita),0,0,
WB_ESG,WB_ESG_EN_ATM_CO2E_PC,CO2 emissions (metric tons per capita),0,0,
WB_ESG,WB_ESG_EN_ATM_METH_PC,Methane emissions (metric tons of CO2 equivalent per capita),0,0,
WB_ESG,WB_ESG_EN_ATM_NOXE_PC,Nitrous oxide emissions (metric tons of CO2 equivalent per capita),0,0,
WB_ESG,WB_ESG_EN_CLC_CDDY_XD,Cooling Degree Days,0,0,
WB_ESG,WB_ESG_EN_CLC_GHGR_MT_CE,GHG net emissions/removals by LUCF (Mt of CO2 equivalent),0,0,
WB_ESG,WB_ESG_EN_CLC_HDDY_XD,Heating Degree Days,0,0,
WB_ESG,WB_ESG_EN_CLC_HEAT_XD,Heat Index 35,0,0,
WB_ESG,WB_ESG_EN_CLC_SPEI_XD,Standardised Precipitation-Evapotranspiration Index,0,0,
WB_ESG,WB_ESG_EN_LND_LTMP_DC,Land Surface Temperature,0,0,
WB_ESG,WB_ESG_EN_MAM_THRD_NO,"Mammal species, threatened",0,0,
WB_ESG,WB_ESG_ER_H2O_FWST_ZS,Level of water stress: freshwater withdrawal as a proportion of available freshwater resources,0,0,
WB_ESG,WB_ESG_ER_H2O_FWTL_ZS,"Annual freshwater withdrawals, total (% of internal resources)",0,0,
WB_ESG,WB_ESG_GB_XPD_RSDV_GD_ZS,Research and development expenditure (% of GDP),0,0,
WB_ESG,WB_ESG_GE_EST,Government Effectiveness: Estimate,0,0,
WB_ESG,WB_ESG_IP_JRN_ARTC_SC,Scientific and technical journal articles,0,0,
WB_ESG,WB_ESG_IP_PAT_RESD,"Patent applications, residents",0,0,
WB_ESG,WB_ESG_IT_NET_USER_ZS,Individuals using the Internet (% of population),0,0,
WB_ESG,WB_ESG_NV_AGR_TOTL_ZS,"Agriculture, forestry, and fishing, value added (% of GDP)",0,0,
WB_ESG,WB_ESG_NY_ADJ_DRES_GN_ZS,Adjusted savings: natural resources depletion (% of GNI),0,0,
WB_ESG,WB_ESG_NY_GDP_MKTP_KD_ZG,GDP growth (annual %),0,0,
WB_ESG,WB_ESG_RQ_EST,Regulatory Quality: Estimate,0,0,
WB_ESG,WB_ESG_SD_ESR_PERF_XQ,Economic and Social Rights Performance Score,0,0,
WB_ESG,WB_ESG_SE_ADT_LITR_ZS,"Literacy rate, adult total (% of people ages 15 and above)",0,0,
WB_ESG,WB_ESG_SE_ENR_PRSC_FM_ZS,"School enrollment, primary and secondary (gross), gender parity index (GPI)",0,0,
WB_ESG,WB_ESG_SE_PRM_ENRR,"School enrollment, primary (% gross)",0,0,
WB_ESG,WB_ESG_SE_XPD_TOTL_GB_ZS,"Government expenditure on education, total (% of government expenditure)",0,0,
WB_ESG,WB_ESG_SG_GEN_PARL_ZS,Proportion of seats held by women in national parliaments (%),0,0,
WB_ESG,WB_ESG_SH_DTH_COMM_ZS,"Cause of death, by communicable diseases and maternal, prenatal and nutrition conditions (% of total)",0,0,
WB_ESG,WB_ESG_SH_DYN_MORT,"Mortality rate, under-5 (per 1,000 live births)",0,0,
WB_ESG,WB_ESG_SH_H2O_SMDW_ZS,People using safely managed drinking water services (% of population),0,0,
WB_ESG,WB_ESG_SH_STA_SMSS_ZS,People using safely managed sanitation services (% of population),0,0,
WB_ESG,WB_ESG_SI_DST_FRST_20,Income share held by lowest 20%,0,0,
WB_ESG,WB_ESG_SI_POV_GINI,Gini index,0,0,
WB_ESG,WB_ESG_SL_TLF_0714_ZS,"Children in employment, total (% of children ages 7-14)",0,0,
WB_ESG,WB_ESG_SL_TLF_ACTI_ZS,"Labor force participation rate, total (% of total population ages 15-64) (modeled ILO estimate)",0,0,
WB_ESG,WB_ESG_SL_TLF_CACT_FM_ZS,Ratio of female to male labor force participation rate (%) (modeled ILO estimate),0,0,
WB_ESG,WB_ESG_SL_UEM_TOTL_ZS,"Unemployment, total (% of total labor force) (modeled ILO estimate)",0,0,
WB_ESG,WB_ESG_SM_POP_NETM,Net migration,0,0,
WB_ESG,WB_ESG_SN_ITK_DEFC_ZS,Prevalence of undernourishment (% of population),0,0,
WB_ESG,WB_ESG_SP_DYN_LE00_IN,"Life expectancy at birth, total (years)",0,0,
WB_ESG,WB_ESG_SP_DYN_TFRT_IN,"Fertility rate, total (births per woman)",0,0,
WB_ESG,WB_ESG_SP_POP_65UP_TO_ZS,Population ages 65 and above (% of total population),0,0,
WB_ESG,WB_ESG_SP_UWT_TFRT,Unmet need for contraception (% of married women ages 15-49),0,0,
WB_FINDEX,WB_FINDEX_ACCOUNT_T_D,Account ownership,0,0,
WB_FINDEX,WB_FINDEX_BORROW_ANY_T_D,Borrowed any money,0,0,
WB_FINDEX,WB_FINDEX_CON10,Can use WhatsApp on basic text phone,0,0,
WB_FINDEX,WB_FINDEX_CON11,SIM number registered in own name,0,0,
WB_FINDEX,WB_FINDEX_CON12D,Daily mobile phone use,0,0,
WB_FINDEX,WB_FINDEX_CON12LM,Less than once a month mobile phone use,0,0,
WB_FINDEX,WB_FINDEX_CON12M,Monthly mobile phone use,0,0,
WB_FINDEX,WB_FINDEX_CON12W,Weekly mobile phone use,0,0,
WB_FINDEX,WB_FINDEX_CON13,Used a mobile phone in the past three months,0,0,
WB_FINDEX,WB_FINDEX_CON14,Read a text message on a mobile phone,0,0,
WB_FINDEX,WB_FINDEX_CON15,Can read and understand a text message using English letters,0,0,
WB_FINDEX,WB_FINDEX_CON16,Can send a text message on a mobile phone,0,0,
WB_FINDEX,WB_FINDEX_CON17A,Prefers receiving government news by SMS or text,0,0,
WB_FINDEX,WB_FINDEX_CON17B,Prefers receiving government news by phone call,0,0,
WB_FINDEX,WB_FINDEX_CON17C,Prefers receiving government news by neither call or text,0,0,
WB_FINDEX,WB_FINDEX_CON17D,Prefers receiving government news by both call or text,0,0,
WB_FINDEX,WB_FINDEX_CON18,"Phone has a lock (PIN, password, fingerprint)",0,0,
WB_FINDEX,WB_FINDEX_CON19,Can change PIN or password on mobile phone without help,0,0,
WB_FINDEX,WB_FINDEX_CON20,Family member sets rules for mobile phone use,0,0,
WB_FINDEX,WB_FINDEX_CON21,Received phone call or SMS asking for money in the past 12 months,0,0,
WB_FINDEX,WB_FINDEX_CON22,Sent money to person asking for it via phone/SMS,0,0,
WB_FINDEX,WB_FINDEX_CON23,"Received unwanted offensive messages, photos, or videos",0,0,
WB_FINDEX,WB_FINDEX_CON26D,Daily internet use,0,0,
WB_FINDEX,WB_FINDEX_CON26LM,Less than once a month internet use,0,0,
WB_FINDEX,WB_FINDEX_CON26M,Monthly internet use,0,0,
WB_FINDEX,WB_FINDEX_CON26W,Weekly internet use,0,0,
WB_FINDEX,WB_FINDEX_CON27,Buys data package for internet use,0,0,
WB_FINDEX,WB_FINDEX_CON28D,Buys data package daily,0,0,
WB_FINDEX,WB_FINDEX_CON28LM,Buys data package less than once a month,0,0,
WB_FINDEX,WB_FINDEX_CON28M,Buys data package monthly,0,0,
WB_FINDEX,WB_FINDEX_CON28N,Never buys data package,0,0,
WB_FINDEX,WB_FINDEX_CON28W,Buys data package weekly,0,0,
WB_FINDEX,WB_FINDEX_CON29,Connects to Internet only through free WiFi,0,0,
WB_FINDEX,WB_FINDEX_CON2A,No mobile phone due to lack of money,0,0,
WB_FINDEX,WB_FINDEX_CON2B,No mobile phone due to expensive minutes,0,0,
WB_FINDEX,WB_FINDEX_CON2C,No mobile phone due to unreliable coverage,0,0,
WB_FINDEX,WB_FINDEX_CON2D,No mobile phone due to reading or typing difficulties,0,0,
WB_FINDEX,WB_FINDEX_CON2E,No mobile phone due to family or community disapproval,0,0,
WB_FINDEX,WB_FINDEX_CON2F,No mobile phone due to personal safety concerns,0,0,
WB_FINDEX,WB_FINDEX_CON2G,No mobile phone because using someone else's phone,0,0,
WB_FINDEX,WB_FINDEX_CON30A,Sent a voice message in past three months,0,0,
WB_FINDEX,WB_FINDEX_CON30B,Sent a photo in past three months,0,0,
WB_FINDEX,WB_FINDEX_CON30C,Used social media in past three months,0,0,
WB_FINDEX,WB_FINDEX_CON30D,Read news online in past three months,0,0,
WB_FINDEX,WB_FINDEX_CON30E,Accessed online info to learn/train/educate in past three months,0,0,
WB_FINDEX,WB_FINDEX_CON30F,Used apps/websites to earn money in past three months,0,0,
WB_FINDEX,WB_FINDEX_CON30G,Accessed government services/info online in past three months,0,0,
WB_FINDEX,WB_FINDEX_CON30H,Searched/applied for a job online in past three months,0,0,
WB_FINDEX,WB_FINDEX_CON31A,Does not own a smartphone due to cost,0,0,
WB_FINDEX,WB_FINDEX_CON31B,Does not own a smartphone due to data cost,0,0,
WB_FINDEX,WB_FINDEX_CON31C,Does not own a smartphone due to lack of reliable internet coverage,0,0,
WB_FINDEX,WB_FINDEX_CON31D,Does not own a smartphone due to difficulty reading/typing on a smartphone,0,0,
WB_FINDEX,WB_FINDEX_CON31E,Does not own a smartphone due to disapproval from family/community,0,0,
WB_FINDEX,WB_FINDEX_CON31F,Does not own a smartphone due to safety/security concerns,0,0,
WB_FINDEX,WB_FINDEX_CON31G,Does not own a smartphone because they use someone else's,0,0,
WB_FINDEX,WB_FINDEX_CON31H,Does not own a smartphone because they don't need one,0,0,
WB_FINDEX,WB_FINDEX_CON32A,Main reason for not owning a smartphone: lack of money,0,0,
WB_FINDEX,WB_FINDEX_CON32B,Main reason for not owning a smartphone: mobile minutes too expensive,0,0,
WB_FINDEX,WB_FINDEX_CON32C,Main reason for not owning a smartphone: no reliable coverage,0,0,
WB_FINDEX,WB_FINDEX_CON32D,Main reason for not owning a smartphone: difficulty reading/typing,0,0,
WB_FINDEX,WB_FINDEX_CON32E,Main reason for not owning a smartphone: family/community disapproval,0,0,
WB_FINDEX,WB_FINDEX_CON32F,Main reason for not owning a smartphone: safety/security concerns,0,0,
WB_FINDEX,WB_FINDEX_CON32G,Main reason for not owning a smartphone: uses someone else's phone,0,0,
WB_FINDEX,WB_FINDEX_CON32H,Main reason for not owning a smartphone: no need for a smartphone,0,0,
WB_FINDEX,WB_FINDEX_CON3A,Main reason for no phone: Not enough money,0,0,
WB_FINDEX,WB_FINDEX_CON3B,Main reason for no phone: Buying minutes too expensive,0,0,
WB_FINDEX,WB_FINDEX_CON3C,Main reason for no phone: No reliable coverage,0,0,
WB_FINDEX,WB_FINDEX_CON3D,Main reason for no phone: Difficulty reading or typing,0,0,
WB_FINDEX,WB_FINDEX_CON3E,Main reason for no phone: Family/community disapproval,0,0,
WB_FINDEX,WB_FINDEX_CON3F,Main reason for no phone: Personal safety/security concerns,0,0,
WB_FINDEX,WB_FINDEX_CON3G,Main reason for no phone: Use someone else's phone,0,0,
WB_FINDEX,WB_FINDEX_CON4,Used someone else's phone in past three months,0,0,
WB_FINDEX,WB_FINDEX_CON5A,Phone used was a smartphone,0,0,
WB_FINDEX,WB_FINDEX_CON5B,Phone used was a basic text phone,0,0,
WB_FINDEX,WB_FINDEX_CON6,Used personal SIM card in someone else's phone,0,0,
WB_FINDEX,WB_FINDEX_CON7,Used someone else's phone and family member sets rules for use,0,0,
WB_FINDEX,WB_FINDEX_CON8,Someone in household owns a mobile phone,0,0,
WB_FINDEX,WB_FINDEX_CON9A,Main mobile phone is a smartphone,0,0,
WB_FINDEX,WB_FINDEX_CON9B,Main mobile phone is a basic text phone,0,0,
WB_FINDEX,WB_FINDEX_FH1,Sent domestic remittances,0,0,
WB_FINDEX,WB_FINDEX_FH1_FH2,Sent or received domestic remittances,0,0,
WB_FINDEX,WB_FINDEX_FH2,Received domestic remittances,0,0,
WB_FINDEX,WB_FINDEX_FH2A,Received international remittances,0,0,
WB_FINDEX,WB_FINDEX_FIACCOUNT_T_D,Bank or similar financial institution account,0,0,
WB_FINDEX,WB_FINDEX_FIN10,Owns a credit card,0,0,
WB_FINDEX,WB_FINDEX_FIN11A,No account because bank or similar financial institutions are too far away,0,0,
WB_FINDEX,WB_FINDEX_FIN11B,No account because financial services are too expensive,0,0,
WB_FINDEX,WB_FINDEX_FIN11C,No account because of a lack of necessary documentation,0,0,
WB_FINDEX,WB_FINDEX_FIN11D,No account because of insufficient funds,0,0,
WB_FINDEX,WB_FINDEX_FIN11E,No account because someone in the family has one,0,0,
WB_FINDEX,WB_FINDEX_FIN11F,No account because of a lack of trust in bank or similar financial institutions,0,0,
WB_FINDEX,WB_FINDEX_FIN11_0,Own a card that you can add money to and use to send and receive money or make purchases,0,0,
WB_FINDEX,WB_FINDEX_FIN11_1,Ever had an account at a bank or similar bank or similar financial institution,0,0,
WB_FINDEX,WB_FINDEX_FIN11_2A,Can use account at a bank or similar financial institution without help if opened,0,0,
WB_FINDEX,WB_FINDEX_FIN17A,Saved at a bank or similar financial institution,0,0,
WB_FINDEX,WB_FINDEX_FIN17A1,Saved at a bank or similar financial institution or using a mobile money account,0,0,
WB_FINDEX,WB_FINDEX_FIN17B,Saved money using a mobile money account,0,0,
WB_FINDEX,WB_FINDEX_FIN17C,Saved using a savings club or a person outside the family,0,0,
WB_FINDEX,WB_FINDEX_FIN17DLM,"Saved or set aside money into an account, less than once a month",0,0,
WB_FINDEX,WB_FINDEX_FIN17DM,"Saved or set aside money into an account, monthly",0,0,
WB_FINDEX,WB_FINDEX_FIN17DW,"Saved or set aside money into an account, weekly",0,0,
WB_FINDEX,WB_FINDEX_FIN17E,Received interest or additional money for savings in account in the past 12 months,0,0,
WB_FINDEX,WB_FINDEX_FIN17F,Saved for old age,0,0,
WB_FINDEX,WB_FINDEX_FIN20,Applied for a loan using a mobile phone,0,0,
WB_FINDEX,WB_FINDEX_FIN21,Received loan using a mobile phone,0,0,
WB_FINDEX,WB_FINDEX_FIN22A_1,Borrowed from a mobile money provider,0,0,
WB_FINDEX,WB_FINDEX_FIN22A_22A1_22G_D,Borrowed any money from a formal bank or similar financial institution or using a mobile money account,0,0,
WB_FINDEX,WB_FINDEX_FIN22B,Borrowed from family or friends,0,0,
WB_FINDEX,WB_FINDEX_FIN22D,Borrowed for health or medical purposes,0,0,
WB_FINDEX,WB_FINDEX_FIN22E,Borrowed to start or operate a business,0,0,
WB_FINDEX,WB_FINDEX_FIN22F,Purchased food on credit,0,0,
WB_FINDEX,WB_FINDEX_FIN22G,Used a credit card,0,0,
WB_FINDEX,WB_FINDEX_FIN22H,Paid off all credit card balances in full by their due date,0,0,
WB_FINDEX,WB_FINDEX_FIN24AN,Coming up with emergency funds in 30 days: not possible,0,0,
WB_FINDEX,WB_FINDEX_FIN24AND,Coming up with emergency funds in 30 days: possible and not difficult at all,0,0,
WB_FINDEX,WB_FINDEX_FIN24ASD,Coming up with emergency funds in 30 days: possible and somewhat difficult,0,0,
WB_FINDEX,WB_FINDEX_FIN24ASD_ND,Coming up with emergency funds in 30 days: possible and not difficult or somewhat difficult,0,0,
WB_FINDEX,WB_FINDEX_FIN24AVD,Coming up with emergency funds in 30 days: possible and very difficult,0,0,
WB_FINDEX,WB_FINDEX_FIN24BA,"Less than two weeks can be covered using savings, borrowing, selling something, seeking help from friends and family, or other ways, in case household loses its main source of income",0,0,
WB_FINDEX,WB_FINDEX_FIN24BB,"About one month can be covered using savings, borrowing, selling something, seeking help from friends and family, or other ways, in case household loses its main source of income",0,0,
WB_FINDEX,WB_FINDEX_FIN24BC,"About two months can be covered using savings, borrowing, selling something, seeking help from friends and family, or other ways, in case household loses its main source of income",0,0,
WB_FINDEX,WB_FINDEX_FIN24BD,"More than two months can be covered using savings, borrowing, selling something, seeking help from friends and family, or other ways, in case household loses its main source of income",0,0,
WB_FINDEX,WB_FINDEX_FIN24BOR_SD_ND,"Main source of emergency funds in 30 days: borrowing, possible and not difficult or somewhat difficult",0,0,
WB_FINDEX,WB_FINDEX_FIN24BOR_VD,"Main source of emergency funds in 30 days: borrowing, possible and very difficult",0,0,
WB_FINDEX,WB_FINDEX_FIN24C,Experienced a natural disaster or severe weather event,0,0,
WB_FINDEX,WB_FINDEX_FIN24D1,"Natural disaster in the past three years: Income lost or unable to work, by self or household member",0,0,
WB_FINDEX,WB_FINDEX_FIN24D2,Natural disaster in the past three years: Damage to home or livestock,0,0,
WB_FINDEX,WB_FINDEX_FIN24D3,Natural disaster in the past three years: Unable to access or use their account to withdraw cash or to send or receive money,0,0,
WB_FINDEX,WB_FINDEX_FIN24FAM,Main source of emergency funds in 30 days: family or friends,0,0,
WB_FINDEX,WB_FINDEX_FIN24FAM_SD_ND,"Main source of emergency funds in 30 days: family or friends, possible and not difficult or somewhat difficult",0,0,
WB_FINDEX,WB_FINDEX_FIN24FAM_VD,"Main source of emergency funds in 30 days: family or friends, possible and very difficult",0,0,
WB_FINDEX,WB_FINDEX_FIN24OTHER,Main source of emergency funds in 30 days: other,0,0,
WB_FINDEX,WB_FINDEX_FIN24SAV_SD_ND,"Main source of emergency funds in 30 days: savings, possible and not difficult or somewhat difficult",0,0,
WB_FINDEX,WB_FINDEX_FIN24SAV_VD,"Main source of emergency funds in 30 days: savings, possible and very difficult",0,0,
WB_FINDEX,WB_FINDEX_FIN24SELL,Main source of emergency funds in 30 days: sale of assets,0,0,
WB_FINDEX,WB_FINDEX_FIN24SELL_SD_ND,"Main source of emergency funds in 30 days: sale of assets, possible and not difficult or somewhat difficult",0,0,
WB_FINDEX,WB_FINDEX_FIN24SELL_VD,"Main source of emergency funds in 30 days: sale of assets, possible and very difficult",0,0,
WB_FINDEX,WB_FINDEX_FIN24WORK,Main source of emergency funds in 30 days: work,0,0,
WB_FINDEX,WB_FINDEX_FIN24WORK_SD_ND,"Main source of emergency funds in 30 days: work, possible and not difficult or somewhat difficult",0,0,
WB_FINDEX,WB_FINDEX_FIN25E1,Used mobile phone or card to pay for household food or cleaning supplies,0,0,
WB_FINDEX,WB_FINDEX_FIN25E2,Used mobile phone or card to pay for in-store purchase,0,0,
WB_FINDEX,WB_FINDEX_FIN25E2B,Did NOT use mobile phone or card to pay for in-store purchase,0,0,
WB_FINDEX,WB_FINDEX_FIN25E3LM,Used a mobile phone or card to pay for an instore purchase : less than once a month,0,0,
WB_FINDEX,WB_FINDEX_FIN25E3W,Used a mobile phone or card to pay for an instore purchase : weekly,0,0,
WB_FINDEX,WB_FINDEX_FIN25E4A,Reason for cash payment for in-store purchases : merchant only accepts cash,0,0,
WB_FINDEX,WB_FINDEX_FIN25E4B,Reason for cash payment for in-store purchases : More expensive to pay using a card or phone,0,0,
WB_FINDEX,WB_FINDEX_FIN25E4C,Reason for cash payment for in-store purchases: don't trust payments using a card or a phone,0,0,
WB_FINDEX,WB_FINDEX_FIN25E4D,Reason for cash payment for in-store purchases: used to paying it with cash,0,0,
WB_FINDEX,WB_FINDEX_FIN25E4E,Reason for cash payment for in-store purchases: other,0,0,
WB_FINDEX,WB_FINDEX_FIN26B,Used a mobile phone or the internet to buy something online,0,0,
WB_FINDEX,WB_FINDEX_FIN27A,Made a digital online merchant payment for an online purchase,0,0,
WB_FINDEX,WB_FINDEX_FIN27B,Made a cash payment upon delivery for an online purchase,0,0,
WB_FINDEX,WB_FINDEX_FIN28,Sent domestic remittances: using an account,0,0,
WB_FINDEX,WB_FINDEX_FIN28_29,Sent or received domestic remittances: using an account,0,0,
WB_FINDEX,WB_FINDEX_FIN29,Received domestic remittances: into an account,0,0,
WB_FINDEX,WB_FINDEX_FIN2_T_D,Used a debit card,0,0,
WB_FINDEX,WB_FINDEX_FIN30,Made a utility payment,0,0,
WB_FINDEX,WB_FINDEX_FIN31A,Made a utility payment: using a bank or similar financial institution account,0,0,
WB_FINDEX,WB_FINDEX_FIN31A_31B,Made a utility payment: using an account,0,0,
WB_FINDEX,WB_FINDEX_FIN31B,Made a utility payment: using a mobile phone,0,0,
WB_FINDEX,WB_FINDEX_FIN31C,Made a utility payment: by handing cash to bank staff or an agent,0,0,
WB_FINDEX,WB_FINDEX_FIN31D,Made a utility payment: using cash only,0,0,
WB_FINDEX,WB_FINDEX_FIN32,Received wages,0,0,
WB_FINDEX,WB_FINDEX_FIN32_33,Received public sector wages,0,0,
WB_FINDEX,WB_FINDEX_FIN32_33_34B,Received public sector wages: through a mobile phone,0,0,
WB_FINDEX,WB_FINDEX_FIN32_33_34C,Received public sector wages: in cash only,0,0,
WB_FINDEX,WB_FINDEX_FIN32_33_34D,Received public sector wages: to a card,0,0,
WB_FINDEX,WB_FINDEX_FIN32_33_ACC,Received public sector wages: into an account,0,0,
WB_FINDEX,WB_FINDEX_FIN32_ACC,Received wages: into an account,0,0,
WB_FINDEX,WB_FINDEX_FIN32_N33,Received private sector wages,0,0,
WB_FINDEX,WB_FINDEX_FIN32_N33_34A,Received private sector wages: into a bank or similar financial institution account,0,0,
WB_FINDEX,WB_FINDEX_FIN32_N33_34B,Received private sector wages: through a mobile phone,0,0,
WB_FINDEX,WB_FINDEX_FIN32_N33_34C,Received private sector wages: in cash only,0,0,
WB_FINDEX,WB_FINDEX_FIN32_N33_34D,Received private sector wages: to a card,0,0,
WB_FINDEX,WB_FINDEX_FIN32_N33_ACC,Received private sector wages: into an account,0,0,
WB_FINDEX,WB_FINDEX_FIN34A,Received wages: into a bank or similar financial institution account,0,0,
WB_FINDEX,WB_FINDEX_FIN34B,Received wages: through a mobile phone,0,0,
WB_FINDEX,WB_FINDEX_FIN34C,Received wages: in cash only,0,0,
WB_FINDEX,WB_FINDEX_FIN34D,Received wages: to a card,0,0,
WB_FINDEX,WB_FINDEX_FIN35,Greater than expected withdrawal fee: wages,0,0,
WB_FINDEX,WB_FINDEX_FIN36A,Wage payments: Take all money out of account,0,0,
WB_FINDEX,WB_FINDEX_FIN36B,Wage payments: leave some money in the account,0,0,
WB_FINDEX,WB_FINDEX_FIN37,Received government transfer,0,0,
WB_FINDEX,WB_FINDEX_FIN37_38,Received government transfer or pension,0,0,
WB_FINDEX,WB_FINDEX_FIN37_38_39A,Received government transfer or pension: into bank or similar financial institution account,0,0,
WB_FINDEX,WB_FINDEX_FIN37_38_39B,Received government transfer or pension: through a mobile phone,0,0,
WB_FINDEX,WB_FINDEX_FIN37_38_39D,Received government transfer or pension: to a card,0,0,
WB_FINDEX,WB_FINDEX_FIN37_38_39_ACC,Received government transfer or pension: into an account,0,0,
WB_FINDEX,WB_FINDEX_FIN37_39A,Received government transfer: into a bank or similar financial institution account,0,0,
WB_FINDEX,WB_FINDEX_FIN37_39B,Received government transfer: through a mobile phone,0,0,
WB_FINDEX,WB_FINDEX_FIN37_39C,Received government transfer: cash only,0,0,
WB_FINDEX,WB_FINDEX_FIN37_39D,Received government transfer: to a card,0,0,
WB_FINDEX,WB_FINDEX_FIN37_39_ACC,Received government transfer: into an account,0,0,
WB_FINDEX,WB_FINDEX_FIN38,Received a public sector pension,0,0,
WB_FINDEX,WB_FINDEX_FIN38_39A,Received a public sector pension: into a bank or similar financial institution account,0,0,
WB_FINDEX,WB_FINDEX_FIN38_39C,Received a public sector pension: in cash only,0,0,
WB_FINDEX,WB_FINDEX_FIN38_39D,Received a public sector pension: to a card,0,0,
WB_FINDEX,WB_FINDEX_FIN38_39_ACC,Received a public sector pension: into an account,0,0,
WB_FINDEX,WB_FINDEX_FIN40A,Government transfer or pension: take out all cash at once,0,0,
WB_FINDEX,WB_FINDEX_FIN40B,Government transfer or pension: leave some money in your account,0,0,
WB_FINDEX,WB_FINDEX_FIN41,Greater than expected withdrawal fee: government transfer or pension,0,0,
WB_FINDEX,WB_FINDEX_FIN42,"Received payments for the sale of agricultural products, livestock, or crops",0,0,
WB_FINDEX,WB_FINDEX_FIN42_ACC,Received payments for agricultural products: into an account,0,0,
WB_FINDEX,WB_FINDEX_FIN43A,Received payments for agricultural products: into a bank or similar financial institution account,0,0,
WB_FINDEX,WB_FINDEX_FIN43B,Received payments for agricultural products: through a mobile phone,0,0,
WB_FINDEX,WB_FINDEX_FIN44,Use a phone or the internet to access information about weather or agriculture,0,0,
WB_FINDEX,WB_FINDEX_FIN45A,Most worrying financial issue: money for old age,0,0,
WB_FINDEX,WB_FINDEX_FIN45B,Most worrying financial issue: money for business,0,0,
WB_FINDEX,WB_FINDEX_FIN45C,Most worrying financial issue: paying for medical costs in case of a serious illness or accident,0,0,
WB_FINDEX,WB_FINDEX_FIN45D,Most worrying financial issue: money to pay for monthly expenses or bills,0,0,
WB_FINDEX,WB_FINDEX_FIN45E,Most worrying financial issue: paying school or education fees,0,0,
WB_FINDEX,WB_FINDEX_FIN4_D,First bank or similar financial institution account ever was opened to receive a wage payment or money from the government,0,0,
WB_FINDEX,WB_FINDEX_FIN5LM,"Deposited money into a bank or similar financial institution, less than once a month",0,0,
WB_FINDEX,WB_FINDEX_FIN5M,"Deposited money into a bank or similar financial institution, monthly",0,0,
WB_FINDEX,WB_FINDEX_FIN5N,"Deposited money into a bank or similar financial institution, Never",0,0,
WB_FINDEX,WB_FINDEX_FIN5W,"Deposited money into a bank or similar financial institution, weekly",0,0,
WB_FINDEX,WB_FINDEX_FIN6LM,"Sent or withdrew money from a bank or similar financial institution, less than once a month",0,0,
WB_FINDEX,WB_FINDEX_FIN6M,"Sent or withdrew money from a bank or similar financial institution, monthly",0,0,
WB_FINDEX,WB_FINDEX_FIN6N,"Sent or withdrew money from a bank or similar financial institution, Never",0,0,
WB_FINDEX,WB_FINDEX_FIN6W,"Sent or withdrew money from a bank or similar financial institution, weekly",0,0,
WB_FINDEX,WB_FINDEX_FIN7,Money put into or taken out of account,0,0,
WB_FINDEX,WB_FINDEX_FIN8,Store money in account,0,0,
WB_FINDEX,WB_FINDEX_FIN9A,"Received information about account balance from bank through email, SMS, or text message on mobile in the past 12 months",0,0,
WB_FINDEX,WB_FINDEX_FIN9B,Used a mobile phone or the internet to check account balance,0,0,
WB_FINDEX,WB_FINDEX_FING2P,Received government payments,0,0,
WB_FINDEX,WB_FINDEX_FING2P_ACC,Received government payments: into an account,0,0,
WB_FINDEX,WB_FINDEX_FING2P_CARD,Received government payments: to a card,0,0,
WB_FINDEX,WB_FINDEX_FING2P_CASH,Received government payments: in cash only,0,0,
WB_FINDEX,WB_FINDEX_FING2P_FIN,Received government payments: into a bank or similar financial institution account,0,0,
WB_FINDEX,WB_FINDEX_FING2P_MOB,Received government payments: through a mobile phone,0,0,
WB_FINDEX,WB_FINDEX_G20_ANY,Made or received a digital payment,0,0,
WB_FINDEX,WB_FINDEX_G20_MADE,Made a digital payment,0,0,
WB_FINDEX,WB_FINDEX_INACTIVE_T_D,Has an inactive account,0,0,
WB_FINDEX,WB_FINDEX_INTERNET,Used the internet in the past three months,0,0,
WB_FINDEX,WB_FINDEX_MOBILEACCOUNT_T_D,Mobile money account,0,0,
WB_FINDEX,WB_FINDEX_SAVE_ANY_T_D,Saved any money,0,0,
WB_FSI,WB_FSI_BM_KLT_DINV_CD_WD,"Foreign direct investment, net outflows (BoP, current US$)",0,0,
WB_FSI,WB_FSI_BM_KLT_DINV_WD_GD_ZS,"Foreign direct investment, net outflows (% of GDP)",0,0,
WB_FSI,WB_FSI_BM_TRF_PWKR_CD_DT,"Personal remittances, paid (current US$)",0,0,
WB_FSI,WB_FSI_BN_KLT_DINV_CD,"Foreign direct investment, net (BoP, current US$)",0,0,
WB_FSI,WB_FSI_BX_KLT_DINV_CD_WD,"Foreign direct investment, net inflows (BoP, current US$)",0,0,
WB_FSI,WB_FSI_BX_PEF_TOTL_CD_WD,"Portfolio equity, net inflows (BoP, current US$)",0,0,
WB_FSI,WB_FSI_BX_TRF_PWKR_CD,"Personal transfers, receipts (BoP, current US$)",0,0,
WB_FSI,WB_FSI_FB_AST_NPER_ZS,Bank nonperforming loans to total gross loans (%),0,0,
WB_FSI,WB_FSI_FB_ATM_TOTL_P5,"Automated teller machines (ATMs) (per 100,000 adults)",0,0,
WB_FSI,WB_FSI_FB_BNK_CAPA_ZS,Bank capital to assets ratio (%),0,0,
WB_FSI,WB_FSI_FB_CBK_BRCH_P5,"Commercial bank branches (per 100,000 adults)",0,0,
WB_FSI,WB_FSI_FD_RES_LIQU_AS_ZS,Bank liquid reserves to bank assets ratio (%),0,0,
WB_FSI,WB_FSI_FI_RES_XGLD_CD,Total reserves minus gold (current US$),0,0,
WB_FSI,WB_FSI_FM_AST_DOMO_ZG_M3,Claims on other sectors of the domestic economy (annual growth as % of broad money),0,0,
WB_FSI,WB_FSI_FM_AST_DOMS_CN,Net domestic credit (current LCU),0,0,
WB_FSI,WB_FSI_FM_AST_NFRG_CN,Net foreign assets (current LCU),0,0,
WB_FSI,WB_FSI_FM_AST_PRVT_GD_ZS,Monetary Sector credit to private sector (% GDP),0,0,
WB_FSI,WB_FSI_FM_AST_PRVT_ZG_M3,Claims on private sector (annual growth as % of broad money),0,0,
WB_FSI,WB_FSI_FM_LBL_BMNY_GD_ZS,Broad money (% of GDP),0,0,
WB_FSI,WB_FSI_FM_LBL_BMNY_IR_ZS,Broad money to total reserves ratio,0,0,
WB_FSI,WB_FSI_FM_LBL_BMNY_ZG,Broad money growth (annual %),0,0,
WB_FSI,WB_FSI_FP_CPI_TOTL,Consumer price index (2010 = 100),0,0,
WB_FSI,WB_FSI_FP_CPI_TOTL_ZG,"Inflation, consumer prices (annual %)",0,0,
WB_FSI,WB_FSI_FS_AST_PRVT_GD_ZS,Domestic credit to private sector (% of GDP),0,0,
WB_FSI,WB_FSI_IC_CRD_INFO_XQ,Depth of credit information index (0=low to 8=high),0,0,
WB_FSI,WB_FSI_IC_CRD_PRVT_ZS,Private credit bureau coverage (% of adults),0,0,
WB_FSI,WB_FSI_IC_CRD_PUBL_ZS,Public credit registry coverage (% of adults),0,0,
WB_FSI,WB_FSI_IC_LGL_CRED_XQ,Strength of legal rights index (0=weak to 12=strong),0,0,
WB_FSI,WB_FSI_NY_GDP_DEFL_KD_ZG_AD,"Inflation, GDP deflator: linked series (annual %)",0,0,
WB_FSI,WB_FSI_PA_NUS_FCRF,"Official exchange rate (LCU per US$, period average)",0,0,
WB_FSI,WB_FSI_SI_RMT_COST_IB_ZS,Average transaction cost of sending remittances to a specific country (%),0,0,
WB_FSI,WB_FSI_SM_POP_NETM,Net migration,0,0,
WB_FSI,WB_FSI_SM_POP_TOTL,"International migrant stock, total",0,0,
WB_FSI,WB_FSI_SM_POP_TOTL_ZS,International migrant stock (% of population),0,0,
WB_GBIOD,WB_GBIOD_N_SPP_SMALL50XENDEMIC100,Number of endemic species with small occurrence regions (50x50),0,0,
WB_GBIOD,WB_GBIOD_N_SPP_TOTAL,Number of total species,0,0,
WB_GBIOD,WB_GBIOD_N_SPP_TPROB80,Number of species with an extinction threat probability greater than or equal to 80,0,0,
WB_GEP,WB_GEP_NYGDPMKTPKDZ,"GDP growth, constant (average 2010-19 prices and market exchange rates)",1,1,exports/data360/nepal_summary/samples/WB_GEP_WB_GEP_NYGDPMKTPKDZ.json
WB_GIRG,WB_GIRG_2,Global Indicators of Regulatory Governance: Comments score,0,0,
WB_GIRG,WB_GIRG_5,Global Indicators of Regulatory Governance: Law accessibility score,0,0,
WB_GIRG,WB_GIRG_6,Global Indicators of Regulatory Governance: Regulatory governance score,0,0,
WB_GS,WB_GS_FIN10A,Withdrew money from a financial institution account 2 or more times a month (% age 15+),0,0,
WB_GS,WB_GS_FIN10A_S,"Withdrew money from a financial institution account 2 or more times a month (% who had withdrawn money, age 15+)",0,0,
WB_GS,WB_GS_FIN10_1A,Reason for not using their inactive account: bank or financial institution is too far away (% age 15+),0,0,
WB_GS,WB_GS_FIN10_1A_S,"Reason for not using their inactive account: bank or financial institution is too far away (% with an inactive account, age 15+)",0,0,
WB_GS,WB_GS_FIN10_1B,Reason for not using their inactive account: no need for an account (% age 15+),0,0,
WB_GS,WB_GS_FIN10_1C,Reason for not using their inactive account: don't have enough money to use an account (% age 15+),0,0,
WB_GS,WB_GS_FIN10_1C_S,"Reason for not using their inactive account: don't have enough money to use an account (% with an inactive account, age 15+)",0,0,
WB_GS,WB_GS_FIN10_1D_S,"Reason for not using their inactive account: don't feel comfortable using an account by themselves (% with an inactive account, age 15+)",0,0,
WB_GS,WB_GS_FIN10_1E_S,"Reason for not using their inactive account: don't trust banks or financial institutions (% with an inactive account, age 15+)",0,0,
WB_GS,WB_GS_FIN11A,No account because financial institutions are too far away (% age 15+),0,0,
WB_GS,WB_GS_FIN11A_S,"No account because financial institutions are too far away (% without an account, age 15+)",0,0,
WB_GS,WB_GS_FIN11B,No account because financial services are too expensive (% age 15+),0,0,
WB_GS,WB_GS_FIN11B_S,"No account because financial services are too expensive (% without an account, age 15+)",0,0,
WB_GS,WB_GS_FIN11C,No account because of a lack of necessary documentation (% age 15+),0,0,
WB_GS,WB_GS_FIN11C_S,"No account because of a lack of necessary documentation (% without an account, age 15+)",0,0,
WB_GS,WB_GS_FIN11D,No account because of a lack of trust in financial institutions (% age 15+),0,0,
WB_GS,WB_GS_FIN11D_S,"No account because of a lack of trust in financial institutions (% without an account, age 15+)",0,0,
WB_GS,WB_GS_FIN11E,No account because of religious reasons (% age 15+),0,0,
WB_GS,WB_GS_FIN11E_S,"No account because of religious reasons (% without an account, age 15+)",0,0,
WB_GS,WB_GS_FIN11F_S,"No account because of insufficient funds (% without an account, age 15+)",0,0,
WB_GS,WB_GS_FIN11G,No account because someone in the family has one (% age 15+),0,0,
WB_GS,WB_GS_FIN11_1,"Can use account at a bank or financial institution without help if opened (% without an account, age 15+)",0,0,
WB_GS,WB_GS_FIN13D,"Can use a mobile money account without help from anyone, including a mobile money agent (% age 15+)",0,0,
WB_GS,WB_GS_FIN13D_S,"Can use a mobile money account without help from anyone, including a mobile money agent (% with a mobile money account, age 15+)",0,0,
WB_GS,WB_GS_FIN13_1A,Reason for not having a mobile money account: mobile money agents are too far away (% age 15+),0,0,
WB_GS,WB_GS_FIN13_1C_S,"Reason for not having a mobile money account: don't have the necessary documentation (% without an account, age 15+)",0,0,
WB_GS,WB_GS_FIN13_1D,Reason for not having a mobile money account: don't have enough money to use a mobile money account (% age 15+),0,0,
WB_GS,WB_GS_FIN13_1D_S,"Reason for not having a mobile money account: don't have enough money to use a mobile money account (% without an account, age 15+)",0,0,
WB_GS,WB_GS_FIN13_1E,Reason for not having a mobile money account: use an agent or someone else to make payments (% age 15+),0,0,
WB_GS,WB_GS_FIN13_1E_S,"Reason for not having a mobile money account: use an agent or someone else to make payments (% without an account, age 15+)",0,0,
WB_GS,WB_GS_FIN13_1F_S,"Reason for not having a mobile money account: do not have their own mobile phone (% without an account, age 15+)",0,0,
WB_GS,WB_GS_FIN14A1_D,Used a mobile phone or the internet to send money (% age 15+),0,0,
WB_GS,WB_GS_FIN14A_A,Used a mobile phone or the internet to pay bills in the past year (% age 15+),0,0,
WB_GS,WB_GS_FIN14C2,Made a digital online payment for an online purchase for the first time after COVID-19 started (% age 15+),0,0,
WB_GS,WB_GS_FIN14_1_D,Made a digital in-store merchant payment: using a mobile phone (% age 15+),0,0,
WB_GS,WB_GS_FIN14_2,Made a digital in-store merchant payment for the first time after COVID-19 started (% age 15+),0,0,
WB_GS,WB_GS_FIN14_2_S,"Made a digital in-store merchant payment for the first time after COVID-19 started (% who made a digital in-store payment, age 15+)",0,0,
WB_GS,WB_GS_FIN15_T_A,"Saved to start, operate, or expand a farm or business (% age 15+)",0,0,
WB_GS,WB_GS_FIN16_T_A,Saved for old age (% age 15+),0,0,
WB_GS,WB_GS_FIN17A1_D,Saved money using a mobile money account (% age 15+),0,0,
WB_GS,WB_GS_FIN17A_17A1_D,Saved at a financial institution or using a mobile money account (% age 15+),0,0,
WB_GS,WB_GS_FIN17A_T_A,Saved at a financial institution (% age 15+),0,0,
WB_GS,WB_GS_FIN17B_T_A,Saved using a savings club or a person outside the family (% age 15+),0,0,
WB_GS,WB_GS_FIN18_T_D,Saved any money in the past year (% age 15+),0,0,
WB_GS,WB_GS_FIN1_T_A,Financial institution account (% age 15+),0,0,
WB_GS,WB_GS_FIN20B_T_A,Borrowed for health or medical purposes (% age 15+),0,0,
WB_GS,WB_GS_FIN21B_T_14_A,Borrowed from a store by buying on credit (% age 15+),0,0,
WB_GS,WB_GS_FIN21_T_A,"Borrowed to start, operate, or expand a farm or business (% age 15+)",0,0,
WB_GS,WB_GS_FIN22A_14_A,Borrowed for education or school fees (% age 15+),0,0,
WB_GS,WB_GS_FIN22A_C_MM_D,Borrowed any money from a formal financial institution or using a mobile money account (% age 15+),0,0,
WB_GS,WB_GS_FIN22A_T_A,Borrowed from a financial institution (% age 15+),0,0,
WB_GS,WB_GS_FIN22B_T_A,Borrowed from family or friends (% age 15+),0,0,
WB_GS,WB_GS_FIN22C_A,Borrowed from a savings club (% age 15+),0,0,
WB_GS,WB_GS_FIN23_T_D,Borrowed any money in the past year (% age 15+),0,0,
WB_GS,WB_GS_FIN24A_T_A,Coming up with emergency funds in 30 days: possible (% age 15+),0,0,
WB_GS,WB_GS_FIN24B_T_A,Coming up with emergency funds in 30 days: not possible (% age 15+),0,0,
WB_GS,WB_GS_FIN26_28_T_A,Sent or received domestic remittances in the past year (% age 15+),0,0,
WB_GS,WB_GS_FIN26_T_A,Received domestic remittances in the past year (% age 15+),0,0,
WB_GS,WB_GS_FIN28_T_A,Sent domestic remittances in the past year (% age 15+),0,0,
WB_GS,WB_GS_FIN2_T_A,Debit card ownership (% age 15+),0,0,
WB_GS,WB_GS_FIN30_T_A,Paid utility bills in the past year (% age 15+),0,0,
WB_GS,WB_GS_FIN31B1,Made a utility payment: using an account for the first time after COVID-19 started (% age 15+),0,0,
WB_GS,WB_GS_FIN37_38_T_D,Received government transfer or pension (% age 15+),0,0,
WB_GS,WB_GS_FIN37_T_A,Received government transfers in the past year (% age 15+),0,0,
WB_GS,WB_GS_FIN38_A,Received a public sector pension in the past year (% age 15+),0,0,
WB_GS,WB_GS_FIN42_T_D,"Received payments for the sale of agricultural products, livestock, or crops (% age 15+)",0,0,
WB_GS,WB_GS_FIN44A,Worried about not having enough money for old age (% age 15+),0,0,
WB_GS,WB_GS_FIN44B,Worried about not being able to pay for medical costs in case of a serious illness or accident (% age 15+),0,0,
WB_GS,WB_GS_FIN44C,Worried about not having enough money for monthly expenses or bills (% age 15+),0,0,
WB_GS,WB_GS_FIN44D,Worried about not being able to pay school fees or fees for education (% age 15+),0,0,
WB_GS,WB_GS_FIN45_1,Experience or continue to experience severe financial hardship as a result of the disruption caused by COVID-19 (% age 15+),0,0,
WB_GS,WB_GS_FIN5_D_S,"Used a mobile phone or the internet to access an account (% with an account, age 15+)",0,0,
WB_GS,WB_GS_FIN7_T_A,Credit card ownership (% age 15+),0,0,
WB_GS,WB_GS_FIN9N_10N_T_D,Has an inactive account (% age 15+),0,0,
WB_GS,WB_GS_FING2P_T_D,Received government payments in the past year (% age 15+),0,0,
WB_GS,WB_GS_FP_CPI_TOTL_ZG,"Inflation, consumer prices (annual %)",0,0,
WB_GS,WB_GS_FX_OWN_TOTL_ZS,Account ownership at a financial institution or with a mobile-money-service provider (% of population ages 15+),0,0,
WB_GS,WB_GS_G20_T,Made or received digital payments in the past year (% age 15+),0,0,
WB_GS,WB_GS_G20_T_MADE,Made digital payments in the past year (% age 15+),0,0,
WB_GS,WB_GS_G20_T_RECEIVE,Received digital payments in the past year (% age 15+),0,0,
WB_GS,WB_GS_HD_HCI_AMRT,Survival Rate from Age 15-60,0,0,
WB_GS,WB_GS_HD_HCI_LAYS,Learning-Adjusted Years of School,0,0,
WB_GS,WB_GS_HD_HCI_MORT,Probability of Survival to Age 5,0,0,
WB_GS,WB_GS_HD_HCI_OVRL,Human Capital Index (HCI) (scale 0-1),0,0,
WB_GS,WB_GS_HD_HCI_OVRL_UB,"Human Capital Index, Upper Bound (scale 0-1)",0,0,
WB_GS,WB_GS_IC_FRM_FEMM_ZS,Firms with female top manager (% of firms),0,0,
WB_GS,WB_GS_IC_REG_COST_PC_ZS,Cost of business start-up procedures (% of GNI per capita),0,0,
WB_GS,WB_GS_IC_REG_PROC,Start-up procedures to register a business (number),0,0,
WB_GS,WB_GS_IC_WEF_LLCD,Number of directors,0,0,
WB_GS,WB_GS_IC_WEF_LLCD_ZS,Share of directors (% of total directors),0,0,
WB_GS,WB_GS_IC_WEF_LLCO,Number of business owners,0,0,
WB_GS,WB_GS_IC_WEF_LLCO_ZS,Share of business owners (% of total business owners),0,0,
WB_GS,WB_GS_IC_WEF_SOLO,Number of sole proprietors,0,0,
WB_GS,WB_GS_IC_WEF_SOLO_ZS,Share of sole proprietors (% of sole proprietors),0,0,
WB_GS,WB_GS_MOBILEACCOUNT_T_D,Mobile money account (% age 15+),0,0,
WB_GS,WB_GS_NY_GDP_MKTP_CD,GDP (current US$),0,0,
WB_GS,WB_GS_NY_GDP_MKTP_KD_ZG,GDP growth (annual %),0,0,
WB_GS,WB_GS_NY_GDP_PCAP_CD,GDP per capita (current US$),0,0,
WB_GS,WB_GS_NY_GDP_PCAP_KD,GDP per capita (constant 2010 US$),0,0,
WB_GS,WB_GS_NY_GNP_ATLS_CD,"GNI, Atlas method (current US$)",0,0,
WB_GS,WB_GS_NY_GNP_PCAP_CD,"GNI per capita, Atlas method (current US$)",0,0,
WB_GS,WB_GS_NY_GNP_PCAP_PP_CD,"GNI per capita, PPP (current international $)",0,0,
WB_GS,WB_GS_SE_ADT,Literacy rate (%),0,0,
WB_GS,WB_GS_SE_ADT_1524_LT_FM_ZS,"Literacy rate, gender parity index (youth ages 15-24)",0,0,
WB_GS,WB_GS_SE_CUAT_ZS,"Educational attainment by level of education, cumulative (% population 25+)",0,0,
WB_GS,WB_GS_SE_LPV_PRIM,Learning poverty: Share of Children at the End-of-Primary age below minimum reading proficiency adjusted by Out-of-School Children (%),0,0,
WB_GS,WB_GS_SE_LPV_PRIM_BMP,Pupils below minimum reading proficiency at end of primary (%). Low GAML threshold,0,0,
WB_GS,WB_GS_SE_LPV_PRIM_OOS,Primary school age children out-of-school (%),0,0,
WB_GS,WB_GS_SE_PRM_CMPL_ZS,"Primary completion rate, based on completers (%)",0,0,
WB_GS,WB_GS_SE_PRM_CMPT_ZS,Primary completion rate (% of relevant age group),0,0,
WB_GS,WB_GS_SE_PRM_ENRL_FE_ZS,"Primary education, pupils (% female)",0,0,
WB_GS,WB_GS_SE_PRM_ENRR,"School enrollment, primary (%)",0,0,
WB_GS,WB_GS_SE_PRM_GINT_ZS,"Gross intake ratio in grade 1, total (% of relevant age group)",0,0,
WB_GS,WB_GS_SE_PRM_NINT_ZS,Net intake rate in grade 1 (% of official school-age population),0,0,
WB_GS,WB_GS_SE_PRM_PRS5_ZS,Persistence to grade 5 (% of cohort),0,0,
WB_GS,WB_GS_SE_PRM_TCHR_FE_ZS,"Primary education, teachers (% female)",0,0,
WB_GS,WB_GS_SE_PRM_TENR,"Adjusted net enrollment rate, primary (% of primary school age children)",0,0,
WB_GS,WB_GS_SE_PRM_UNER,"Children out of school, primary (Number)",0,0,
WB_GS,WB_GS_SE_SCH_LIFE,Expected years of schooling,0,0,
WB_GS,WB_GS_SE_SEC_CMPT_LO_ZS,Lower secondary completion rate (% of relevant age group),0,0,
WB_GS,WB_GS_SE_SEC_ENRL_MA_VO_ZS,"Students in secondary education enrolled in vocational programmes, male (%)",0,0,
WB_GS,WB_GS_SE_SEC_ENRL_VO,"Secondary education, vocational pupils",0,0,
WB_GS,WB_GS_SE_SEC_ENRL_VO_FE_ZS,"Secondary education, vocational pupils (% female)",0,0,
WB_GS,WB_GS_SE_SEC_ENRL_VO_ZS,Vocational and technical enrolment (% of total secondary enrolment),0,0,
WB_GS,WB_GS_SE_SEC_ENRR,"School enrollment, secondary (%)",0,0,
WB_GS,WB_GS_SE_SEC_PROG_ZS,Progression to secondary school (%),0,0,
WB_GS,WB_GS_SE_TER_TCHR_FE_ZS,"Tertiary education, academic staff (% female)",0,0,
WB_GS,WB_GS_SE_XPD_GD_ZS,Government expenditure on education (% of GDP),0,0,
WB_GS,WB_GS_SG_AGE_FUPN_EQ,The age at which men and women can retire with full pension benefits is the same (1=yes; 0=no),0,0,
WB_GS,WB_GS_SG_AGE_RTRE,Mandatory retirement age,0,0,
WB_GS,WB_GS_SG_AGE_RTRE_BEN,Retirement age by type of benefits,0,0,
WB_GS,WB_GS_SG_APL_PSPT_EQ,A woman can apply for a passport in the same way as a man (1=yes; 0=no),0,0,
WB_GS,WB_GS_SG_CNT_SIGN_EQ,A woman can sign a contract in the same way as a man (1=yes; 0=no),0,0,
WB_GS,WB_GS_SG_COK_CHCO_ZS,Main cooking fuel: charcoal (% of households),0,0,
WB_GS,WB_GS_SG_COK_CROP_ZS,Main cooking fuel: agricultural crop (% of households),0,0,
WB_GS,WB_GS_SG_COK_ELEC_ZS,Main cooking fuel: electricity (% of households),0,0,
WB_GS,WB_GS_SG_COK_LPGN_ZS,Main cooking fuel: LPG/natural gas/biogas (% of households),0,0,
WB_GS,WB_GS_SG_COK_OTHR_ZS,Location of cooking: other places (% of households),0,0,
WB_GS,WB_GS_SG_COK_OUTD_ZS,Location of cooking: outdoors (% of households),0,0,
WB_GS,WB_GS_SG_COK_SBLD_ZS,Location of cooking: separate building (% of households),0,0,
WB_GS,WB_GS_SG_COK_STRW_ZS,Main cooking fuel: straw/shrubs/grass (% of households),0,0,
WB_GS,WB_GS_SG_COK_WOOD_ZS,Main cooking fuel: wood (% of households),0,0,
WB_GS,WB_GS_SG_CTR_TRVL_EQ,A woman can travel outside the country in the same way as a man (1=yes; 0=no),0,0,
WB_GS,WB_GS_SG_DMK,"Women participating in decisions related to health care, purchases, visiting family, and cooking (%)",0,0,
WB_GS,WB_GS_SG_DMK_SRCR_FN_ZS,"Women making their own informed decisions regarding sexual relations, contraceptive use and reproductive health care (% of women age 15-49)",0,0,
WB_GS,WB_GS_SG_DNG_WORK_DN_EQ,A woman can work in a job deemed dangerous in the same way as a man (1=yes; 0=no),0,0,
WB_GS,WB_GS_SG_GEN_PARL_ZS,Proportion of seats held by women in national parliaments (%),0,0,
WB_GS,WB_GS_SG_GET_JOBS_EQ,A woman can get a job in the same way as a man (1=yes; 0=no),0,0,
WB_GS,WB_GS_SG_H2O_PRMS_HH_ZS,Households with water on the premises (%),0,0,
WB_GS,WB_GS_SG_H2O_TL30_HH_ZS,Households with water less than 30 minutes away round trip (%),0,0,
WB_GS,WB_GS_SG_H2O_TM30_HH_ZS,Households with water 30 minutes or longer away round trip (%),0,0,
WB_GS,WB_GS_SG_HLD_HEAD_EQ,A woman can be head of household in the same way as a man (1=yes; 0=no),0,0,
WB_GS,WB_GS_SG_HME_TRVL_EQ,A woman can travel outside her home in the same way as a man (1=yes; 0=no),0,0,
WB_GS,WB_GS_SG_IHT_ASST_EQ,Female and male surviving spouses have equal rights to inherit assets (1=yes; 0=no),0,0,
WB_GS,WB_GS_SG_IND_WORK_EQ,A woman can work in an industrial job in the same way as a man (1=yes; 0=no),0,0,
WB_GS,WB_GS_SG_LAW_ASST_AR,The law grants spouses equal administrative authority over assets during marriage (1=yes; 0=no),0,0,
WB_GS,WB_GS_SG_LAW_EQRM_WK,Law mandates equal remuneration for females and males for work of equal value (1=yes; 0=no),0,0,
WB_GS,WB_GS_SG_LAW_INDX,Women Business and the Law Index Score (scale 1-100),0,0,
WB_GS,WB_GS_SG_LAW_INDX_AS,"Women, Business and the Law: Assets Indicator Score (scale 1-100)",0,0,
WB_GS,WB_GS_SG_LAW_INDX_EN,"Women, Business and the Law: Entrepreneurship Indicator Score (scale 1-100)",0,0,
WB_GS,WB_GS_SG_LAW_INDX_MO,"Women, Business and the Law: Mobility Indicator Score (scale 1-100)",0,0,
WB_GS,WB_GS_SG_LAW_INDX_MR,"Women, Business and the Law: Marriage Indicator Score (scale 1-100)",0,0,
WB_GS,WB_GS_SG_LAW_INDX_PE,"Women, Business and the Law: Pension Indicator Score (scale 1-100)",0,0,
WB_GS,WB_GS_SG_LAW_INDX_PR,"Women, Business and the Law: Parenthood Indicator Score (scale 1-100)",0,0,
WB_GS,WB_GS_SG_LAW_INDX_PY,"Women, Business and the Law: Pay Indicator Score (scale 1-100)",0,0,
WB_GS,WB_GS_SG_LAW_NMCN,The law provides for the valuation of nonmonetary contributions (1=yes; 0=no),0,0,
WB_GS,WB_GS_SG_LAW_NODC_HR,Law prohibits discrimination in employment based on gender (1=yes; 0=no),0,0,
WB_GS,WB_GS_SG_LAW_OBHB_MR_NO,There is no legal provision that requires a married woman to obey her husband (1=yes; 0=no),0,0,
WB_GS,WB_GS_SG_LEG_DVAW,There is legislation specifically addressing domestic violence (1=yes; 0=no),0,0,
WB_GS,WB_GS_SG_LEG_SXHR_EM,There is legislation on sexual harassment in employment (1=yes; 0=no),0,0,
WB_GS,WB_GS_SG_LOC_LIVE_EQ,A woman can choose where to live in the same way as a man (1=yes; 0=no),0,0,
WB_GS,WB_GS_SG_MHG_PADP_ZS,Women and girls who participate in activities during menstrual period (% of women and girls ages 15-49 who had a menstrual period within the last year),0,0,
WB_GS,WB_GS_SG_MHG_PPDP_ZS,Women and girls who have private places to wash and change during menstrual period (% of women and girls ages 15-49 who had a menstrual period within the last year),0,0,
WB_GS,WB_GS_SG_NGT_WORK_EQ,A woman can work at night in the same way as a man (1=yes; 0=no),0,0,
WB_GS,WB_GS_SG_OBT_DVRC_EQ,A woman can obtain a judgment of divorce in the same way as a man (1=yes; 0=no),0,0,
WB_GS,WB_GS_SG_OPN_BANK_EQ,A woman can open a bank account in the same way as a man (1=yes; 0=no),0,0,
WB_GS,WB_GS_SG_OWN_HS,Ownership of a house (%),0,0,
WB_GS,WB_GS_SG_OWN_LD,Ownership of land (%),0,0,
WB_GS,WB_GS_SG_OWN_PRRT_IM,Men and married women have equal ownership rights to immovable property (1=yes; 0=no),0,0,
WB_GS,WB_GS_SG_PEN_SXHR_EM,Criminal penalties or civil remedies exist for sexual harassment in employment (1=yes; 0=no),0,0,
WB_GS,WB_GS_SG_POP_MIGR_FE_ZS,"Migrants, female (% of international migrant stock)",0,0,
WB_GS,WB_GS_SG_RSX,Women who believe a wife is justified refusing sex with her husband (%),0,0,
WB_GS,WB_GS_SG_SXL_SX15_ZS,Proportion who initiated sexual intercourse by or before age 15,0,0,
WB_GS,WB_GS_SG_VAW_1549_ZS,Proportion of women subjected to physical and/or sexual violence in the last 12 months (%),0,0,
WB_GS,WB_GS_SG_VAW_AFSX_ZS,Proportion of women who have ever experienced any form of sexual violence (% of women age 15-49),0,0,
WB_GS,WB_GS_SG_VAW_HLPV_TD_ZS,"Proportion of women who have never sought help to stop violence, but told someone (% of ever-married women ages 15-49 who have ever experienced any physical or sexual violence)",0,0,
WB_GS,WB_GS_SG_VAW_HLPV_ZS,Proportion of women who have sought help to stop physical or sexual violence (% of women age 15-49),0,0,
WB_GS,WB_GS_SG_VAW_IPCB_ZS,Women whose husband or partner has ever demonstrated controlling behaviors (% of ever-married women ages 15-49),0,0,
WB_GS,WB_GS_SG_VAW_IPVE_BM_ZS,Women whose first experience of spousal physical or sexual violence was before marriage  (% of currently married women age 15-49 who have been married only once),0,0,
WB_GS,WB_GS_SG_VAW_IPVE_M_ZS,Women whose first experience of spousal physical or sexual violence was during marriage  (% of currently married women age 15-49 who have been married only once),0,0,
WB_GS,WB_GS_SG_VAW_IPVE_NV_ZS,Women who have not experienced spousal physical or sexual violence (% of currently married women age 15-49 who have been married only once),0,0,
WB_GS,WB_GS_SG_VAW_IPVE_ZS,Proportion of women who have ever experienced intimate partner violence (%),0,0,
WB_GS,WB_GS_SG_VAW_IP_LT_ZS,Women who have ever experienced violence committed by their husband/partner by type of violence  (% of ever-married women ages 15-49),0,0,
WB_GS,WB_GS_SG_VAW_IP_LY_ZS,Women who have experienced violence committed by their husband/partner in the last 12 months by type of violence (% of ever-married women ages 15-49),0,0,
WB_GS,WB_GS_SG_VAW_SX_ZS,"Women who experienced first sexual violence before age 15, 18, or 22 (% of women ages 15-49)",0,0,
WB_GS,WB_GS_SG_VAW_ZS,Women who believe a husband is justified in beating his wife (%),0,0,
WB_GS,WB_GS_SH_ALC_PCAP_LI,"Total alcohol consumption per capita (liters of pure alcohol, projected estimates, 15+ years of age)",0,0,
WB_GS,WB_GS_SH_ANM_ALLW_ZS,Prevalence of anemia among women of reproductive age (% of women ages 15-49),0,0,
WB_GS,WB_GS_SH_ANM_NPRG_ZS,"Prevalence of anemia among non-pregnant women (% of women ages 15-49), with Hb<120 g/L",0,0,
WB_GS,WB_GS_SH_CON_AIDS_ZS,Condom use at last high-risk sex (% ages 15-49),0,0,
WB_GS,WB_GS_SH_DTH_IMRT,Number of infant deaths,0,0,
WB_GS,WB_GS_SH_DTH_MORT,Number of under-five deaths,0,0,
WB_GS,WB_GS_SH_DTH_STLB,Number of stillbirths,0,0,
WB_GS,WB_GS_SH_DYN_AIDS_FE_ZS,"Share of population ages 15+ living with HIV, female (%)",0,0,
WB_GS,WB_GS_SH_DYN_MORT,"Mortality rate, under-5 (per 1,000 live births)",0,0,
WB_GS,WB_GS_SH_DYN_NCOM_ZS,"Mortality from CVD, cancer, diabetes or CRD between exact ages 30 and 70 (%)",0,0,
WB_GS,WB_GS_SH_DYN_STLB,"Stillbirth rate (per 1,000 total births)",0,0,
WB_GS,WB_GS_SH_FPL,Demand for family planning satisfied (% of married women with demand for family planning),0,0,
WB_GS,WB_GS_SH_FPL_KN_ZS,Knowledge of contraception methods (%),0,0,
WB_GS,WB_GS_SH_HIV_1524_ZS,Prevalence of HIV (% ages 15-24),0,0,
WB_GS,WB_GS_SH_HIV_ARTC_ZS,Antiretroviral therapy coverage (% of adults living with HIV),0,0,
WB_GS,WB_GS_SH_HIV_INCD,"Incidence of HIV (per 1,000 uninfected population)",0,0,
WB_GS,WB_GS_SH_HIV_KNOW,Comprehensive correct knowledge of HIV/AIDS (2 prevent ways and reject 3 misconceptions),0,0,
WB_GS,WB_GS_SH_HIV_PMTC_ZS,Antiretroviral therapy coverage for PMTCT (% of pregnant women living with HIV),0,0,
WB_GS,WB_GS_SH_IMM_IDPT,"Immunization, DPT (% of children ages 12-23 months)",0,0,
WB_GS,WB_GS_SH_IMM_MEAS,"Immunization, measles (% of children ages 12-23 months)",0,0,
WB_GS,WB_GS_SH_LEVE,Length of paid leave (calendar days),0,0,
WB_GS,WB_GS_SH_MLR_IPTP_ZS,Intermittent Preventive Treatment of malaria in pregnancy (% of pregnant women),0,0,
WB_GS,WB_GS_SH_MMR_DTHS,Number of maternal deaths,0,0,
WB_GS,WB_GS_SH_MMR_LEVE_AL,Paid leave of at least 14 weeks available to mothers (1=yes; 0=no),0,0,
WB_GS,WB_GS_SH_MMR_LEVE_GT,The government administers 100% of maternity leave benefits (1=yes; 0=no),0,0,
WB_GS,WB_GS_SH_MMR_RISK,Lifetime risk of maternal death (1 in: rate varies by country),0,0,
WB_GS,WB_GS_SH_MMR_RISK_ZS,Lifetime risk of maternal death (%),0,0,
WB_GS,WB_GS_SH_PAR_LEVE,Length of parental leave (calendar days),0,0,
WB_GS,WB_GS_SH_PAR_LEVE_AL,There is paid parental leave (1=yes; 0=no),0,0,
WB_GS,WB_GS_SH_PRG_ANEM,"Prevalence of anemia among pregnant women (any age), with Hb<110 g/L",0,0,
WB_GS,WB_GS_SH_PRG_SYPH_ZS,Prevalence of syphilis (% of women attending antenatal care),0,0,
WB_GS,WB_GS_SH_PRV_SMOK,Prevalence of current tobacco use (% of adults),0,0,
WB_GS,WB_GS_SH_PTR_LEVE_AL,Paid leave is available to fathers (1=yes; 0=no),0,0,
WB_GS,WB_GS_SH_STA_AIRP_P5,"Mortality rate attributed to household and ambient air pollution, age-standardized (per 100,000 population)",0,0,
WB_GS,WB_GS_SH_STA_ANV4_ZS,Pregnant women receiving prenatal care of at least four visits (% of pregnant women),0,0,
WB_GS,WB_GS_SH_STA_ANVC_ZS,Pregnant women receiving prenatal care (%),0,0,
WB_GS,WB_GS_SH_STA_BRTC_ZS,Births attended by skilled health staff (% of total),0,0,
WB_GS,WB_GS_SH_STA_FGMO_NO_ZS,Belief that female genital mutilation should not be continued (% who have heard about FGM),0,0,
WB_GS,WB_GS_SH_STA_FGMS_ZS,Female genital mutilation prevalence (%),0,0,
WB_GS,WB_GS_SH_STA_MALN_ZS,"Prevalence of underweight, weight for age (% of children under 5)",0,0,
WB_GS,WB_GS_SH_STA_OB18_ZS,Prevalence of obesity (% of population ages 18+),0,0,
WB_GS,WB_GS_SH_STA_ODFC_RU_ZS,"People practicing open defecation, rural (% of rural population)",0,0,
WB_GS,WB_GS_SH_STA_ODFC_UR_ZS,"People practicing open defecation, urban (% of urban population)",0,0,
WB_GS,WB_GS_SH_STA_ODFC_ZS,People practicing open defecation (% of population),0,0,
WB_GS,WB_GS_SH_STA_OWAD_ZS,Prevalence of overweight (% of adults),0,0,
WB_GS,WB_GS_SH_STA_OWGH_ZS,"Prevalence of overweight, weight for height (% of children under 5)",0,0,
WB_GS,WB_GS_SH_STA_POIS_P5,"Mortality rate attributed to unintentional poisoning (per 100,000 population)",0,0,
WB_GS,WB_GS_SH_STA_STNT_ZS,"Prevalence of stunting, height for age (% of children under 5)",0,0,
WB_GS,WB_GS_SH_STA_TRAF_P5,"Mortality caused by road traffic injury (per 100,000 population)",0,0,
WB_GS,WB_GS_SH_STA_WASH_P5,"Mortality rate attributed to unsafe water, unsafe sanitation and lack of hygiene (per 100,000 population)",0,0,
WB_GS,WB_GS_SH_STA_WAST_ZS,"Prevalence of wasting, weight for height (% of children under 5)",0,0,
WB_GS,WB_GS_SH_SVR_WAST_ZS,"Prevalence of severe wasting, weight for height (% of children under 5)",0,0,
WB_GS,WB_GS_SI_POV_GINI,Gini index (World Bank estimate),0,0,
WB_GS,WB_GS_SI_POV_NAHC,Poverty headcount ratio at national poverty lines (% of population),0,0,
WB_GS,WB_GS_SL_EMPL_ZS,Employment by sector (%),0,0,
WB_GS,WB_GS_SL_EMP_MPYR_ZS,Employers (% of employment) (modeled ILO estimate),0,0,
WB_GS,WB_GS_SL_EMP_SP_ZS,Employment to population ratio (%),0,0,
WB_GS,WB_GS_SL_EMP_VULN_ZS,Vulnerable employment (% of employment) (modeled ILO estimate),0,0,
WB_GS,WB_GS_SL_EMP_WORK_ZS,Wage and salaried workers (% of employment) (modeled ILO estimate),0,0,
WB_GS,WB_GS_SL_ISV_IFRM_ZS,Informal employment (% of total non-agricultural employment),0,0,
WB_GS,WB_GS_SL_TLF_0714_ZS,Children in employment (% of children ages 7-14),0,0,
WB_GS,WB_GS_SL_TLF_ACTI_ZS,Labor force participation rate (% of population),0,0,
WB_GS,WB_GS_SL_TLF_CACT_FM_ZS,Ratio of female to male labor force participation rate (%),0,0,
WB_GS,WB_GS_SL_TLF_PART_ZS,Part time employment (% of employment),0,0,
WB_GS,WB_GS_SL_TLF_TOTL_FE_ZS,"Labor force, female (% of total labor force)",0,0,
WB_GS,WB_GS_SL_TLF_TOTL_IN,Labor force (number),0,0,
WB_GS,WB_GS_SL_TLF_ZS,Labor force by level of education (%),0,0,
WB_GS,WB_GS_SL_UEM_NEET_ZS,"Share of youth not in education, employment or training (% of youth population)",0,0,
WB_GS,WB_GS_SL_UEM_ZS,Unemployment (%),0,0,
WB_GS,WB_GS_SP_2024_FE_ZS,Women who were first married by age 15 or 18 (% of women ages 20-24),0,0,
WB_GS,WB_GS_SP_ADO_TFRT,"Adolescent fertility rate (births per 1,000 women ages 15-19)",0,0,
WB_GS,WB_GS_SP_DYN_AMRT,"Mortality rate, adult (per 1,000 adults)",0,0,
WB_GS,WB_GS_SP_DYN_CBRT_IN,"Birth rate, crude (per 1,000 people)",0,0,
WB_GS,WB_GS_SP_DYN_CDRT_IN,"Death rate, crude (per 1,000 people)",0,0,
WB_GS,WB_GS_SP_DYN_IMRT_IN,"Mortality rate, infant (per 1,000 live births)",0,0,
WB_GS,WB_GS_SP_DYN_LE00_IN,Life expectancy at birth (years),0,0,
WB_GS,WB_GS_SP_DYN_LE60_IN,Life expectancy at age 60 (years),0,0,
WB_GS,WB_GS_SP_DYN_TFRT_IN,"Fertility rate, total (births per woman)",0,0,
WB_GS,WB_GS_SP_DYN_TO65_ZS,Survival to age 65 (% of cohort),0,0,
WB_GS,WB_GS_SP_DYN_WFRT,Wanted fertility rate (births per woman),0,0,
WB_GS,WB_GS_SP_DYN_ZS,Contraceptive prevalence (% of women ages 15-49),0,0,
WB_GS,WB_GS_SP_HOU_FEMA_ZS,"Heads of households, female (% of households with a female head)",0,0,
WB_GS,WB_GS_SP_POP,Population (number),0,0,
WB_GS,WB_GS_SP_POP_BRTH_MF,Sex ratio at birth (male births per female births),0,0,
WB_GS,WB_GS_SP_POP_DPND,Age dependency ratio (% of working-age population),0,0,
WB_GS,WB_GS_SP_POP_INT,"Age population, interpolated",0,0,
WB_GS,WB_GS_SP_POP_TOTL_FE_ZS,"Population, female (% of total population)",0,0,
WB_GS,WB_GS_SP_REG_BRTH_ZS,Completeness of birth registration (%),0,0,
WB_GS,WB_GS_SP_RUR_TOTL_ZS,Rural population (%),0,0,
WB_GS,WB_GS_SP_UWT_TFRT,Unmet need for contraception (% of married women ages 15-49),0,0,
WB_GS,WB_GS_UIS_FEP_2_V,"Students in lower secondary vocational education, female (%)",0,0,
WB_GS,WB_GS_UIS_FEP_3_V,"Students in upper secondary vocational education, female (%)",0,0,
WB_GS,WB_GS_UIS_FEP_4_V,"Students in post-secondary non-tertiary vocational education,  female (%)",0,0,
WB_GS,WB_GS_UIS_FGP_5T8_F400,"Share of graduates in Business, Administration and Law programmes, female (%)",0,0,
WB_GS,WB_GS_UIS_FGP_5T8_F600,"Share of graduates in Information and Communication Technologies programmes, female (%)",0,0,
WB_GS,WB_GS_UIS_FGP_5T8_FNON500600700,"Share of graduates in other fields than Science, Technology, Engineering and Mathematics programmes, female (%)",0,0,
WB_GS,WB_GS_UIS_GTVP_3_V,Share of all students in upper secondary education enrolled in vocational programmes (%),0,0,
WB_GS,WB_GS_UIS_GTVP_4_V,Share of all students in post-secondary non-tertiary education enrolled in vocational programmes (%),0,0,
WB_GS,WB_GS_UIS_LPP_AG15T24,"Youth illiterate population, 15-24 years, female (%)",0,0,
WB_GS,WB_GS_UIS_ROFST_3_CP,Rate of out-of-school youth of upper secondary school age (%),0,0,
WB_GS,WB_GS_VC_IHR_PSRC_P5,"Intentional homicides (per 100,000 people)",0,0,
WB_GTMI,WB_GTMI_CGSI,GovTech Maturity Index (GTMI) - Core Government Systems Index,0,0,
WB_GTMI,WB_GTMI_DCEI,GovTech Maturity Index (GTMI) - Digital Citizen Engagement Index,0,0,
WB_GTMI,WB_GTMI_GRP,GovTech Maturity Index group,0,0,
WB_GTMI,WB_GTMI_GT1,Core Government Systems Index group,0,0,
WB_GTMI,WB_GTMI_GT2,Public Sector Delivery Index group,0,0,
WB_GTMI,WB_GTMI_GT4,GovTech Enablers Index group,0,0,
WB_GTMI,WB_GTMI_GTEI,GovTech Maturity Index (GTMI) - GovTech Enablers Index,0,0,
WB_GTMI,WB_GTMI_GTMI,GovTech Maturity Index (GTMI) - Overall score ,0,0,
WB_GTMI,WB_GTMI_I_10,Is there a Payroll System (MIS) linked with HRMIS?,0,0,
WB_GTMI,WB_GTMI_I_11,Is there a Social Insurance system (non-health) providing pensions (including public sector) and other SI programs?,0,0,
WB_GTMI,WB_GTMI_I_12,Is there an e-Procurement portal?,0,0,
WB_GTMI,WB_GTMI_I_13,Is there a Debt Management System (DMS) in place? (foreign and domestic debt),0,0,
WB_GTMI,WB_GTMI_I_14,Is there a Public Investment Management System (PIMS) in place?,0,0,
WB_GTMI,WB_GTMI_I_15,Is there a government Open Source Software policy/action plan for public sector?,0,0,
WB_GTMI,WB_GTMI_I_16,UN Telecommunication Infrastructure Index (TII),0,0,
WB_GTMI,WB_GTMI_I_17,Does government have a national strategy on disruptive / innovative technologies?,0,0,
WB_GTMI,WB_GTMI_I_18,UN Online Service Index (OSI),0,0,
WB_GTMI,WB_GTMI_I_19,"Is there an online public service portal? (also called ""One-Stop Shop"" or similar)",0,0,
WB_GTMI,WB_GTMI_I_2,Is there a government enterprise architecture framework?,0,0,
WB_GTMI,WB_GTMI_I_21,Is e-Filing available for tax and/or customs declarations?,0,0,
WB_GTMI,WB_GTMI_I_22,Are e-Payment services available?,0,0,
WB_GTMI,WB_GTMI_I_23,Is there a Customs online service portal (single window)?,0,0,
WB_GTMI,WB_GTMI_I_25,Is there a Job portal?,0,0,
WB_GTMI,WB_GTMI_I_28,Is there an Open Government portal?,0,0,
WB_GTMI,WB_GTMI_I_29,Is there an Open Data portal?,0,0,
WB_GTMI,WB_GTMI_I_3,Is there a government interoperability framework?,0,0,
WB_GTMI,WB_GTMI_I_30,Are there national platforms that allow citizens to participate in policy decision-making?,0,0,
WB_GTMI,WB_GTMI_I_31,"Are there government platforms that allow citizens to provide feedback (e.g., complements, complaints, suggestions, info requests) on service delivery?",0,0,
WB_GTMI,WB_GTMI_I_32,Does the government publish its citizen engagement statistics and performance regularly?,0,0,
WB_GTMI,WB_GTMI_I_33,"Is there a government entity focused on GovTech (digital transformation, WoG, online services, etc.)?",0,0,
WB_GTMI,WB_GTMI_I_35,Is there a GovTech / Digital Transformation strategy?,0,0,
WB_GTMI,WB_GTMI_I_36,Is there a whole-of-government approach to public sector digital transformation?,0,0,
WB_GTMI,WB_GTMI_I_37,Are there RTI Laws to make data/info available to the public online or digitally?,0,0,
WB_GTMI,WB_GTMI_I_38,Is there a Data Protection / Privacy law?,0,0,
WB_GTMI,WB_GTMI_I_39,Is there a Data Protection Authority?,0,0,
WB_GTMI,WB_GTMI_I_4,Is there a government service bus platform?,0,0,
WB_GTMI,WB_GTMI_I_40,Is there a national ID (or similar foundational ID) system?,0,0,
WB_GTMI,WB_GTMI_I_41,Are records in the national ID system stored in a digitized (electronic) format?,0,0,
WB_GTMI,WB_GTMI_I_42,Is there a digital signature regulation and PKI to support service delivery?,0,0,
WB_GTMI,WB_GTMI_I_43,ITU Global Cybersecurity Index (GCI),0,0,
WB_GTMI,WB_GTMI_I_45,Is there a government strategy / program to improve digital skills in the public sector?,0,0,
WB_GTMI,WB_GTMI_I_46,Is there a strategy and/or program to improve public sector innovation?,0,0,
WB_GTMI,WB_GTMI_I_47,Is there a government entity focused on public sector innovation?,0,0,
WB_GTMI,WB_GTMI_I_48,Is there a government policy to support GovTech startups and private sector investments?,0,0,
WB_GTMI,WB_GTMI_I_5,Is there an operational FMIS in place to support core PFM functions?,0,0,
WB_GTMI,WB_GTMI_I_6,Is there a TSA supported by FMIS to automate payments and bank reconciliation?,0,0,
WB_GTMI,WB_GTMI_I_7,Is there a Tax Management Information System in place?,0,0,
WB_GTMI,WB_GTMI_I_8,Is there a Customs Management Information System in place?,0,0,
WB_GTMI,WB_GTMI_I_9,Is there a Human Resources Management Information System with self-service portal?,0,0,
WB_HCI,WB_HCI_EYRS,Expected Years of School,0,0,
WB_HCI,WB_HCI_HCI,Human Capital Index (scale 0-1),0,0,
WB_HCI,WB_HCI_HCI_LOWER,"Human Capital Index, Lower Bound (scale 0-1)",0,0,
WB_HCI,WB_HCI_HCI_UPPER,"Human Capital Index, Upper Bound (scale 0-1)",0,0,
WB_HCI,WB_HCI_LAYS,Learning-Adjusted Years of School,0,0,
WB_HCI,WB_HCI_PSURV,Probability of Survival to Age 5,0,0,
WB_HCI,WB_HCI_TEST,Harmonized Test Scores,0,0,
WB_HCIP,HD_HCIP_AMRT,Survival Rate from Age 15-60,1,0,exports/data360/nepal_summary/samples/WB_HCIP_HD_HCIP_AMRT.json
WB_HCIP,HD_HCIP_EDUC,Human Capital Index Plus (HCI+): Education Pillar Score,1,0,exports/data360/nepal_summary/samples/WB_HCIP_HD_HCIP_EDUC.json
WB_HCIP,HD_HCIP_EYRS,Expected Years of School,1,0,exports/data360/nepal_summary/samples/WB_HCIP_HD_HCIP_EYRS.json
WB_HCIP,HD_HCIP_EYSP,Expected Years Pre-primary,1,0,exports/data360/nepal_summary/samples/WB_HCIP_HD_HCIP_EYSP.json
WB_HCIP,HD_HCIP_HLOS,Harmonized Test Scores,1,0,exports/data360/nepal_summary/samples/WB_HCIP_HD_HCIP_HLOS.json
WB_HCIP,HD_HCIP_HLTH,Human Capital Index Plus (HCI+): Health Pillar Score,1,0,exports/data360/nepal_summary/samples/WB_HCIP_HD_HCIP_HLTH.json
WB_HCIP,HD_HCIP_LAYS,Learning-Adjusted Years of School,1,0,exports/data360/nepal_summary/samples/WB_HCIP_HD_HCIP_LAYS.json
WB_HCIP,HD_HCIP_OTJL,Human Capital Index Plus (HCI+): On-the-job Learning Pillar Score,1,0,exports/data360/nepal_summary/samples/WB_HCIP_HD_HCIP_OTJL.json
WB_HCIP,HD_HCIP_OVRL,Human Capital Index Plus (HCI+),1,0,exports/data360/nepal_summary/samples/WB_HCIP_HD_HCIP_OVRL.json
WB_HCIP,HD_HCIP_TERT,Tertiary Completion Rate,1,0,exports/data360/nepal_summary/samples/WB_HCIP_HD_HCIP_TERT.json
WB_HCIP,HD_HCIP_WEMP,Adult Employment Rate: Fraction not Unemployed Between 25 and 64 Years Old,1,0,exports/data360/nepal_summary/samples/WB_HCIP_HD_HCIP_WEMP.json
WB_HCIP,HD_HCIP_WLFP,Adult Labor Force Participation Rate Between 25 and 64 Years Old,1,0,exports/data360/nepal_summary/samples/WB_HCIP_HD_HCIP_WLFP.json
WB_HCIP,HD_HCIP_WWGE,Adult Share in Wage Employment for Those Employed Between 25 and 64 Years Old,1,0,exports/data360/nepal_summary/samples/WB_HCIP_HD_HCIP_WWGE.json
WB_HCIP,HD_HCIP_YLFP,Youth Labor Force Participation Rate,1,0,exports/data360/nepal_summary/samples/WB_HCIP_HD_HCIP_YLFP.json
WB_HCIP,HD_HCIP_YWGE,Youth Share in Wage Employment for those Employed,1,0,exports/data360/nepal_summary/samples/WB_HCIP_HD_HCIP_YWGE.json
WB_HCP,WB_HCP_ANTENATAL_CARE_1,Percentage of women aged 15-49 years who attended at least once during pregnancy by skilled health personnel,0,0,
WB_HCP,WB_HCP_ASR,"Adult Survival Rate (%), ages 15-60",0,0,
WB_HCP,WB_HCP_A_SEEKERS,Asylum seekers,0,0,
WB_HCP,WB_HCP_BIRTHS_18,Percentage of women (aged 20-24 years) who gave birth before age 18,0,0,
WB_HCP,WB_HCP_BREASTF,"Exclusive breastfeeding (%), ages 0-5 months",0,0,
WB_HCP,WB_HCP_B_HYGIENE_HEALTH,Health care facilities with basic hygiene services (%),0,0,
WB_HCP,WB_HCP_B_HYGIENE_SCH,Schools with basic hygiene services (%),0,0,
WB_HCP,WB_HCP_B_SANITATION_SCH,Schools with basic sanitation services (%),0,0,
WB_HCP,WB_HCP_B_SANIT_HEALTH,Health care facilities with basic sanitation services (%),0,0,
WB_HCP,WB_HCP_B_WATER_HEALTH,Health care facilities with basic water services (%),0,0,
WB_HCP,WB_HCP_CARE,Postnatal care for newborns (%),0,0,
WB_HCP,WB_HCP_CAREMOTHER,"Postnatal care for mothers (%), ages 15-49",0,0,
WB_HCP,WB_HCP_CARE_FEBR_CHILD,"Care seeking for febrile children (%), ages 0-5",0,0,
WB_HCP,WB_HCP_CHILD_LABOR,"Children engaged in child labor (%), ages 5-17",0,0,
WB_HCP,WB_HCP_CH_ONTRACK,"Children who are developmentally on track (%), ages 36-59 months",0,0,
WB_HCP,WB_HCP_DIARRHOEA,"Care seeking for children with diarrhea (%), ages 0-5",0,0,
WB_HCP,WB_HCP_ECEDU,"Gross enrollment rate, early childhood education (%)",0,0,
WB_HCP,WB_HCP_EDUC_EXP,"Current education expenditure, total (% of total expenditure in public institutions)",0,0,
WB_HCP,WB_HCP_EIP_2WAP_A,"Adult inactivity rate (%), ages 25+",0,0,
WB_HCP,WB_HCP_EIP_2WAP_Y,"Youth inactivity rate (%), ages 15-24",0,0,
WB_HCP,WB_HCP_EIP_NEET_MF_Y,"Youth not in employment, education or training (%)",0,0,
WB_HCP,WB_HCP_EMP_2WAP_A,Labor force participation rate (%),0,0,
WB_HCP,WB_HCP_EMP_NIFL_A,Adult informal employment rate (%),0,0,
WB_HCP,WB_HCP_EMP_NIFL_Y,Youth informal employment rate (%),0,0,
WB_HCP,WB_HCP_EYRS,Expected Years of School (Ages 4-17),0,0,
WB_HCP,WB_HCP_FAO_STUNTING,Prevalence of low birthweight (percent),0,0,
WB_HCP,WB_HCP_FAO_WASTING,Percentage of children under 5 years affected by wasting (percent),0,0,
WB_HCP,WB_HCP_HCI_LOWER,"Human Capital Index, Lower Bound (scale 0-1)",0,0,
WB_HCP,WB_HCP_HCI_UPPER,"Human Capital Index, Upper Bound (scale 0-1)",0,0,
WB_HCP,WB_HCP_HEALTH_EXP,Current health expenditure (% of GDP),0,0,
WB_HCP,WB_HCP_HVA_PED_ART_CVG,Per cent of children aged 0-14 years living with HIV and receiving antiretroviral therapy (ART),0,0,
WB_HCP,WB_HCP_HVA_PREV_KNOW,"Per cent of young people aged 15-24 years with comprehensive, correct knowledge of HIV",0,0,
WB_HCP,WB_HCP_HVA_TEST,"Young people who know a place to get tested for HIV (%), ages 15-24",0,0,
WB_HCP,WB_HCP_HYPERTENSION,"Prevalence of hypertension (%), ages 30-79",0,0,
WB_HCP,WB_HCP_IDPS,Internally displaced persons of concern to UNHCR,0,0,
WB_HCP,WB_HCP_INSUF_ACTIVITY,Prevalence of insufficient physical activity (%),0,0,
WB_HCP,WB_HCP_LASTNM_AFR,"Adolescent fertility rate (births per 1,000 women), ages 15-19",0,0,
WB_HCP,WB_HCP_LASTNM_BIRTH_REG,Completeness of birth registration (%),0,0,
WB_HCP,WB_HCP_LASTNM_MMRT,"Maternal mortality ratio (per 100,000 live births)",0,0,
WB_HCP,WB_HCP_LASTNM_TER_GER,"Gross school enrollment rate, tertiary (%)",0,0,
WB_HCP,WB_HCP_LUU_2LU4_MF_A,"Adult composite measure of labor underutilization, ages 25+",0,0,
WB_HCP,WB_HCP_LUU_2LU4_MF_Y,"Youth composite measure of labor underutilization, ages 15-24",0,0,
WB_HCP,WB_HCP_MEALFREQ,"Minimum meal frequency (%), ages 6-23 months",0,0,
WB_HCP,WB_HCP_MINPROF_M_ENDPRIM,"Minimum proficiency in mathematics, primary (%)",0,0,
WB_HCP,WB_HCP_MINPROF_R_LOWSEC,"Proportion of students at the end of lower secondary education achieving at least a minimum proficiency level in reading, both sexes (%)",0,0,
WB_HCP,WB_HCP_MNCH_DEMAND_FP,Demand for family planning satisfied with modern methods (percentage of women aged 15-49 years),0,0,
WB_HCP,WB_HCP_MNCH_MLRACT,"Percentage of febrile children under age 5 receiving ACT (first line antimalarial drug), among those receiving any antimalarial drugs",0,0,
WB_HCP,WB_HCP_MNCH_MLRDIAG,Percentage of febrile children under age 5 who had a finger or heel stick for malaria testing,0,0,
WB_HCP,WB_HCP_MNCH_SAB,Proportion of births attended by skilled health personnel,0,0,
WB_HCP,WB_HCP_MORT1524,"Youth mortality rate (per 1,000 youth aged 15), ages 15-24",0,0,
WB_HCP,WB_HCP_MORT514,"Child mortality rate (per 1,000 children aged 5), ages 5-14",0,0,
WB_HCP,WB_HCP_NEOMORT,"Neonatal Mortality rate (per 1,000 live births)",0,0,
WB_HCP,WB_HCP_NETENRT_LS,"Net school enrollment rate, lower secondary (%)",0,0,
WB_HCP,WB_HCP_NETENR_P,"Total net enrolment rate, primary, both sexes (%)",0,0,
WB_HCP,WB_HCP_NETENR_US,"Total net enrolment rate, upper secondary, both sexes (%)",0,0,
WB_HCP,WB_HCP_NOSTU,Fraction of Children Under 5 Not Stunted (%),0,0,
WB_HCP,WB_HCP_OBESITY,Prevalence of obesity among adults (%),0,0,
WB_HCP,WB_HCP_ORG_LEARNING,Participation rate in organized learning (%),0,0,
WB_HCP,WB_HCP_ORS_CHILDREN,Percentage of children under age 5 with diarrhoea who received ORS (packets or pre-packaged fluids),0,0,
WB_HCP,WB_HCP_OUTSCHOOL_RATE,"Out of school children, primary (%)",0,0,
WB_HCP,WB_HCP_OUT_SCHOOL,Number of out-of-school children of primary school age,0,0,
WB_HCP,WB_HCP_OVERWEIGHT,"Weight-for-height >+2 SD (overweight), Survey Estimates",0,0,
WB_HCP,WB_HCP_PER_SA_CT_BRY_Q1_TOT,Beneficiary incidence in 1st quintile (poorest) (%) - Cash Transfer,0,0,
WB_HCP,WB_HCP_PER_SA_CT_COV_POP_TOT,Coverage (%) - Cash Transfer,0,0,
WB_HCP,WB_HCP_PER_SA_IK_BRY_Q1_TOT,Beneficiary incidence in 1st quintile (poorest) (%) - In-Kind,0,0,
WB_HCP,WB_HCP_PER_SA_IK_COV_Q1_TOT,Coverage in 1st quintile (poorest) (%) - In-Kind,0,0,
WB_HCP,WB_HCP_PER_SI_CP_COV_POP_TOT,Coverage (%) - Contributory Pensions,0,0,
WB_HCP,WB_HCP_POPULATION,Population mid-year estimates (millions),0,0,
WB_HCP,WB_HCP_PROBDEATH_NCD,Probability of dying from NCDs (%),0,0,
WB_HCP,WB_HCP_PSURV,Probability of Survival to Age 5 (%),0,0,
WB_HCP,WB_HCP_QEYRS,Learning-Adjusted Years of School,0,0,
WB_HCP,WB_HCP_SEVERE_WASTING,"Weight-for-height <-3 SD (severe wasting), Survey Estimates",0,0,
WB_HCP,WB_HCP_SEXUAL_VIOLENCE_F,Percentage of women aged 18-29 years who experienced sexual violence by age 18,0,0,
WB_HCP,WB_HCP_SP_DYN_LE00_IN,Life expectancy at birth (years),0,0,
WB_HCP,WB_HCP_STILLBIRTHS,"Stillbirth rate (per 1,000 total births)",0,0,
WB_HCP,WB_HCP_STUNTING,"Prevalence of stunting, height-for-age (modeled estimate, % of children ages 0-5)",0,0,
WB_HCP,WB_HCP_TEST,Average Harmonized Test Scores,0,0,
WB_HCP,WB_HCP_U5MORT,Under-five mortality rate,0,0,
WB_HCP,WB_HCP_U5_ANAEMIA,"Prevalence of anemia (%), ages 6-59 months",0,0,
WB_HCP,WB_HCP_U5_PNEU_CS,Care seeking for children under age 5 with pneumonia sympthoms (%),0,0,
WB_HCP,WB_HCP_UHCI,Utilization-Adjusted Capital Index (UHCI),0,0,
WB_HCP,WB_HCP_UISCR2,Lower secondary school completion rate (%),0,0,
WB_HCP,WB_HCP_UISCR3,Upper secondary school completion rate (%),0,0,
WB_HCP,WB_HCP_UISGER02,Pre-primary school gross enrollment ratio (%),0,0,
WB_HCP,WB_HCP_UISOAEPG1,Over-age primary students (%),0,0,
WB_HCP,WB_HCP_UISOAEPG2GPV,Over-age lower secondary students (%),0,0,
WB_HCP,WB_HCP_UISQUTP1,Qualified teachers in primary education (%),0,0,
WB_HCP,WB_HCP_UISQUTP2T3,Qualified teachers in secondary education (%),0,0,
WB_HCP,WB_HCP_UISXGDPFSGOV,Government expenditure on education (% GPD),0,0,
WB_HCP,WB_HCP_UISXGOVEXPIMF,Expenditure on education as a percentage of total government expenditure (%),0,0,
WB_HCP,WB_HCP_UNE_2EAP_MF_A,Adult unemployment rate (%),0,0,
WB_HCP,WB_HCP_UNE_2EAP_MF_Y,Youth unemployment rate (%),0,0,
WB_HCP,WB_HCP_UNICEF_HYGIENE,Proportion of population with a handwashing facility with soap and water available at home,0,0,
WB_HCP,WB_HCP_UNICEF_WATER,Proportion of population using at least basic drinking water services,0,0,
WB_HCP,WB_HCP_VACBCG,BCG vaccination rate (%),0,0,
WB_HCP,WB_HCP_VACDTP1,"DTP vaccination, 1st dose (% of infants)",0,0,
WB_HCP,WB_HCP_VACDTP3,"DTP vaccination rate, third dose (%)",0,0,
WB_HCP,WB_HCP_VACHEPB3,"Hepatitis B vaccination, third dose (%)",0,0,
WB_HCP,WB_HCP_VACHIB3,Percentage of surviving infants who received the third dose of Hib-containing vaccine,0,0,
WB_HCP,WB_HCP_VACIPV1,Percentage of surviving infants who received the first dose of inactivated polio-containing vaccine,0,0,
WB_HCP,WB_HCP_VACMCV1,Percentage of surviving infants who received the first dose of measles-containing vaccine,0,0,
WB_HCP,WB_HCP_VACMCV2,"Percentage of children who received the 2nd dose of measles-containing vaccine, as per administered in the national schedule",0,0,
WB_HCP,WB_HCP_VACPOL3,Percentage of surviving infants who received the third dose of inactivated polio-containing vaccine,0,0,
WB_HCP,WB_HCP_VACROTAC,Percentage of surviving infants who received the last dose of rotavirus-containing vaccine (2nd or 3rd dose depending on vaccine used),0,0,
WB_HCP,WB_HCP_YOUTH_LIT,"Youth literacy rate (%), ages 15-24",0,0,
WB_HNP,WB_HNP_HD_HCI_OVRL,Human Capital Index (HCI) (scale 0-1),0,0,
WB_HNP,WB_HNP_HD_HCI_OVRL_LB,"Human Capital Index (HCI), Lower Bound (scale 0-1)",0,0,
WB_HNP,WB_HNP_HD_HCI_OVRL_UB,"Human Capital Index (HCI), Upper Bound (scale 0-1)",0,0,
WB_HNP,WB_HNP_NY_GNP_PCAP_CD,"GNI per capita, Atlas method (current US$)",0,0,
WB_HNP,WB_HNP_SE_ADT_LITR_ZS,"Literacy rate, adult total (% of people ages 15 and above)",0,0,
WB_HNP,WB_HNP_SE_ADT_LT_FM_ZS,"Literacy rate, youth (ages 15-24), gender parity index (GPI)",0,0,
WB_HNP,WB_HNP_SE_ADT_LT_ZS,"Literacy rate, youth (% of population ages 15-24)",0,0,
WB_HNP,WB_HNP_SE_ENRR,"School enrollment, (% gross)",0,0,
WB_HNP,WB_HNP_SE_ENR_ORPH,Ratio of school attendance of orphans to school attendance of non-orphans ages 10-14,0,0,
WB_HNP,WB_HNP_SE_NENR,"School enrollment, (% net)",0,0,
WB_HNP,WB_HNP_SE_PRM_CMPT_ZS,"Primary completion rate, total (% of relevant age group)",0,0,
WB_HNP,WB_HNP_SE_XPD_TOTL_GD_ZS,"Government expenditure on education, total (% of GDP)",0,0,
WB_HNP,WB_HNP_SH_ALC_PCAP_LI,"Total alcohol consumption per capita (liters of pure alcohol, projected estimates, 15+ years of age)",0,0,
WB_HNP,WB_HNP_SH_ANM_ALLW_ZS,Prevalence of anemia among women of reproductive age (% of women ages 15-49),0,0,
WB_HNP,WB_HNP_SH_ANM_CHLD_ZS,Prevalence of anemia among children (% of children ages 6-59 months),0,0,
WB_HNP,WB_HNP_SH_ANM_NPRG_ZS,Prevalence of anemia among non-pregnant women (% of women ages 15-49),0,0,
WB_HNP,WB_HNP_SH_CON_AIDS_ZS,"Condom use at last high-risk sex, adult (% ages 15-49)",0,0,
WB_HNP,WB_HNP_SH_CON_ZS,"Condom use, population ages 15-24, (% of population ages 15-24)",0,0,
WB_HNP,WB_HNP_SH_DTH,Number of child/adolescent deaths,0,0,
WB_HNP,WB_HNP_SH_DTH_COMM_ZS,"Cause of death, by communicable diseases and maternal, prenatal and nutrition conditions (% of total)",0,0,
WB_HNP,WB_HNP_SH_DTH_IMRT,Number of infant deaths,0,0,
WB_HNP,WB_HNP_SH_DTH_INJR_ZS,"Cause of death, by injury (% of total)",0,0,
WB_HNP,WB_HNP_SH_DTH_MORT,Number of under-five deaths,0,0,
WB_HNP,WB_HNP_SH_DTH_NCOM_ZS,"Cause of death, by non-communicable diseases (% of total)",0,0,
WB_HNP,WB_HNP_SH_DTH_NMRT,Number of neonatal deaths,0,0,
WB_HNP,WB_HNP_SH_DTH_STLB,Number of stillbirths,0,0,
WB_HNP,WB_HNP_SH_DYN,"Probability of dying among age group (per 1,000)",0,0,
WB_HNP,WB_HNP_SH_DYN_AIDS_DH,AIDS estimated deaths (UNAIDS estimates),0,0,
WB_HNP,WB_HNP_SH_DYN_MORT,"Mortality rate, under-5 (per 1,000 live births)",0,0,
WB_HNP,WB_HNP_SH_DYN_NCOM_ZS,"Mortality from CVD, cancer, diabetes or CRD between exact ages 30 and 70 (%)",0,0,
WB_HNP,WB_HNP_SH_DYN_STLB,"Stillbirth rate (per 1,000 total births)",0,0,
WB_HNP,WB_HNP_SH_FPL_SATI_ZS,Demand for family planning satisfied by any methods (% of married women with demand for family planning),0,0,
WB_HNP,WB_HNP_SH_FPL_SATM_ZS,Demand for family planning satisfied by modern methods (% of married women with demand for family planning),0,0,
WB_HNP,WB_HNP_SH_H2O_BASW_ZS,People using at least basic drinking water services (% of population),0,0,
WB_HNP,WB_HNP_SH_H2O_SMDW_ZS,People using safely managed drinking water services (% of population),0,0,
WB_HNP,WB_HNP_SH_HIV,Population living with HIV,0,0,
WB_HNP,WB_HNP_SH_HIV_ARTC_ZS,Antiretroviral therapy coverage (% of people living with HIV),0,0,
WB_HNP,WB_HNP_SH_HIV_INCD,Population newly infected with HIV,0,0,
WB_HNP,WB_HNP_SH_HIV_INCD_P3,"Incidence of HIV (per 1,000 uninfected population)",0,0,
WB_HNP,WB_HNP_SH_HIV_KW_ZS,Comprehensive correct knowledge of HIV/AIDS (2 prevent ways and reject 3 misconceptions),0,0,
WB_HNP,WB_HNP_SH_HIV_PMTC_ZS,Antiretroviral therapy coverage for PMTCT (% of pregnant women living with HIV),0,0,
WB_HNP,WB_HNP_SH_HIV_ZS,Prevalence of HIV (% of total),0,0,
WB_HNP,WB_HNP_SH_HTN_PREV_ZS,Prevalence of hypertension (% of adults ages 30-79),0,0,
WB_HNP,WB_HNP_SH_HTN_TRET_ZS,Treatment for hypertension (% of adults ages 30-79 with hypertension),0,0,
WB_HNP,WB_HNP_SH_IMM_HEPB,"Immunization, HepB3 (% of one-year-old children)",0,0,
WB_HNP,WB_HNP_SH_IMM_HIB3,"Immunization, Hib3 (% of children ages 12-23 months)",0,0,
WB_HNP,WB_HNP_SH_IMM_IBCG,"Immunization, BCG (% of one-year-old children)",0,0,
WB_HNP,WB_HNP_SH_IMM_IDPT,"Immunization, DPT (% of children ages 12-23 months)",0,0,
WB_HNP,WB_HNP_SH_IMM_MEA2,"Immunization, measles second dose (% of children by the nationally recommended age)",0,0,
WB_HNP,WB_HNP_SH_IMM_MEAS,"Immunization, measles (% of children ages 12-23 months)",0,0,
WB_HNP,WB_HNP_SH_IMM_POL3,"Immunization, Pol3 (% of one-year-old children)",0,0,
WB_HNP,WB_HNP_SH_MED_BEDS_ZS,"Hospital beds (per 1,000 people)",0,0,
WB_HNP,WB_HNP_SH_MED_CMHW_P3,"Community health workers (per 1,000 people)",0,0,
WB_HNP,WB_HNP_SH_MED_NUMW_P3,"Nurses and midwives (per 1,000 people)",0,0,
WB_HNP,WB_HNP_SH_MED_PHYS_ZS,"Physicians (per 1,000 people)",0,0,
WB_HNP,WB_HNP_SH_MED_SAOP_P5,"Specialist surgical workforce (per 100,000 population)",0,0,
WB_HNP,WB_HNP_SH_MLR_INCD_P3,"Incidence of malaria (per 1,000 population at risk)",0,0,
WB_HNP,WB_HNP_SH_MLR_IPTP_ZS,Intermittent preventive treatment (IPT) of malaria in pregnancy (% of pregnant women),0,0,
WB_HNP,WB_HNP_SH_MLR_NETS_ZS,Use of insecticide-treated bed nets (% of under-5 population),0,0,
WB_HNP,WB_HNP_SH_MLR_TRET_ZS,Children with fever receiving antimalarial drugs (% of children under age 5 with fever),0,0,
WB_HNP,WB_HNP_SH_MMR_DTHS,Number of maternal deaths,0,0,
WB_HNP,WB_HNP_SH_MMR_LEVE,Length of paid maternity leave (calendar days),0,0,
WB_HNP,WB_HNP_SH_MMR_RISK,Lifetime risk of maternal death (1 in: rate varies by country),0,0,
WB_HNP,WB_HNP_SH_MMR_RISK_ZS,Lifetime risk of maternal death (%),0,0,
WB_HNP,WB_HNP_SH_MMR_WAGE_ZS,Maternal leave benefits (% of wages paid in covered period),0,0,
WB_HNP,WB_HNP_SH_PRG_ANEM,Prevalence of anemia among pregnant women (%),0,0,
WB_HNP,WB_HNP_SH_PRG_SYPH_ZS,Prevalence of syphilis (% of women attending antenatal care),0,0,
WB_HNP,WB_HNP_SH_PRV_SMOK,Prevalence of current tobacco use (% of adults),0,0,
WB_HNP,WB_HNP_SH_SGR_IRSK_ZS,Risk of impoverishing expenditure for surgical care (% of people at risk),0,0,
WB_HNP,WB_HNP_SH_SGR_PROC_P5,"Number of surgical procedures (per 100,000 population)",0,0,
WB_HNP,WB_HNP_SH_STA_AIRP_P5,"Mortality rate attributed to household and ambient air pollution, age-standardized (per 100,000 population)",0,0,
WB_HNP,WB_HNP_SH_STA_ANV4_ZS,Pregnant women receiving prenatal care of at least four visits (% of pregnant women),0,0,
WB_HNP,WB_HNP_SH_STA_ANVC_ZS,Pregnant women receiving prenatal care (%),0,0,
WB_HNP,WB_HNP_SH_STA_ARIC_ZS,ARI treatment (% of children under 5 taken to a health provider),0,0,
WB_HNP,WB_HNP_SH_STA_BASS_ZS,People using at least basic sanitation services (% of population),0,0,
WB_HNP,WB_HNP_SH_STA_BFED_ZS,Exclusive breastfeeding (% of children under 6 months),0,0,
WB_HNP,WB_HNP_SH_STA_BRTC_ZS,Births attended by skilled health staff (% of total),0,0,
WB_HNP,WB_HNP_SH_STA_BRTW_ZS,Low-birthweight babies (% of births),0,0,
WB_HNP,WB_HNP_SH_STA_DIAB_ZS,Diabetes prevalence (% of population ages 20 to 79),0,0,
WB_HNP,WB_HNP_SH_STA_HYGN_ZS,People with basic handwashing facilities including soap and water (% of population),0,0,
WB_HNP,WB_HNP_SH_STA_IYCF_ZS,"Infant and young child feeding practices, all 3 IYCF (% children ages 6-23 months)",0,0,
WB_HNP,WB_HNP_SH_STA_MALN_ZS,"Prevalence of underweight, weight for age (% of children under 5)",0,0,
WB_HNP,WB_HNP_SH_STA_MALR,Malaria cases reported,0,0,
WB_HNP,WB_HNP_SH_STA_MMRT,"Maternal mortality ratio (modeled estimate, per 100,000 live births)",0,0,
WB_HNP,WB_HNP_SH_STA_MMRT_NE,"Maternal mortality ratio (national estimate, per 100,000 live births)",0,0,
WB_HNP,WB_HNP_SH_STA_ODFC_ZS,People practicing open defecation (% of population),0,0,
WB_HNP,WB_HNP_SH_STA_ORCF_ZS,Diarrhea treatment (% of children under 5 receiving oral rehydration and continued feeding),0,0,
WB_HNP,WB_HNP_SH_STA_ORTH,Diarrhea treatment (% of children under 5 who received ORS packet),0,0,
WB_HNP,WB_HNP_SH_STA_OWAD_ZS,Prevalence of overweight (% of adults),0,0,
WB_HNP,WB_HNP_SH_STA_OWGH_ME_ZS,"Prevalence of overweight (modeled estimate, % of children under 5)",0,0,
WB_HNP,WB_HNP_SH_STA_PNVC_ZS,Postnatal care coverage (% mothers),0,0,
WB_HNP,WB_HNP_SH_STA_POIS_P5,"Mortality rate attributed to unintentional poisoning (per 100,000 population)",0,0,
WB_HNP,WB_HNP_SH_STA_SMSS_ZS,People using safely managed sanitation services (% of population),0,0,
WB_HNP,WB_HNP_SH_STA_STNT_ME_ZS,"Prevalence of stunting, height for age (modeled estimate, % of children under 5)",0,0,
WB_HNP,WB_HNP_SH_STA_STNT_ZS,"Prevalence of stunting, height for age (% of children under 5)",0,0,
WB_HNP,WB_HNP_SH_STA_TRAF_P5,"Mortality caused by road traffic injury (per 100,000 population)",0,0,
WB_HNP,WB_HNP_SH_STA_WASH_P5,"Mortality rate attributed to unsafe water, unsafe sanitation and lack of hygiene (per 100,000 population)",0,0,
WB_HNP,WB_HNP_SH_STA_WAST_ZS,"Prevalence of wasting, weight for height (% of children under 5)",0,0,
WB_HNP,WB_HNP_SH_SVR_WAST_ZS,"Prevalence of severe wasting, weight for height (% of children under 5)",0,0,
WB_HNP,WB_HNP_SH_TBS_CURE_ZS,Tuberculosis treatment success rate (% of new cases),0,0,
WB_HNP,WB_HNP_SH_TBS_DTEC_ZS,"Tuberculosis case detection rate (%, all forms)",0,0,
WB_HNP,WB_HNP_SH_TBS_MORT,"Tuberculosis death rate (per 100,000 people)",0,0,
WB_HNP,WB_HNP_SH_UHC_FBP1_TO,Number of people pushed further below the $2.15 ($ 2017 PPP) poverty line by out-of-pocket health care expenditure,0,0,
WB_HNP,WB_HNP_SH_UHC_FBP1_ZS,Proportion of population pushed further below the $2.15 ($ 2017 PPP) poverty line by out-of-pocket health care expenditure (%),0,0,
WB_HNP,WB_HNP_SH_UHC_FBP2_TO,Number of people pushed further below the $3.65 ($ 2017 PPP) poverty line by out-of-pocket health care expenditure,0,0,
WB_HNP,WB_HNP_SH_UHC_FBP2_ZS,Proportion of population pushed further below the $3.65 ($ 2017 PPP) poverty line by out-of-pocket health care expenditure (%),0,0,
WB_HNP,WB_HNP_SH_UHC_FBPR_TO,Number of people pushed further below the 60% median consumption poverty line by out-of-pocket health care expenditure,0,0,
WB_HNP,WB_HNP_SH_UHC_FBPR_ZS,Proportion of population pushed further below the 60% median consumption poverty line by out-of-pocket health care expenditure (%),0,0,
WB_HNP,WB_HNP_SH_UHC_NOP1_ZS,Proportion of population pushed below the $2.15 ($ 2017 PPP) poverty line by out-of-pocket health care expenditure (%),0,0,
WB_HNP,WB_HNP_SH_UHC_NOP2_TO,Number of people pushed below the $3.65 ($ 2017 PPP) poverty line by out-of-pocket health care expenditure,0,0,
WB_HNP,WB_HNP_SH_UHC_NOP2_ZS,Proportion of population pushed below the $3.65 ($ 2017 PPP) poverty line by out-of-pocket health care expenditure (%),0,0,
WB_HNP,WB_HNP_SH_UHC_NOPR_TO,Number of people pushed below the 60% median consumption poverty line by out-of-pocket health care expenditure,0,0,
WB_HNP,WB_HNP_SH_UHC_OOPC_10_TO,Number of people spending more than 10% of household consumption or income on out-of-pocket health care expenditure,0,0,
WB_HNP,WB_HNP_SH_UHC_OOPC_10_ZS,Proportion of population spending more than 10% of household consumption or income on out-of-pocket health care expenditure (%),0,0,
WB_HNP,WB_HNP_SH_UHC_OOPC_25_TO,Number of people spending more than 25% of household consumption or income on out-of-pocket health care expenditure,0,0,
WB_HNP,WB_HNP_SH_UHC_SRVS_CV_XD,UHC service coverage index,0,0,
WB_HNP,WB_HNP_SH_UHC_TOT1_TO,Number of people pushed or further pushed below the $2.15 ($ 2017 PPP) poverty line by out-of-pocket health care expenditure,0,0,
WB_HNP,WB_HNP_SH_UHC_TOT1_ZS,Proportion of population pushed or further pushed below the $2.15 ($ 2017 PPP) poverty line by out-of-pocket health care expenditure (%),0,0,
WB_HNP,WB_HNP_SH_UHC_TOT2_TO,Number of people pushed or further pushed below the $3.65 ($ 2017 PPP) poverty line by out-of-pocket health care expenditure,0,0,
WB_HNP,WB_HNP_SH_UHC_TOT2_ZS,Proportion of population pushed or further pushed below the $3.65 ($ 2017 PPP) poverty line by out-of-pocket health care expenditure (%),0,0,
WB_HNP,WB_HNP_SH_UHC_TOTR_TO,Number of people pushed or further pushed below the 60% median consumption poverty line by out-of-pocket health care expenditure,0,0,
WB_HNP,WB_HNP_SH_VAC_TTNS_ZS,Newborns protected against tetanus (%),0,0,
WB_HNP,WB_HNP_SH_XPD_CHEX_GD_ZS,Current health expenditure (% of GDP),0,0,
WB_HNP,WB_HNP_SH_XPD_CHEX_PC_CD,Current health expenditure per capita (current US$),0,0,
WB_HNP,WB_HNP_SH_XPD_EHEX_CH_ZS,External health expenditure (% of current health expenditure),0,0,
WB_HNP,WB_HNP_SH_XPD_EHEX_PC_CD,External health expenditure per capita (current US$),0,0,
WB_HNP,WB_HNP_SH_XPD_EHEX_PP_CD,"External health expenditure per capita, PPP (current international $)",0,0,
WB_HNP,WB_HNP_SH_XPD_GHED_CH_ZS,Domestic general government health expenditure (% of current health expenditure),0,0,
WB_HNP,WB_HNP_SH_XPD_GHED_GD_ZS,Domestic general government health expenditure (% of GDP),0,0,
WB_HNP,WB_HNP_SH_XPD_GHED_GE_ZS,Domestic general government health expenditure (% of general government expenditure),0,0,
WB_HNP,WB_HNP_SH_XPD_GHED_PP_CD,"Domestic general government health expenditure per capita, PPP (current international $)",0,0,
WB_HNP,WB_HNP_SH_XPD_OOPC_CH_ZS,Out-of-pocket expenditure (% of current health expenditure),0,0,
WB_HNP,WB_HNP_SH_XPD_OOPC_PC_CD,Out-of-pocket expenditure per capita (current US$),0,0,
WB_HNP,WB_HNP_SH_XPD_OOPC_PP_CD,"Out-of-pocket expenditure per capita, PPP (current international $)",0,0,
WB_HNP,WB_HNP_SH_XPD_PVTD_CH_ZS,Domestic private health expenditure (% of current health expenditure),0,0,
WB_HNP,WB_HNP_SH_XPD_PVTD_PC_CD,Domestic private health expenditure per capita (current US$),0,0,
WB_HNP,WB_HNP_SH_XPD_PVTD_PP_CD,"Domestic private health expenditure per capita, PPP (current international $)",0,0,
WB_HNP,WB_HNP_SI_POV_NAHC,Poverty headcount ratio at national poverty lines (% of population),0,0,
WB_HNP,WB_HNP_SL_EMP_INSV_ZS,Share of women in wage employment in the nonagricultural sector (% of total nonagricultural employment),0,0,
WB_HNP,WB_HNP_SL_TLF_TOTL_ZS,"Labor force, female (% of total labor force)",0,0,
WB_HNP,WB_HNP_SL_UEM_TOTL_ZS,"Unemployment, total (% of total labor force) (modeled ILO estimate)",0,0,
WB_HNP,WB_HNP_SM_POP_NETM,Net migration,0,0,
WB_HNP,WB_HNP_SN_ITK_DEFC,Number of people who are undernourished,0,0,
WB_HNP,WB_HNP_SN_ITK_DEFC_ZS,Prevalence of undernourishment (% of population),0,0,
WB_HNP,WB_HNP_SN_ITK_SALT_ZS,Consumption of iodized salt (% of households),0,0,
WB_HNP,WB_HNP_SP_ADO_TFRT,"Adolescent fertility rate (births per 1,000 women ages 15-19)",0,0,
WB_HNP,WB_HNP_SP_DYN_AMRT,"Mortality rate, adult (per 1,000 adults of same sex)",0,0,
WB_HNP,WB_HNP_SP_DYN_CBRT_IN,"Birth rate, crude (per 1,000 people)",0,0,
WB_HNP,WB_HNP_SP_DYN_CDRT_IN,"Death rate, crude (per 1,000 people)",0,0,
WB_HNP,WB_HNP_SP_DYN_CONM_SA_ZS,"Contraceptive prevalence, any modern method (% of sexually active unmarried women ages 15-49)",0,0,
WB_HNP,WB_HNP_SP_DYN_CONU_AL_ZS,"Contraceptive prevalence, any method (% of all women ages 15-49)",0,0,
WB_HNP,WB_HNP_SP_DYN_CONU_SA_ZS,"Contraceptive prevalence, any method (% of sexually active unmarried women ages 15-49)",0,0,
WB_HNP,WB_HNP_SP_DYN_CONU_ZS,"Contraceptive prevalence, any method (% of married women ages 15-49)",0,0,
WB_HNP,WB_HNP_SP_DYN_LE00_IN,"Life expectancy at birth, total (years)",0,0,
WB_HNP,WB_HNP_SP_DYN_SMAM,Age at first marriage,0,0,
WB_HNP,WB_HNP_SP_DYN_TO65_ZS,Survival to age 65 (% of cohort),0,0,
WB_HNP,WB_HNP_SP_DYN_WFRT,Wanted fertility rate (births per woman),0,0,
WB_HNP,WB_HNP_SP_HOU_FEMA_ZS,Female headed households (% of households with a female head),0,0,
WB_HNP,WB_HNP_SP_M15_ZS,Women who were first married by age 15 (% of women ages 20-24),0,0,
WB_HNP,WB_HNP_SP_M18_ZS,Women who were first married by age 18 (% of women ages 20-24),0,0,
WB_HNP,WB_HNP_SP_MTR_ZS,Teenage mothers (% of women ages 15-19 who have had children or are currently pregnant),0,0,
WB_HNP,WB_HNP_SP_POP_5Y,"Population, age group",0,0,
WB_HNP,WB_HNP_SP_POP_5Y_ZS,"Population, age group (% of gender-specific population)",0,0,
WB_HNP,WB_HNP_SP_POP_DPND,Age dependency ratio (% of working-age population),0,0,
WB_HNP,WB_HNP_SP_POP_GROW,Population growth (annual %),0,0,
WB_HNP,WB_HNP_SP_POP_TOTL,"Population, total",0,0,
WB_HNP,WB_HNP_SP_POP_TOTL_ZS,Population (% of total population),0,0,
WB_HNP,WB_HNP_SP_REG_BRTH_ZS,Completeness of birth registration (%),0,0,
WB_HNP,WB_HNP_SP_REG_DTHS_ZS,Completeness of death registration with cause-of-death information (%),0,0,
WB_HNP,WB_HNP_SP_UWT_TFRT,Unmet need for contraception (% of married women ages 15-49),0,0,
WB_ID4D,BIRTH_REG,Children under age 5 whose births are registered,0,0,
WB_ID4D,ID_DIG_AUTH,Digital ID verification,0,0,
WB_ID4D,ID_DIG_AUTH_RM,Online digital identity,0,0,
WB_ID4D,ID_DIG_RECS,Digital data use,0,0,
WB_ID4D,ID_MISUSE,Foundational ID has been used without permission for illegal purposes,0,0,
WB_ID4D,ID_OWN,ID ownership,0,0,
WB_ID4D,ID_OWN_BRTH,Birth Certification,0,0,
WB_ID4D,NOID_DIFF_S,Population facing challenges for not owning an ID,0,0,
WB_ID4D,NOID_S,Population without an ID by reason,0,0,
WB_IDS,WB_IDS_BN_CAB_XOKA_CD,Current account balance,0,0,
WB_IDS,WB_IDS_BX_GRT_EXTA_CD_DT,"Grants, excluding technical cooperation",0,0,
WB_IDS,WB_IDS_BX_GRT_TECH_CD_DT,Technical cooperation grants,0,0,
WB_IDS,WB_IDS_BX_KLT_DINV_CD_DT,"Foreign direct investment, net inflows in reporting economy (DRS)",0,0,
WB_IDS,WB_IDS_BX_KLT_DREM_CD_DT,Primary income on FDI,0,0,
WB_IDS,WB_IDS_BX_PEF_CD_DT,"Portfolio investment, equity (DRS)",0,0,
WB_IDS,WB_IDS_BX_TRF_PWKR_CD_DT,"Personal transfers and compensation of employees, received",0,0,
WB_IDS,WB_IDS_DT_AMT,Principal repayments on external debt,1,1,exports/data360/nepal_summary/samples/WB_IDS_WB_IDS_DT_AMT.json
WB_IDS,WB_IDS_DT_AMT_DIMF,IMF repurchases,1,1,exports/data360/nepal_summary/samples/WB_IDS_WB_IDS_DT_AMT_DIMF.json
WB_IDS,WB_IDS_DT_AMT_DLTF,"Principal repayments on external debt, long-term + IMF",0,0,
WB_IDS,WB_IDS_DT_AXA,Principal arrears creditors,0,0,
WB_IDS,WB_IDS_DT_AXF_DPPG,Principal forgiven,0,0,
WB_IDS,WB_IDS_DT_AXR,Principal rescheduled,0,0,
WB_IDS,WB_IDS_DT_BLT,"Public and publicly guaranteed, bilateral",0,0,
WB_IDS,WB_IDS_DT_BLT_GG,"General Government Debt, bilateral",0,0,
WB_IDS,WB_IDS_DT_BLT_OPS,"Other public sector debt, bilateral",0,0,
WB_IDS,WB_IDS_DT_BLT_PRVG,"Private Guaranteed by Public Sector debt, bilateral",0,0,
WB_IDS,WB_IDS_DT_BLT_PS,"Public sector debt, bilateral",0,0,
WB_IDS,WB_IDS_DT_COM,Commitments creditors,0,0,
WB_IDS,WB_IDS_DT_CUR_DMAK,"Currency composition of PPG debt, Deutsche mark (%)",0,0,
WB_IDS,WB_IDS_DT_CUR_FFRC,"Currency composition of PPG debt, French franc (%)",0,0,
WB_IDS,WB_IDS_DT_CUR_MULC,"Currency composition of PPG debt, Multiple currencies (%)",0,0,
WB_IDS,WB_IDS_DT_CUR_OTHC,"Currency composition of PPG debt, all other currencies (%)",0,0,
WB_IDS,WB_IDS_DT_CUR_SDRW,"Currency composition of PPG debt, SDR (%)",0,0,
WB_IDS,WB_IDS_DT_CUR_SWFR,"Currency composition of PPG debt, Swiss franc (%)",0,0,
WB_IDS,WB_IDS_DT_CUR_UKPS,"Currency composition of PPG debt, Pound sterling (%)",0,0,
WB_IDS,WB_IDS_DT_CUR_USDL,"Currency composition of PPG debt, U.S. dollars (%)",0,0,
WB_IDS,WB_IDS_DT_DFR_DPPG,Debt forgiveness or reduction,0,0,
WB_IDS,WB_IDS_DT_DIS,Disbursements on external debt,0,0,
WB_IDS,WB_IDS_DT_DIS_DIMF,IMF purchases,0,0,
WB_IDS,WB_IDS_DT_DOD,External debt stocks,0,0,
WB_IDS,WB_IDS_DT_DOD_C,"External debt stocks, concessional",0,0,
WB_IDS,WB_IDS_DT_DOD_DECT_CD_CG,Total change in external debt stocks,0,0,
WB_IDS,WB_IDS_DT_DOD_DECT_PC,Total external debt per capita,0,0,
WB_IDS,WB_IDS_DT_DOD_DIMF,Use of IMF credit,0,0,
WB_IDS,WB_IDS_DT_DOD_DSDR,"Use of IMF credit, SDR allocations",0,0,
WB_IDS,WB_IDS_DT_DOD_MDRI,Debt forgiveness grants,0,0,
WB_IDS,WB_IDS_DT_DOD_MLAT,Multilateral debt,0,0,
WB_IDS,WB_IDS_DT_DOD_PVLX,Present value of external debt,0,0,
WB_IDS,WB_IDS_DT_DOD_RSDL,"Residual, debt stock-flow reconciliation",0,0,
WB_IDS,WB_IDS_DT_DOD_VTOT,"External debt stocks, variable rate (DOD)",0,0,
WB_IDS,WB_IDS_DT_DOD_ZS,Concessional debt,0,0,
WB_IDS,WB_IDS_DT_DSB_DPPG,Debt buyback,0,0,
WB_IDS,WB_IDS_DT_DSF_DPPG,Debt stock reduction,0,0,
WB_IDS,WB_IDS_DT_DXR_DPPG,Debt stock rescheduled,0,0,
WB_IDS,WB_IDS_DT_GG,General Government creditors,0,1,exports/data360/nepal_summary/samples/WB_IDS_WB_IDS_DT_GG.json
WB_IDS,WB_IDS_DT_GPA,Average grace period on new external debt commitments,0,0,
WB_IDS,WB_IDS_DT_GRE,Average grant element on new external debt commitments,0,0,
WB_IDS,WB_IDS_DT_INR,Average interest on new external debt commitments,0,0,
WB_IDS,WB_IDS_DT_INT,Interest payments on external debt,1,1,exports/data360/nepal_summary/samples/WB_IDS_WB_IDS_DT_INT.json
WB_IDS,WB_IDS_DT_INT_DIMF,IMF charges,1,1,exports/data360/nepal_summary/samples/WB_IDS_WB_IDS_DT_INT_DIMF.json
WB_IDS,WB_IDS_DT_IXA,Interest arrears creditors,0,0,
WB_IDS,WB_IDS_DT_IXA_DLXF,"Interest arrears, long-term DOD",0,0,
WB_IDS,WB_IDS_DT_IXA_DPPG_CD_CG,Net change in interest arrears,0,0,
WB_IDS,WB_IDS_DT_IXR,Interest rescheduled,0,0,
WB_IDS,WB_IDS_DT_IXR_DPPG,Interest rescheduled (capitalized),0,0,
WB_IDS,WB_IDS_DT_MAT,Average maturity on new external debt commitments,0,0,
WB_IDS,WB_IDS_DT_MIDA,"Public and publicly guaranteed, IDA",0,0,
WB_IDS,WB_IDS_DT_MLT,"Public and publicly guaranteed, multilateral",0,0,
WB_IDS,WB_IDS_DT_MLT_GG,"General Government Debt, multilateral",0,0,
WB_IDS,WB_IDS_DT_NFFL,Net financial flows,0,0,
WB_IDS,WB_IDS_DT_NFL,Net flows on external debt,0,0,
WB_IDS,WB_IDS_DT_NFL_NIFC,IFC nonguaranteed,0,0,
WB_IDS,WB_IDS_DT_NTR,Net transfers on external debt,0,0,
WB_IDS,WB_IDS_DT_OPS,Other public sector creditors,0,0,
WB_IDS,WB_IDS_DT_PBND,"Public and publicly guaranteed, bonds",0,0,
WB_IDS,WB_IDS_DT_PBND_GG,"General Government Debt, bonds",0,0,
WB_IDS,WB_IDS_DT_PBND_OPS,"Other public sector debt, bonds",0,0,
WB_IDS,WB_IDS_DT_PBND_PRVG,"Private Guaranteed by Public Sector debt, bonds",0,0,
WB_IDS,WB_IDS_DT_PCBK,"Public and publicly guaranteed, commercial banks",0,0,
WB_IDS,WB_IDS_DT_PCBK_GG,"General Government Debt, commercial banks",0,0,
WB_IDS,WB_IDS_DT_PCBK_PS,"Public sector debt, commercial banks",0,0,
WB_IDS,WB_IDS_DT_PNGB,"Private non-guaranteed,bonds",0,0,
WB_IDS,WB_IDS_DT_PNGC,"Private non-guaranteed,commercial banks and other creditors",0,0,
WB_IDS,WB_IDS_DT_PPG,Public and publicly guaranteed creditors,0,0,
WB_IDS,WB_IDS_DT_PRVG,Private Guaranteed by Public Sector creditors,0,0,
WB_IDS,WB_IDS_DT_PS,Public sector creditors,1,0,exports/data360/nepal_summary/samples/WB_IDS_WB_IDS_DT_PS.json
WB_IDS,WB_IDS_DT_TDS,Debt service on external debt,1,1,exports/data360/nepal_summary/samples/WB_IDS_WB_IDS_DT_TDS.json
WB_IDS,WB_IDS_DT_TDS_DECT_EX,Total debt service,0,0,
WB_IDS,WB_IDS_DT_TDS_DIMF,IMF repurchases and charges,1,1,exports/data360/nepal_summary/samples/WB_IDS_WB_IDS_DT_TDS_DIMF.json
WB_IDS,WB_IDS_DT_TDS_MLAT,Multilateral debt service,0,0,
WB_IDS,WB_IDS_DT_TXR_DPPG,Total amount of debt rescheduled,0,0,
WB_IDS,WB_IDS_DT_UND,Undisbursed external debt creditors,0,0,
WB_IDS,WB_IDS_FI_RES,Total reserves (includes gold),0,0,
WB_IDS,WB_IDS_FI_RES_DT,Total reserves,0,0,
WB_IDS,WB_IDS_FI_RES_MO,Total reserves in months of imports,0,0,
WB_IDS,WB_IDS_NY_GNP_MKTP_CD,GNI,0,0,
WB_INFECDB,WB_INFECDB_INFEMP_P,Informal employment (% of total employment; International Labour Organization; hamonized series),0,0,
WB_INFECDB,WB_INFECDB_INFSIZE_P,Employment outside the formal sector (% of total employment; International Labour Organization; hamonized series),0,0,
WB_INFECDB,WB_INFECDB_MIMIC_P,Multiple indicators multiple causes model-based (MIMIC) estimates of informal output (% of official GDP),0,0,
WB_INFECDB,WB_INFECDB_PENSION_P,Labor force with pension (% of labor force),0,0,
WB_INFECDB,WB_INFECDB_SEMP_P,Self-employment (% of total employment),0,0,
WB_INFECDB,WB_INFECDB_WBENTP3,Number of years firm operated without formal registration (World Bank Enterprise Surveys),0,0,
WB_INFECDB,WB_INFECDB_WBENTP4,Percent of firms identifying practices of competitors in the informal sector as a constraint (World Bank Enterprise Surveys),0,0,
WB_KNOMAD,WB_KNOMAD_BRE,"Bilateral Remittance Estimates using Migrant Stocks, Host Country Incomes, and Origin Country Incomes (US$ million)",0,0,
WB_KNOMAD,WB_KNOMAD_MIG,Bilateral Estimate of Migrant Stocks,0,0,
WB_KNOMAD,WB_KNOMAD_MRI,Remittance inflows (US$ million),0,0,
WB_LPI,WB_LPI_LP_LPI_CUST_XQ,"Efficiency of the clearance process, score (1=low to 5=high)",0,0,
WB_LPI,WB_LPI_LP_LPI_INFR_RK,"Quality of trade- and transport-related infrastructure, rank (1=highest performer)",0,0,
WB_LPI,WB_LPI_LP_LPI_INFR_XQ,"Quality of trade- and transport-related infrastructure, score (1=low to 5=high)",0,0,
WB_LPI,WB_LPI_LP_LPI_ITRN_RK,"Ease of arranging competitively priced international shipments, rank (1=highest performer)",0,0,
WB_LPI,WB_LPI_LP_LPI_ITRN_XQ,"Ease of arranging competitively priced international shipments, score (1=low to 5=high)",0,0,
WB_LPI,WB_LPI_LP_LPI_LOGS_RK,"Competence and quality of logistics services, rank (1=highest performer)",0,0,
WB_LPI,WB_LPI_LP_LPI_LOGS_XQ,"Competence and quality of logistics services, score (1=low to 5=high)",0,0,
WB_LPI,WB_LPI_LP_LPI_OVRL_RK,Logistics performance index: Overall rank (1=highest performance),0,0,
WB_LPI,WB_LPI_LP_LPI_OVRL_XQ,Logistics performance index: Overall score (1=low to 5=high),0,0,
WB_LPI,WB_LPI_LP_LPI_TIME_RK,"Frequency with which shipments reach consignee within scheduled or expected time, rank (1=highest performer)",0,0,
WB_LPI,WB_LPI_LP_LPI_TIME_XQ,"Frequency with which shipments reach consignee within scheduled or expected time, score (1=low to 5=high)",0,0,
WB_LPI,WB_LPI_LP_LPI_TRAC_XQ,"Ability to track and trace consignments, score (1=low to 5=high)",0,0,
WB_MPM,WB_MPM_EDU_ATT,"Multidimensional poverty, Educational attainment (% of population deprived)",0,0,
WB_MPM,WB_MPM_EDU_ENROLL,"Multidimensional poverty, Educational enrollment (% of population deprived)",0,0,
WB_MPM,WB_MPM_ELEC,"Multidimensional poverty, Electricity (% of population deprived)",0,0,
WB_MPM,WB_MPM_HEADCOUNT,"Multidimensional poverty, Headcount ratio (% of population)",0,0,
WB_MPM,WB_MPM_MONETARY,"Multidimensional poverty, Monetary poverty (% of population deprived)",0,0,
WB_MPM,WB_MPM_SANT,"Multidimensional poverty, Sanitation (% of population deprived)",0,0,
WB_MPM,WB_MPM_WATER,"Multidimensional poverty, Drinking water (% of population deprived)",0,0,
WB_MPO,WB_MPO_BFCAFFFDICD,"Net Foreign Direct Investment Outflow, Value, Millions USD",1,1,exports/data360/nepal_summary/samples/WB_MPO_WB_MPO_BFCAFFFDICD.json
WB_MPO,WB_MPO_BFCAFFFDICD_,"Net Foreign Direct Investment Outflow, USD, % of GDP",1,1,exports/data360/nepal_summary/samples/WB_MPO_WB_MPO_BFCAFFFDICD_.json
WB_MPO,WB_MPO_BFCAFTOTLCD,"Capital and Financial Account Balance, Value, Millions USD",0,0,
WB_MPO,WB_MPO_BNCABFUNDCD,"Current Account Balance, Value, Millions USD",1,1,exports/data360/nepal_summary/samples/WB_MPO_WB_MPO_BNCABFUNDCD.json
WB_MPO,WB_MPO_BNCABFUNDCD_,"Current Account Balance, USD, % of GDP",1,1,exports/data360/nepal_summary/samples/WB_MPO_WB_MPO_BNCABFUNDCD_.json
WB_MPO,WB_MPO_ENATMCO2EKT,Emissions: Total CO2 emissions (ktCO2),0,0,
WB_MPO,WB_MPO_ENENRGHGEKT,"Emissions: Energy, fuel combustion activities (ktCO2e)",1,1,exports/data360/nepal_summary/samples/WB_MPO_WB_MPO_ENENRGHGEKT.json
WB_MPO,WB_MPO_ENENRGHGEKTZ,"Emissions: Energy, fuel combustion activities (ktCO2e), % change",1,1,exports/data360/nepal_summary/samples/WB_MPO_WB_MPO_ENENRGHGEKTZ.json
WB_MPO,WB_MPO_ENENRGHGEKT_,"Emissions: Energy, fuel combustion activities, % of Total GHG emissions",1,1,exports/data360/nepal_summary/samples/WB_MPO_WB_MPO_ENENRGHGEKT_.json
WB_MPO,WB_MPO_ENTOTGHGEKT,Emissions: Total GHG emissions (ktCO2e),1,1,exports/data360/nepal_summary/samples/WB_MPO_WB_MPO_ENTOTGHGEKT.json
WB_MPO,WB_MPO_ENTOTGHGEKTZ,"Emissions: Total GHG emissions (ktCO2e), % change",1,1,exports/data360/nepal_summary/samples/WB_MPO_WB_MPO_ENTOTGHGEKTZ.json
WB_MPO,WB_MPO_FPCPITOTLXN,"Consumer Price Index, Implicit Deflator, LCU",1,1,exports/data360/nepal_summary/samples/WB_MPO_WB_MPO_FPCPITOTLXN.json
WB_MPO,WB_MPO_FPCPITOTLXNZ,"Inflation Rate (Consumer Price Index), Value, % change LCU",1,1,exports/data360/nepal_summary/samples/WB_MPO_WB_MPO_FPCPITOTLXNZ.json
WB_MPO,WB_MPO_GGBALOVRLCD,"Overall Fiscal Balance, Value, Millions USD",1,1,exports/data360/nepal_summary/samples/WB_MPO_WB_MPO_GGBALOVRLCD.json
WB_MPO,WB_MPO_GGBALOVRLCN,"Overall Fiscal Balance, Value, Millions LCU",1,1,exports/data360/nepal_summary/samples/WB_MPO_WB_MPO_GGBALOVRLCN.json
WB_MPO,WB_MPO_GGBALPRIMCD_,"Primary Fiscal Balance, USD, % of GDP",1,1,exports/data360/nepal_summary/samples/WB_MPO_WB_MPO_GGBALPRIMCD_.json
WB_MPO,WB_MPO_GGBALPRIMCN,"Primary Fiscal Balance, Value, Millions LCU",1,1,exports/data360/nepal_summary/samples/WB_MPO_WB_MPO_GGBALPRIMCN.json
WB_MPO,WB_MPO_GGDBTTOTLCD,"General Government Debt Stock (Millions of Local Currency), Value, Millions USD",1,1,exports/data360/nepal_summary/samples/WB_MPO_WB_MPO_GGDBTTOTLCD.json
WB_MPO,WB_MPO_GGDBTTOTLCD_,"General Government Debt Stock (Millions of Current USD), % of GDP",1,1,exports/data360/nepal_summary/samples/WB_MPO_WB_MPO_GGDBTTOTLCD_.json
WB_MPO,WB_MPO_GGDBTTOTLCN,"General Government Debt Stock (Millions of Local Currency), Value, Millions LCU",1,1,exports/data360/nepal_summary/samples/WB_MPO_WB_MPO_GGDBTTOTLCN.json
WB_MPO,WB_MPO_GGEXPINTPCN,"Interest Payments, Value, Millions LCU",1,1,exports/data360/nepal_summary/samples/WB_MPO_WB_MPO_GGEXPINTPCN.json
WB_MPO,WB_MPO_GGREVTOTLCD,"Total Revenue and Grants, Value, Millions USD",1,1,exports/data360/nepal_summary/samples/WB_MPO_WB_MPO_GGREVTOTLCD.json
WB_MPO,WB_MPO_NECONGOVTCN,"Government Consumption, Value, Millions LCU",1,1,exports/data360/nepal_summary/samples/WB_MPO_WB_MPO_NECONGOVTCN.json
WB_MPO,WB_MPO_NECONGOVTCNZ,"Government Consumption, Value, Millions LCU, % change",1,1,exports/data360/nepal_summary/samples/WB_MPO_WB_MPO_NECONGOVTCNZ.json
WB_MPO,WB_MPO_NECONGOVTKD,"Government Consumption, Volume, Millions 2015 real USD",1,1,exports/data360/nepal_summary/samples/WB_MPO_WB_MPO_NECONGOVTKD.json
WB_MPO,WB_MPO_NECONGOVTKDZ,"Government Consumption, Volume, Millions 2015 real USD, % change",1,1,exports/data360/nepal_summary/samples/WB_MPO_WB_MPO_NECONGOVTKDZ.json
WB_MPO,WB_MPO_NECONGOVTKN,"Government Consumption, Volume, Millions LCU",1,1,exports/data360/nepal_summary/samples/WB_MPO_WB_MPO_NECONGOVTKN.json
WB_MPO,WB_MPO_NECONGOVTKNZ,"Government Consumption, Volume, Millions LCU, % change",1,1,exports/data360/nepal_summary/samples/WB_MPO_WB_MPO_NECONGOVTKNZ.json
WB_MPO,WB_MPO_NECONPRVTCN,"Private Consumption, Value, Millions LCU",1,1,exports/data360/nepal_summary/samples/WB_MPO_WB_MPO_NECONPRVTCN.json
WB_MPO,WB_MPO_NECONPRVTKD,"Private Consumption, Volume, Millions 2015 real USD",1,1,exports/data360/nepal_summary/samples/WB_MPO_WB_MPO_NECONPRVTKD.json
WB_MPO,WB_MPO_NECONPRVTKDZ,"Private Consumption, Volume, Millions 2015 real USD, % change",1,1,exports/data360/nepal_summary/samples/WB_MPO_WB_MPO_NECONPRVTKDZ.json
WB_MPO,WB_MPO_NECONPRVTKN,"Private Consumption, Volume, Millions LCU",1,1,exports/data360/nepal_summary/samples/WB_MPO_WB_MPO_NECONPRVTKN.json
WB_MPO,WB_MPO_NECONPRVTKNZ,"Private Consumption, Volume, Millions LCU, % change",1,1,exports/data360/nepal_summary/samples/WB_MPO_WB_MPO_NECONPRVTKNZ.json
WB_MPO,WB_MPO_NECONPRVTPCKD,"Private Consumption per capita, Volume, Millions 2015 real USD",1,1,exports/data360/nepal_summary/samples/WB_MPO_WB_MPO_NECONPRVTPCKD.json
WB_MPO,WB_MPO_NECONPRVTPCKDZ,"Private Consumption per capita, Volume, Millions 2015 real USD, % change",1,1,exports/data360/nepal_summary/samples/WB_MPO_WB_MPO_NECONPRVTPCKDZ.json
WB_MPO,WB_MPO_NECONPRVTPCKN,"Private Consumption per capita, Volume, Millions LCU",1,1,exports/data360/nepal_summary/samples/WB_MPO_WB_MPO_NECONPRVTPCKN.json
WB_MPO,WB_MPO_NECONPRVTPCKNZ,"Private Consumption per capita, Volume, Millions LCU, % change",1,1,exports/data360/nepal_summary/samples/WB_MPO_WB_MPO_NECONPRVTPCKNZ.json
WB_MPO,WB_MPO_NECONPRVTXN,"Private Consumption, Implicit Deflator, LCU",1,1,exports/data360/nepal_summary/samples/WB_MPO_WB_MPO_NECONPRVTXN.json
WB_MPO,WB_MPO_NEEXPGNFSCN,"GNFS Exports, Value, Millions LCU",1,1,exports/data360/nepal_summary/samples/WB_MPO_WB_MPO_NEEXPGNFSCN.json
WB_MPO,WB_MPO_NEEXPGNFSCNZ,"GNFS Exports, Value, Millions LCU, % change",1,1,exports/data360/nepal_summary/samples/WB_MPO_WB_MPO_NEEXPGNFSCNZ.json
WB_MPO,WB_MPO_NEEXPGNFSKD,"GNFS Exports, Volume, Millions 2015 real USD",1,1,exports/data360/nepal_summary/samples/WB_MPO_WB_MPO_NEEXPGNFSKD.json
WB_MPO,WB_MPO_NEEXPGNFSKDZ,"GNFS Exports, Volume, Millions 2015 real USD, % change",1,1,exports/data360/nepal_summary/samples/WB_MPO_WB_MPO_NEEXPGNFSKDZ.json
WB_MPO,WB_MPO_NEEXPGNFSKN,"GNFS Exports, Volume, Millions LCU",1,1,exports/data360/nepal_summary/samples/WB_MPO_WB_MPO_NEEXPGNFSKN.json
WB_MPO,WB_MPO_NEGDIFTOTCN,"Gross Fixed Investment, Value, Millions LCU",1,1,exports/data360/nepal_summary/samples/WB_MPO_WB_MPO_NEGDIFTOTCN.json
WB_MPO,WB_MPO_NEGDIFTOTCNZ,"Gross Fixed Investment, Value, Millions LCU, % change",1,1,exports/data360/nepal_summary/samples/WB_MPO_WB_MPO_NEGDIFTOTCNZ.json
WB_MPO,WB_MPO_NEGDIFTOTKD,"Gross Fixed Investment, Volume, Millions 2015 real USD",1,1,exports/data360/nepal_summary/samples/WB_MPO_WB_MPO_NEGDIFTOTKD.json
WB_MPO,WB_MPO_NEGDIFTOTKDZ,"Gross Fixed Investment, Volume, Millions 2015 real USD, % change",1,1,exports/data360/nepal_summary/samples/WB_MPO_WB_MPO_NEGDIFTOTKDZ.json
WB_MPO,WB_MPO_NEGDIFTOTKD_,"Gross Fixed Investment, USD, % of GDP",1,1,exports/data360/nepal_summary/samples/WB_MPO_WB_MPO_NEGDIFTOTKD_.json
WB_MPO,WB_MPO_NEGDIFTOTKNZ,"Gross Fixed Investment, Volume, Millions LCU, % change",1,1,exports/data360/nepal_summary/samples/WB_MPO_WB_MPO_NEGDIFTOTKNZ.json
WB_MPO,WB_MPO_NEGDIFTOTKN_,"Gross Fixed Investment, LCU, % of GDP",1,1,exports/data360/nepal_summary/samples/WB_MPO_WB_MPO_NEGDIFTOTKN_.json
WB_MPO,WB_MPO_NEIMPGNFSCN,"GNFS Imports, Value, Millions LCU",1,1,exports/data360/nepal_summary/samples/WB_MPO_WB_MPO_NEIMPGNFSCN.json
WB_MPO,WB_MPO_NEIMPGNFSCNZ,"GNFS Imports, Value, Millions LCU, % change",1,1,exports/data360/nepal_summary/samples/WB_MPO_WB_MPO_NEIMPGNFSCNZ.json
WB_MPO,WB_MPO_NEIMPGNFSKD,"GNFS Imports, Volume, Millions 2015 real USD",1,1,exports/data360/nepal_summary/samples/WB_MPO_WB_MPO_NEIMPGNFSKD.json
WB_MPO,WB_MPO_NEIMPGNFSKDZ,"GNFS Imports, Volume, Millions 2015 real USD, % change",1,1,exports/data360/nepal_summary/samples/WB_MPO_WB_MPO_NEIMPGNFSKDZ.json
WB_MPO,WB_MPO_NEIMPGNFSKN,"GNFS Imports, Volume, Millions LCU",1,1,exports/data360/nepal_summary/samples/WB_MPO_WB_MPO_NEIMPGNFSKN.json
WB_MPO,WB_MPO_NEIMPGNFSKNZ,"GNFS Imports, Volume, Millions LCU, % change",1,1,exports/data360/nepal_summary/samples/WB_MPO_WB_MPO_NEIMPGNFSKNZ.json
WB_MPO,WB_MPO_NVAGRTOTLCN,"Agriculture, Value, Millions LCU",1,1,exports/data360/nepal_summary/samples/WB_MPO_WB_MPO_NVAGRTOTLCN.json
WB_MPO,WB_MPO_NVAGRTOTLCNZ,"Agriculture, Value, Millions LCU, % change",1,1,exports/data360/nepal_summary/samples/WB_MPO_WB_MPO_NVAGRTOTLCNZ.json
WB_MPO,WB_MPO_NVAGRTOTLKD,"Agriculture, Volume, Millions 2015 real USD",1,1,exports/data360/nepal_summary/samples/WB_MPO_WB_MPO_NVAGRTOTLKD.json
WB_MPO,WB_MPO_NVAGRTOTLKDZ,"Agriculture, Volume, Millions 2015 real USD, Millions % change",1,1,exports/data360/nepal_summary/samples/WB_MPO_WB_MPO_NVAGRTOTLKDZ.json
WB_MPO,WB_MPO_NVAGRTOTLKN,"Agriculture, Volume, Millions LCU",1,1,exports/data360/nepal_summary/samples/WB_MPO_WB_MPO_NVAGRTOTLKN.json
WB_MPO,WB_MPO_NVAGRTOTLKNZ,"Agriculture, Volume, Millions LCU, % change",1,1,exports/data360/nepal_summary/samples/WB_MPO_WB_MPO_NVAGRTOTLKNZ.json
WB_MPO,WB_MPO_NVINDTOTLCN,"Industry, Value, Millions LCU",1,1,exports/data360/nepal_summary/samples/WB_MPO_WB_MPO_NVINDTOTLCN.json
WB_MPO,WB_MPO_NVINDTOTLCNZ,"Industry, Value, Millions LCU, % change",1,1,exports/data360/nepal_summary/samples/WB_MPO_WB_MPO_NVINDTOTLCNZ.json
WB_MPO,WB_MPO_NVINDTOTLKD,"Industry, Volume, Millions 2015 real USD",1,1,exports/data360/nepal_summary/samples/WB_MPO_WB_MPO_NVINDTOTLKD.json
WB_MPO,WB_MPO_NVINDTOTLKDZ,"Industry, Volume, Millions 2015 real USD, Millions % change",1,1,exports/data360/nepal_summary/samples/WB_MPO_WB_MPO_NVINDTOTLKDZ.json
WB_MPO,WB_MPO_NVINDTOTLKN,"Industry, Volume, Millions LCU",1,1,exports/data360/nepal_summary/samples/WB_MPO_WB_MPO_NVINDTOTLKN.json
WB_MPO,WB_MPO_NVINDTOTLKNZ,"Industry, Volume, Millions LCU, % change",1,1,exports/data360/nepal_summary/samples/WB_MPO_WB_MPO_NVINDTOTLKNZ.json
WB_MPO,WB_MPO_NVSRVTOTLCN,"Services, Value, Millions LCU",1,1,exports/data360/nepal_summary/samples/WB_MPO_WB_MPO_NVSRVTOTLCN.json
WB_MPO,WB_MPO_NVSRVTOTLCNZ,"Services, Value, Millions LCU, % change",1,1,exports/data360/nepal_summary/samples/WB_MPO_WB_MPO_NVSRVTOTLCNZ.json
WB_MPO,WB_MPO_NVSRVTOTLKN,"Services, Volume, Millions LCU",1,1,exports/data360/nepal_summary/samples/WB_MPO_WB_MPO_NVSRVTOTLKN.json
WB_MPO,WB_MPO_NVSRVTOTLKNZ,"Services, Volume, Millions LCU, % change",1,1,exports/data360/nepal_summary/samples/WB_MPO_WB_MPO_NVSRVTOTLKNZ.json
WB_MPO,WB_MPO_NYGDPFCSTCN,"Gross Domestic Product at Factor Cost, Value, Millions LCU",1,1,exports/data360/nepal_summary/samples/WB_MPO_WB_MPO_NYGDPFCSTCN.json
WB_MPO,WB_MPO_NYGDPFCSTKD,"Gross Domestic Product at Factor Cost, Volume, Millions 2015 real USD",1,1,exports/data360/nepal_summary/samples/WB_MPO_WB_MPO_NYGDPFCSTKD.json
WB_MPO,WB_MPO_NYGDPFCSTKDZ,"Gross Domestic Product at Factor Cost, Volume, Millions 2015 real USD, % change",1,1,exports/data360/nepal_summary/samples/WB_MPO_WB_MPO_NYGDPFCSTKDZ.json
WB_MPO,WB_MPO_NYGDPFCSTKN,"Gross Domestic Product at Factor Cost, Volume, Millions LCU",1,1,exports/data360/nepal_summary/samples/WB_MPO_WB_MPO_NYGDPFCSTKN.json
WB_MPO,WB_MPO_NYGDPFCSTKNZ,"Gross Domestic Product at Factor Cost, Volume, Millions LCU, % change",1,1,exports/data360/nepal_summary/samples/WB_MPO_WB_MPO_NYGDPFCSTKNZ.json
WB_MPO,WB_MPO_NYGDPMKTPCD,"Gross Domestic Product at Market Price, Value, Millions USD",1,1,exports/data360/nepal_summary/samples/WB_MPO_WB_MPO_NYGDPMKTPCD.json
WB_MPO,WB_MPO_NYGDPMKTPCN,"Gross Domestic Product at Market Price, Value, Millions LCU",1,1,exports/data360/nepal_summary/samples/WB_MPO_WB_MPO_NYGDPMKTPCN.json
WB_MPO,WB_MPO_NYGDPMKTPCNZ,"Gross Domestic Product at Market Price, Value, Millions LCU, % change",1,1,exports/data360/nepal_summary/samples/WB_MPO_WB_MPO_NYGDPMKTPCNZ.json
WB_MPO,WB_MPO_NYGDPMKTPKD,"Gross Domestic Product at Market Price, Volume, Millions 2015 real USD",1,1,exports/data360/nepal_summary/samples/WB_MPO_WB_MPO_NYGDPMKTPKD.json
WB_MPO,WB_MPO_NYGDPMKTPKDZ,"Gross Domestic Product at Market Price, Volume, Millions 2015 real USD, % change",1,1,exports/data360/nepal_summary/samples/WB_MPO_WB_MPO_NYGDPMKTPKDZ.json
WB_MPO,WB_MPO_NYGDPMKTPKN,"Gross Domestic Product at Market Price, Volume, Millions LCU",1,1,exports/data360/nepal_summary/samples/WB_MPO_WB_MPO_NYGDPMKTPKN.json
WB_MPO,WB_MPO_NYGDPMKTPKNZ,"Gross Domestic Product at Market Price, Volume, Millions LCU, % change",1,1,exports/data360/nepal_summary/samples/WB_MPO_WB_MPO_NYGDPMKTPKNZ.json
WB_MPO,WB_MPO_NYGDPMKTPXN,"Gross Domestic Product at Market Price, Implicit Deflator, LCU",1,1,exports/data360/nepal_summary/samples/WB_MPO_WB_MPO_NYGDPMKTPXN.json
WB_MPO,WB_MPO_NYGDPPCKD,"GDP per capita at Market Price, Volume, Millions 2015 real USD",1,1,exports/data360/nepal_summary/samples/WB_MPO_WB_MPO_NYGDPPCKD.json
WB_MPO,WB_MPO_NYGDPPCKDZ,"GDP per capita at Market Price, Volume, Millions 2015 real USD, % change",1,1,exports/data360/nepal_summary/samples/WB_MPO_WB_MPO_NYGDPPCKDZ.json
WB_MPO,WB_MPO_NYGDPPCKN,"GDP per capita at Market Price, Volume, Millions LCU",1,1,exports/data360/nepal_summary/samples/WB_MPO_WB_MPO_NYGDPPCKN.json
WB_MPO,WB_MPO_POV1,International poverty rate ($2.15 in 2017 PPP),1,1,exports/data360/nepal_summary/samples/WB_MPO_WB_MPO_POV1.json
WB_MPO,WB_MPO_POV2,Lower middle-income poverty rate ($3.65 in 2017 PPP),1,1,exports/data360/nepal_summary/samples/WB_MPO_WB_MPO_POV2.json
WB_MPO,WB_MPO_POV3,Upper middle-income poverty rate ($6.85 in 2017 PPP),1,1,exports/data360/nepal_summary/samples/WB_MPO_WB_MPO_POV3.json
WB_MPO,WB_MPO_SPPOPTOTL,"Population, Millions of People",1,1,exports/data360/nepal_summary/samples/WB_MPO_WB_MPO_SPPOPTOTL.json
WB_PIP,WB_PIP_HEADCOUNT_IPL,"Poverty headcount ratio (2021 PPP, $3.00) (% of population)",0,0,
WB_PIP,WB_PIP_HEADCOUNT_LMIC,"Poverty headcount ratio (2021 PPP, $4.20) (% of population)",0,0,
WB_PIP,WB_PIP_HEADCOUNT_UMIC,"Poverty headcount ratio (2021 PPP, $8.30) (% of population)",0,0,
WB_PIP,WB_PIP_NPOOR_IPL,"Population living below the poverty line (2021 PPP, $3.00) (million)",0,0,
WB_PIP,WB_PIP_NPOOR_UMIC,"Population living below the poverty line (2021 PPP, $8.30) (million)",0,0,
WB_PPI,WB_PPI_ENR_INV,Private Sector Participation in Energy Sector (USD),0,0,
WB_PPI,WB_PPI_ICT_INV,Private Sector Participation in ICT Sector (USD),0,0,
WB_PPI,WB_PPI_ICT_PGDP,Private Sector Participation in ICT Sector (% of GDP),0,0,
WB_PPI,WB_PPI_TRN_INV,Private Sector Participation in Transport Sector (USD),0,0,
WB_PPI,WB_PPI_TRN_PGDP,Private Sector Participation in Transport Sector (% of GDP),0,0,
WB_PPI,WB_PPI_WTR_INV,Private Sector Participation in Water Sector (USD),0,0,
WB_PPI,WB_PPI_WTR_PGDP,Private Sector Participation in Water Sector (% of GDP),0,0,
WB_RISE,WB_RISE_CC_ALL,Sustainable Energy - Clean Cooking Score,0,0,
WB_RISE,WB_RISE_CC_CCP,Clean Cooking National Planning,0,0,
WB_RISE,WB_RISE_CC_FIAC,Incentives and Attributes for Clean Cooking,0,0,
WB_RISE,WB_RISE_CC_SCCP,Implementation Scope of Clean Cooking Planning,0,0,
WB_RISE,WB_RISE_CC_STLA,Standards and Labeling,0,0,
WB_RISE,WB_RISE_CON_AFEL,Consumer Affordability of Electricity,0,0,
WB_RISE,WB_RISE_EA_ALL,Sustainable Energy - Electricity Access Score,0,0,
WB_RISE,WB_RISE_EE_ALL,Sustainable Energy - Energy Efficiency Score,0,0,
WB_RISE,WB_RISE_EE_BEC,Building Energy Codes,0,0,
WB_RISE,WB_RISE_EE_EES,Energy Efficiency Governance,0,0,
WB_RISE,WB_RISE_EE_ELS,Energy Labeling Systems,0,0,
WB_RISE,WB_RISE_EE_IMIC,Industrial and Commercial End Users,0,0,
WB_RISE,WB_RISE_EE_IMPS,Energy Efficiency in Public Sector,0,0,
WB_RISE,WB_RISE_EE_IMUT,Incentives & Mandates: Energy Utility Programs,0,0,
WB_RISE,WB_RISE_EE_TRN,Transport Sector,0,0,
WB_RISE,WB_RISE_ELTN_PL,Electrification Governance and Planning,0,0,
WB_RISE,WB_RISE_FRM_MGRI,Minigrids Framework,0,0,
WB_RISE,WB_RISE_FRM_OGS,Off-Grid Systems Framework,0,0,
WB_RISE,WB_RISE_FR_GREL,Grid Electrification Framework,0,0,
WB_RISE,WB_RISE_RE_ELEC,Electricity Sector Renewables,0,0,
WB_RISE,WB_RISE_RE_GOV,Renewable Energy - Governance,0,0,
WB_RISE,WB_RISE_RE_HE_CO,Heating and Cooling Renewables,0,0,
WB_RISE,WB_RISE_RE_TRNS,Transport Sector Renewables,0,0,
WB_SE4ALL,WB_SE4ALL_EG_ACS_ELEC,Access to electricity (% of population),0,0,
WB_SE4ALL,WB_SE4ALL_EG_EGY_CLEAN,Access to clean fuels and technologies for cooking  (% of population),0,0,
WB_SE4ALL,WB_SE4ALL_EG_FCON_RNEW,Final consumption of renewable energy (PJ),0,0,
WB_SE4ALL,WB_SE4ALL_EG_FEC_RNEW,Share in total final energy consumption (%),0,0,
WB_SE4ALL,WB_SE4ALL_EG_FEC_TOT,Total final energy consumption (PJ),0,0,
WB_SE4ALL,WB_SE4ALL_EG_INFLW_IC,"International financial flows to developing countries in support of clean energy, International Commitments (2020 USD millions)",0,0,
WB_SE4ALL,WB_SE4ALL_EG_INT_LVL,Energy intensity level of primary energy (megajoules per constant 2017 purchasing power parity GDP),0,0,
WB_SHP,WB_SHP_MEANB40,Mean consumption or income per capita of bottom 40 percent population (2017 PPP $ per day),0,0,
WB_SHP,WB_SHP_MEDIAN,Median consumption or income per capita of all population (2017 PPP $ per day),0,0,
WB_SOLAR_ATLAS,WB_SOLAR_ATLAS_STATIONS,Number of Solar Stations Commissioned,0,0,
WB_SPI,WB_SPI_D1_5_DT_TDS_DPPF_XP_ZS,Quality of Debt service data according to World Bank,0,0,
WB_SPI,WB_SPI_D1_5_LFP,Labor force participation rate by sex and age (%),0,0,
WB_SPI,WB_SPI_D1_5_POV,Availability of Comparable Poverty headcount ratio at $1.90 a day (5 year moving average),0,0,
WB_SPI,WB_SPI_D1_5_SAFE_MAN_WATER,Safely Managed Drinking Water,0,0,
WB_SPI,WB_SPI_D2_1_GDDS,SDDS/e-GDDS subscription,0,0,
WB_SPI,WB_SPI_D2_2_DOWNLOAD_OPTIONS,Download Options Score,0,0,
WB_SPI,WB_SPI_D2_2_MACHINE_READABLE,Machine Readability Score,0,0,
WB_SPI,WB_SPI_D2_2_METADATA_AVAILABLE,Metadata Available Score,0,0,
WB_SPI,WB_SPI_D2_2_NON_PROPRIETARY,Non-Proprietary format Score,0,0,
WB_SPI,WB_SPI_D2_2_OPENNESS_SUBSCORE,ODIN Open Data Openness score,0,0,
WB_SPI,WB_SPI_D2_2_TERMS_OF_USE,Terms of Use Score,0,0,
WB_SPI,WB_SPI_D2_4_NADA,NADA metadata,0,0,
WB_SPI,WB_SPI_D3_10_NEQL,GOAL 10: Reduced Inequality (5 year moving average),0,0,
WB_SPI,WB_SPI_D3_11_CITY,GOAL 11: Sustainable Cities and Communities (5 year moving average),0,0,
WB_SPI,WB_SPI_D3_12_CNSP,GOAL 12: Responsible Consumption and Production (5 year moving average),0,0,
WB_SPI,WB_SPI_D3_15_LAND,GOAL 15: Life on Land (5 year moving average),0,0,
WB_SPI,WB_SPI_D3_16_INST,GOAL 16: Peace and Justice Strong Institutions (5 year moving average),0,0,
WB_SPI,WB_SPI_D3_17_PTNS,GOAL 17: Partnerships to achieve the Goal (5 year moving average),0,0,
WB_SPI,WB_SPI_D3_1_POV,GOAL 1: No Poverty (5 year moving average),0,0,
WB_SPI,WB_SPI_D3_2_HNGR,GOAL 2: Zero Hunger (5 year moving average),0,0,
WB_SPI,WB_SPI_D3_3_HLTH,GOAL 3: Good Health and Well-being (5 year moving average),0,0,
WB_SPI,WB_SPI_D3_4_EDUC,GOAL 4: Quality Education (5 year moving average),0,0,
WB_SPI,WB_SPI_D3_5_GEND,GOAL 5: Gender Equality (5 year moving average),0,0,
WB_SPI,WB_SPI_D3_6_WTRS,GOAL 6: Clean Water and Sanitation (5 year moving average),0,0,
WB_SPI,WB_SPI_D3_8_WORK,GOAL 8: Decent Work and Economic Growth (5 year moving average),0,0,
WB_SPI,WB_SPI_D3_9_INDY,"GOAL 9: Industry, Innovation and Infrastructure (5 year moving average)",0,0,
WB_SPI,WB_SPI_D4_1_1_POPU,Population & Housing census (Availability score over 20 years),0,0,
WB_SPI,WB_SPI_D4_1_2_AGRI,Agriculture census (Availability score over 20 years),0,0,
WB_SPI,WB_SPI_D4_1_3_BIZZ,Business/establishment census (Availability score over 20 years),0,0,
WB_SPI,WB_SPI_D4_1_5_AGSVY,Agriculture survey (Availability score over 10 years),0,0,
WB_SPI,WB_SPI_D4_1_6_LABR,Labor Force Survey (Availability score over 10 years),0,0,
WB_SPI,WB_SPI_D4_1_7_HLTH,Health/Demographic survey (Availability score over 10 years),0,0,
WB_SPI,WB_SPI_D4_1_8_BZSVY,Business/establishment survey (Availability score over 10 years),0,0,
WB_SPI,WB_SPI_D4_3_GEO_FIRST_ADMIN_LEVEL,Geospatial data available at 1st Admin Level,0,0,
WB_SPI,WB_SPI_D5_1_DILG,Legislation Indicator based on PARIS21 indicators on SDG 17.18.2,0,0,
WB_SPI,WB_SPI_D5_2_10_GSBP,Business process,0,0,
WB_SPI,WB_SPI_D5_2_1_SNAU,System of national accounts in use,0,0,
WB_SPI,WB_SPI_D5_2_3_CNIN,Classification of national industry,0,0,
WB_SPI,WB_SPI_D5_2_6_EMPL,Classification of status of employment,0,0,
WB_SPI,WB_SPI_D5_2_8_FINA,Compilation of government finance statistics,0,0,
WB_SPI,WB_SPI_D5_2_9_MONY,Compilation of monetary and financial statistics,0,0,
WB_SPI,WB_SPI_DIM1_5_INDEX,Dimension 1.5: Data use by international organizations,0,0,
WB_SPI,WB_SPI_DIM2_1_INDEX,Dimension 2.1: Data Releases,0,0,
WB_SPI,WB_SPI_DIM2_2_INDEX,Dimension 2.2: Online access,0,0,
WB_SPI,WB_SPI_DIM2_4_INDEX,Dimension 2.4: Data services,0,0,
WB_SPI,WB_SPI_DIM3_1_INDEX,Dimension 3.1: Social Statistics,0,0,
WB_SPI,WB_SPI_DIM3_2_INDEX,Dimension 3.2: Economic Statistics,0,0,
WB_SPI,WB_SPI_DIM3_3_INDEX,Dimension 3.3: Environmental Statistics,0,0,
WB_SPI,WB_SPI_DIM3_4_INDEX,Dimension 3.4: Institutional Statistics,0,0,
WB_SPI,WB_SPI_DIM4_1_CEN_INDEX,Dimension 4.1: Censuses and Surveys - Censuses only,0,0,
WB_SPI,WB_SPI_DIM4_1_SVY_INDEX,Dimension 4.1: Censuses and Surveys - Surveys only,0,0,
WB_SPI,WB_SPI_DIM4_3_INDEX,Dimension 4.3: Geospatial Data,0,0,
WB_SPI,WB_SPI_DIM5_1_INDEX,Dimension 5.1: Legislation and governance,0,0,
WB_SPI,WB_SPI_DIM5_2_INDEX,Dimension 5.2: Standards and Methods,0,0,
WB_SPI,WB_SPI_DIM5_5_INDEX,Dimension 5.5: Finance,0,0,
WB_SPI,WB_SPI_INDEX,SPI Overall Score,0,0,
WB_SPI,WB_SPI_INDEX_PIL1,Pillar 1  - Data Use - Score,0,0,
WB_SPI,WB_SPI_INDEX_PIL2,Pillar 2 - Data Services - Score,0,0,
WB_SPI,WB_SPI_INDEX_PIL3,Pillar 3 - Data Products - Score,0,0,
WB_SPI,WB_SPI_INDEX_PIL4,Pillar 4 - Data Sources - Score,0,0,
WB_SPI,WB_SPI_INDEX_PIL5,Pillar 5 - Data Infrastructure - Score,0,0,
WB_SSGD,WB_SSGD_ACCESS_CIVIL_JUSTICE,Access to civil justice,0,0,
WB_SSGD,WB_SSGD_CIVIC_SPACE_IDX,Civic Space Index,0,0,
WB_SSGD,WB_SSGD_CONTROL_CORRUPTION,Control of corruption,0,0,
WB_SSGD,WB_SSGD_COOLING_DD,Cooling degree days,0,0,
WB_SSGD,WB_SSGD_DEMOCRACY_IDX,Democracy index,0,0,
WB_SSGD,WB_SSGD_DI_CIVIL_LIB_SCORE,Democracy index: Civil liberties score,0,0,
WB_SSGD,WB_SSGD_DI_ELECT_PROCESS_SCORE,Democracy index: Electoral process and pluralism score,0,0,
WB_SSGD,WB_SSGD_DI_GOVT_FUNC_SCORE,Democracy index: Functioning of government score,0,0,
WB_SSGD,WB_SSGD_DI_POL_CULTURE_SCORE,Democracy index: Political culture score,0,0,
WB_SSGD,WB_SSGD_DI_POL_PART_SCORE,Democracy index: Political participation score,0,0,
WB_SSGD,WB_SSGD_ECO_SOC_RIGHTS_SCORE,Economic and Social Rights Performance Score,0,0,
WB_SSGD,WB_SSGD_EQUAL_TREATMENT,Equal treatment and no discrimination,0,0,
WB_SSGD,WB_SSGD_FATALITIES_VIOLENCE,Number of fatalities due to violence,0,0,
WB_SSGD,WB_SSGD_FERTILITY_RATE,Fertility rate,0,0,
WB_SSGD,WB_SSGD_FOREST_AREA_PCT,Forest area (% of land area),0,0,
WB_SSGD,WB_SSGD_GDP_CAPITA_PPP,"GDP per capita, PPP",0,0,
WB_SSGD,WB_SSGD_GDP_GROWTH_ANNUAL,GDP growth (annual %),0,0,
WB_SSGD,WB_SSGD_GOVT_LIMITED_JUDICIARY,Government powers limited by the judiciary,0,0,
WB_SSGD,WB_SSGD_GOVT_REG_NO_INFLUENCE,Government regulations without improper influence,0,0,
WB_SSGD,WB_SSGD_HEATING_DD,Heating degree days,0,0,
WB_SSGD,WB_SSGD_HOMICIDES_PER_100K,Intentional homicides (per 100000 people),0,0,
WB_SSGD,WB_SSGD_HUMAN_CAPITAL_IDX,Human Capital Index,0,0,
WB_SSGD,WB_SSGD_LIFE_SECURITY_GUARANTEE,Life and security guarantee,0,0,
WB_SSGD,WB_SSGD_LOG_GDP_CAPITA_PPP,"Log of GDP per capita, PPP",0,0,
WB_SSGD,WB_SSGD_NET_MIGRATION,Net migration,0,0,
WB_SSGD,WB_SSGD_NUM_VIOLENT_EVENTS,Number of violent events,0,0,
WB_SSGD,WB_SSGD_PCT_INTERNET_USERS,Individuals using the Internet (% of population),0,0,
WB_SSGD,WB_SSGD_PCT_POP_BANK_ACCOUNT,Percentage of population who own a bank account,0,0,
WB_SSGD,WB_SSGD_PCT_URBAN_POP,Percentage of urban population,0,0,
WB_SSGD,WB_SSGD_PCT_WOMEN_JUSTIFY_BEATING,Percentage of women who believe a husband is justified in beating his wife,0,0,
WB_SSGD,WB_SSGD_PCT_WOMEN_PARLIAMENT,Percentage of women in the parliament,0,0,
WB_SSGD,WB_SSGD_RULE_OF_LAW,Rule of Law,0,0,
WB_SSGD,WB_SSGD_SCHOOL_ENROLL_GPI,"School enrollment, primary and secondary (gross), gender parity index (GPI)",0,0,
WB_SSGD,WB_SSGD_TREE_COVER_LOSS,Tree cover loss,0,0,
WB_SSGD,WB_SSGD_WBL_ASSETS_SCORE,"Women, Business, and the Law: Assets score",0,0,
WB_SSGD,WB_SSGD_WBL_ENTREPRENEURSHIP_SCORE,"Women, Business and the Law: Entrepreneurship score",0,0,
WB_SSGD,WB_SSGD_WBL_MARRIAGE_SCORE,"Women, Business, and the Law: Marriage score",0,0,
WB_SSGD,WB_SSGD_WBL_MOBILITY_SCORE,"Women, Business, and the Law: Mobility score",0,0,
WB_SSGD,WB_SSGD_WBL_PARENTHOOD_SCORE,"Women, Business, and the Law: Parenthood score",0,0,
WB_SSGD,WB_SSGD_WBL_PAY_SCORE,"Women, Business, and the Law: Pay score",0,0,
WB_SSGD,WB_SSGD_WBL_PENSION_SCORE,"Women, Business, and the Law: Pension score",0,0,
WB_SSGD,WB_SSGD_WBL_WORKPLACE_SCORE,"Women, Business and the Law: Workplace score",0,0,
WB_THINK_HAZARD,WB_THINK_HAZARD_CY_LEVEL,Hazard level for Cyclones,1,0,exports/data360/nepal_summary/samples/WB_THINK_HAZARD_WB_THINK_HAZARD_CY_LEVEL.json
WB_THINK_HAZARD,WB_THINK_HAZARD_DG_LEVEL,Hazard level for Water scarcity,1,0,exports/data360/nepal_summary/samples/WB_THINK_HAZARD_WB_THINK_HAZARD_DG_LEVEL.json
WB_THINK_HAZARD,WB_THINK_HAZARD_EH_LEVEL,Hazard level for Extreme Heat,1,0,exports/data360/nepal_summary/samples/WB_THINK_HAZARD_WB_THINK_HAZARD_EH_LEVEL.json
WB_THINK_HAZARD,WB_THINK_HAZARD_EQ_LEVEL,Hazard level for Earthquakes,1,0,exports/data360/nepal_summary/samples/WB_THINK_HAZARD_WB_THINK_HAZARD_EQ_LEVEL.json
WB_THINK_HAZARD,WB_THINK_HAZARD_FL_LEVEL,Hazard level for Floods,1,0,exports/data360/nepal_summary/samples/WB_THINK_HAZARD_WB_THINK_HAZARD_FL_LEVEL.json
WB_THINK_HAZARD,WB_THINK_HAZARD_LS_LEVEL,Hazard level for Landslides,1,0,exports/data360/nepal_summary/samples/WB_THINK_HAZARD_WB_THINK_HAZARD_LS_LEVEL.json
WB_THINK_HAZARD,WB_THINK_HAZARD_UF_LEVEL,Hazard level for Urban Floods,1,0,exports/data360/nepal_summary/samples/WB_THINK_HAZARD_WB_THINK_HAZARD_UF_LEVEL.json
WB_THINK_HAZARD,WB_THINK_HAZARD_WF_LEVEL,Hazard level for WildFires,1,0,exports/data360/nepal_summary/samples/WB_THINK_HAZARD_WB_THINK_HAZARD_WF_LEVEL.json
WB_UHC,UHC_SCI,Universal Health Coverage (UHC) service coverage index,0,0,
WB_UHC,UHC_SP_CATA,Population spending more than 10% or 25% of household consumption or income on out-of-pocket health care expenditure (Catastrophic health spending),0,0,
WB_WAW,WM_LEG_PLS,Existence of national policy or legislation for plastic waste,0,1,exports/data360/nepal_summary/samples/WB_WAW_WM_LEG_PLS.json
WB_WAW,WM_MSW_COMP,Municipal Solid Waste (MSW) Composition,0,0,
WB_WAW,WM_MSW_GEN,Municipal Solid Waste (MSW) Generation,0,0,
WB_WAW,WM_MSW_TREAT,Municipal Solid Waste (MSW) Treatment and Disposal,0,0,
WB_WAW,WM_NMSW_COMP,Non-Municipal Solid Waste (MSW) Generation,0,0,
WB_WAW,WM_SWM_INS,Legal and Institutional Arrangements for Solid Waste Management (SWM),0,1,exports/data360/nepal_summary/samples/WB_WAW_WM_SWM_INS.json
WB_WAW,WM_WKRS_REF,Waste Workers,0,0,
WB_WBL,GD_WBL_AST,"Women, Business and the Law (WBL): Assets Topic",0,1,exports/data360/nepal_summary/samples/WB_WBL_GD_WBL_AST.json
WB_WBL,GD_WBL_CHC,"Women, Business and the Law (WBL): Childcare Topic",0,1,exports/data360/nepal_summary/samples/WB_WBL_GD_WBL_CHC.json
WB_WBL,GD_WBL_ENT,"Women, Business and the Law (WBL): Entrepreneurship Topic",0,1,exports/data360/nepal_summary/samples/WB_WBL_GD_WBL_ENT.json
WB_WBL,GD_WBL_MAR,"Women, Business and the Law (WBL): Marriage Topic",0,1,exports/data360/nepal_summary/samples/WB_WBL_GD_WBL_MAR.json
WB_WBL,GD_WBL_MOB,"Women, Business and the Law (WBL): Mobility Topic",0,1,exports/data360/nepal_summary/samples/WB_WBL_GD_WBL_MOB.json
WB_WBL,GD_WBL_SAF,"Women, Business and the Law (WBL): Safety Topic",0,1,exports/data360/nepal_summary/samples/WB_WBL_GD_WBL_SAF.json
WB_WBL,GD_WBL_WRK,"Women, Business and the Law (WBL): Work Topic",0,1,exports/data360/nepal_summary/samples/WB_WBL_GD_WBL_WRK.json
WB_WDI,WB_WDI_AG_CON_FERT_PT_ZS,Fertilizer consumption (% of fertilizer production),0,0,
WB_WDI,WB_WDI_AG_LND_AGRI_K2,Agricultural land (sq. km),0,0,
WB_WDI,WB_WDI_AG_LND_AGRI_ZS,Agricultural land (% of land area),0,0,
WB_WDI,WB_WDI_AG_LND_ARBL_HA,Arable land (hectares),0,0,
WB_WDI,WB_WDI_AG_LND_ARBL_HA_PC,Arable land (hectares per person),0,0,
WB_WDI,WB_WDI_AG_LND_ARBL_ZS,Arable land (% of land area),0,0,
WB_WDI,WB_WDI_AG_LND_CROP_ZS,Permanent cropland (% of land area),0,0,
WB_WDI,WB_WDI_AG_LND_EL5M_RU_K2,Rural land area where elevation is below 5 meters (sq. km),0,0,
WB_WDI,WB_WDI_AG_LND_EL5M_UR_K2,Urban land area where elevation is below 5 meters (sq. km),0,0,
WB_WDI,WB_WDI_AG_LND_FRST_K2,Forest area (sq. km),0,0,
WB_WDI,WB_WDI_AG_LND_FRST_ZS,Forest area (% of land area),0,0,
WB_WDI,WB_WDI_AG_LND_IRIG_AG_ZS,Agricultural irrigated land (% of total agricultural land),0,0,
WB_WDI,WB_WDI_AG_LND_PRCP_MM,Average precipitation in depth (mm per year),0,0,
WB_WDI,WB_WDI_AG_LND_TOTL_RU_K2,Rural land area (sq. km),0,0,
WB_WDI,WB_WDI_AG_PRD_CREL_MT,Cereal production (metric tons),0,0,
WB_WDI,WB_WDI_AG_PRD_CROP_XD,Crop production index (2014-2016 = 100),0,0,
WB_WDI,WB_WDI_AG_PRD_FOOD_XD,Food production index (2014-2016 = 100),0,0,
WB_WDI,WB_WDI_AG_SRF_TOTL_K2,Surface area (sq. km),0,0,
WB_WDI,WB_WDI_AG_YLD_CREL_KG,Cereal yield (kg per hectare),0,0,
WB_WDI,WB_WDI_BG_GSR_NFSV_GD_ZS,Trade in services (% of GDP),0,0,
WB_WDI,WB_WDI_BM_GSR_CMCP_ZS,"Communications, computer, etc. (% of service imports, BoP)",0,0,
WB_WDI,WB_WDI_BM_GSR_GNFS_CD,"Imports of goods and services (current US$, BoP)",0,0,
WB_WDI,WB_WDI_BM_GSR_INSF_ZS,"Insurance and financial services (% of service imports, BoP)",0,0,
WB_WDI,WB_WDI_BM_GSR_MRCH_CD,"Goods imports (current US$, BoP)",0,0,
WB_WDI,WB_WDI_BM_GSR_NFSV_CD,"Service imports (current US$, BoP)",0,0,
WB_WDI,WB_WDI_BM_GSR_ROYL_CD,"Charges for the use of intellectual property, payments (BoP, current US$)",0,0,
WB_WDI,WB_WDI_BM_GSR_TOTL_CD,"Imports of goods, services and primary income (current US$, BoP)",0,0,
WB_WDI,WB_WDI_BM_GSR_TRAN_ZS,"Transport services (% of service imports, BoP)",0,0,
WB_WDI,WB_WDI_BM_KLT_DINV_CD_WD,"Foreign direct investment, net outflows (BoP, current US$)",0,0,
WB_WDI,WB_WDI_BN_CAB_XOKA_CD,"Current account balance (current US$, BoP)",0,0,
WB_WDI,WB_WDI_BN_CAB_XOKA_GD_ZS,Current account balance (% of GDP),0,0,
WB_WDI,WB_WDI_BN_FIN_TOTL_CD,"Net financial account (BoP, current US$)",0,0,
WB_WDI,WB_WDI_BN_GSR_FCTY_CD,"Net primary income (current US$, BoP)",0,0,
WB_WDI,WB_WDI_BN_KAC_EOMS_CD,"Net errors and omissions (current US$, BoP)",0,0,
WB_WDI,WB_WDI_BN_KLT_DINV_CD,"Foreign direct investment, net (current US$, BoP)",0,0,
WB_WDI,WB_WDI_BN_RES_INCL_CD,"Reserves and related items (current US$, BoP)",0,0,
WB_WDI,WB_WDI_BN_TRF_CURR_CD,"Net secondary income (current US$, BoP)",0,0,
WB_WDI,WB_WDI_BX_GRT_EXTA_CD_WD,"Grants, excluding technical cooperation (BoP, current US$)",0,0,
WB_WDI,WB_WDI_BX_GRT_TECH_CD_WD,"Technical cooperation grants (BoP, current US$)",0,0,
WB_WDI,WB_WDI_BX_GSR_CCIS_CD,"ICT service exports (BoP, current US$)",0,0,
WB_WDI,WB_WDI_BX_GSR_CCIS_ZS,"ICT service exports (% of service exports, BoP)",0,0,
WB_WDI,WB_WDI_BX_GSR_CMCP_ZS,"Communications, computer, etc. (% of service exports, BoP)",0,0,
WB_WDI,WB_WDI_BX_GSR_FCTY_CD,"Primary income receipts (BoP, current US$)",0,0,
WB_WDI,WB_WDI_BX_GSR_GNFS_CD,"Exports of goods and services (current US$, BoP)",0,0,
WB_WDI,WB_WDI_BX_GSR_INSF_ZS,"Insurance and financial services (% of service exports, BoP)",0,0,
WB_WDI,WB_WDI_BX_GSR_MRCH_CD,"Goods exports (current US$, BoP)",0,0,
WB_WDI,WB_WDI_BX_GSR_NFSV_CD,"Service exports (current US$, BoP)",0,0,
WB_WDI,WB_WDI_BX_GSR_ROYL_CD,"Charges for the use of intellectual property, receipts (BoP, current US$)",0,0,
WB_WDI,WB_WDI_BX_GSR_TOTL_CD,"Exports of goods, services and primary income (current US$, BoP)",0,0,
WB_WDI,WB_WDI_BX_GSR_TRAN_ZS,"Transport services (% of service exports, BoP)",0,0,
WB_WDI,WB_WDI_BX_KLT_DINV_CD_WD,"Foreign direct investment, net inflows (BoP, current US$)",0,0,
WB_WDI,WB_WDI_BX_KLT_DINV_WD_GD_ZS,"Foreign direct investment, net inflows (% of GDP)",0,0,
WB_WDI,WB_WDI_BX_PEF_TOTL_CD_WD,"Portfolio equity, net inflows (BoP, current US$)",0,0,
WB_WDI,WB_WDI_BX_TRF_CURR_CD,"Secondary income receipts (BoP, current US$)",0,0,
WB_WDI,WB_WDI_BX_TRF_PWKR_CD,"Personal transfers, receipts (current US$, BoP)",0,0,
WB_WDI,WB_WDI_BX_TRF_PWKR_CD_DT,"Personal remittances, received (current US$)",0,0,
WB_WDI,WB_WDI_BX_TRF_PWKR_DT_GD_ZS,"Personal remittances, received (% of GDP)",0,0,
WB_WDI,WB_WDI_CC_EST,Control of Corruption: Estimate,0,0,
WB_WDI,WB_WDI_CC_NO_SRC,Control of Corruption: Number of Sources,0,0,
WB_WDI,WB_WDI_CC_PER_RNK,Control of Corruption: Percentile Rank,0,0,
WB_WDI,WB_WDI_CC_PER_RNK_UPPER,"Control of Corruption: Percentile Rank, Upper Bound of 90% Confidence Interval",0,0,
WB_WDI,WB_WDI_CC_STD_ERR,Control of Corruption: Standard Error,0,0,
WB_WDI,WB_WDI_DC_DAC_AUSL_CD,"Net bilateral aid flows from DAC donors, Australia (current US$)",0,0,
WB_WDI,WB_WDI_DC_DAC_BELL_CD,"Net bilateral aid flows from DAC donors, Belgium (current US$)",0,0,
WB_WDI,WB_WDI_DC_DAC_CANL_CD,"Net bilateral aid flows from DAC donors, Canada (current US$)",0,0,
WB_WDI,WB_WDI_DC_DAC_CHEL_CD,"Net bilateral aid flows from DAC donors, Switzerland (current US$)",0,0,
WB_WDI,WB_WDI_DC_DAC_DEUL_CD,"Net bilateral aid flows from DAC donors, Germany (current US$)",0,0,
WB_WDI,WB_WDI_DC_DAC_ESPL_CD,"Net bilateral aid flows from DAC donors, Spain (current US$)",0,0,
WB_WDI,WB_WDI_DC_DAC_ESTL_CD,"Net bilateral aid flows from DAC donors, Estonia (current US$)",0,0,
WB_WDI,WB_WDI_DC_DAC_FINL_CD,"Net bilateral aid flows from DAC donors, Finland (current US$)",0,0,
WB_WDI,WB_WDI_DC_DAC_FRAL_CD,"Net bilateral aid flows from DAC donors, France (current US$)",0,0,
WB_WDI,WB_WDI_DC_DAC_GBRL_CD,"Net bilateral aid flows from DAC donors, United Kingdom (current US$)",0,0,
WB_WDI,WB_WDI_DC_DAC_GRCL_CD,"Net bilateral aid flows from DAC donors, Greece (current US$)",0,0,
WB_WDI,WB_WDI_DC_DAC_IRLL_CD,"Net bilateral aid flows from DAC donors, Ireland (current US$)",0,0,
WB_WDI,WB_WDI_DC_DAC_ISLL_CD,"Net bilateral aid flows from DAC donors, Iceland (current US$)",0,0,
WB_WDI,WB_WDI_DC_DAC_ITAL_CD,"Net bilateral aid flows from DAC donors, Italy (current US$)",0,0,
WB_WDI,WB_WDI_DC_DAC_JPNL_CD,"Net bilateral aid flows from DAC donors, Japan (current US$)",0,0,
WB_WDI,WB_WDI_DC_DAC_KORL_CD,"Net bilateral aid flows from DAC donors, Korea, Rep. (current US$)",0,0,
WB_WDI,WB_WDI_DC_DAC_LTUL_CD,"Net bilateral aid flows from DAC donors, Lithuania (current US$)",0,0,
WB_WDI,WB_WDI_DC_DAC_LUXL_CD,"Net bilateral aid flows from DAC donors, Luxembourg (current US$)",0,0,
WB_WDI,WB_WDI_DC_DAC_NZLL_CD,"Net bilateral aid flows from DAC donors, New Zealand (current US$)",0,0,
WB_WDI,WB_WDI_DC_DAC_POLL_CD,"Net bilateral aid flows from DAC donors, Poland (current US$)",0,0,
WB_WDI,WB_WDI_DC_DAC_PRTL_CD,"Net bilateral aid flows from DAC donors, Portugal (current US$)",0,0,
WB_WDI,WB_WDI_DC_DAC_SVKL_CD,"Net bilateral aid flows from DAC donors, Slovak Republic (current US$)",0,0,
WB_WDI,WB_WDI_DC_DAC_SVNL_CD,"Net bilateral aid flows from DAC donors, Slovenia (current US$)",0,0,
WB_WDI,WB_WDI_DC_DAC_SWEL_CD,"Net bilateral aid flows from DAC donors, Sweden (current US$)",0,0,
WB_WDI,WB_WDI_DC_DAC_TOTL_CD,"Net bilateral aid flows from DAC donors, Total (current US$)",0,0,
WB_WDI,WB_WDI_DC_DAC_USAL_CD,"Net bilateral aid flows from DAC donors, United States (current US$)",0,0,
WB_WDI,WB_WDI_DT_DOD_DECT_CD,"External debt stocks, total (DOD, current US$)",0,0,
WB_WDI,WB_WDI_DT_DOD_DECT_GN_ZS,External debt stocks (% of GNI),0,0,
WB_WDI,WB_WDI_DT_DOD_DIMF_CD,"Use of IMF credit (DOD, current US$)",0,0,
WB_WDI,WB_WDI_DT_DOD_DLXF_CD,"External debt stocks, long-term (DOD, current US$)",0,0,
WB_WDI,WB_WDI_DT_DOD_DPNG_CD,"External debt stocks, private nonguaranteed (PNG) (DOD, current US$)",0,0,
WB_WDI,WB_WDI_DT_DOD_DPPG_CD,"External debt stocks, public and publicly guaranteed (PPG) (DOD, current US$)",0,0,
WB_WDI,WB_WDI_DT_DOD_DSTC_CD,"External debt stocks, short-term (DOD, current US$)",0,0,
WB_WDI,WB_WDI_DT_DOD_DSTC_IR_ZS,Short-term debt (% of total reserves),0,0,
WB_WDI,WB_WDI_DT_DOD_DSTC_XP_ZS,"Short-term debt (% of exports of goods, services and primary income)",0,0,
WB_WDI,WB_WDI_DT_DOD_DSTC_ZS,Short-term debt (% of total external debt),0,0,
WB_WDI,WB_WDI_DT_DOD_PVLX_CD,Present value of external debt (current US$),0,0,
WB_WDI,WB_WDI_DT_DOD_PVLX_EX_ZS,"Present value of external debt (% of exports of goods, services and income)",0,0,
WB_WDI,WB_WDI_DT_NFL_CERF_CD,"Net official flows from UN agencies, CERF (current US$)",0,0,
WB_WDI,WB_WDI_DT_NFL_DPNG_CD,"Net flows on external debt, private nonguaranteed (PNG) (NFL, current US$)",0,0,
WB_WDI,WB_WDI_DT_NFL_FAOG_CD,"Net official flows from UN agencies, FAO (current US$)",0,0,
WB_WDI,WB_WDI_DT_NFL_IAEA_CD,"Net official flows from UN agencies, IAEA (current US$)",0,0,
WB_WDI,WB_WDI_DT_NFL_IFAD_CD,"Net official flows from UN agencies, IFAD (current US$)",0,0,
WB_WDI,WB_WDI_DT_NFL_ILOG_CD,"Net official flows from UN agencies, ILO (current US$)",0,0,
WB_WDI,WB_WDI_DT_NFL_IMFN_CD,"Net financial flows, IMF nonconcessional (NFL, current US$)",0,0,
WB_WDI,WB_WDI_DT_NFL_MIDA_CD,"Net financial flows, IDA (NFL, current US$)",0,0,
WB_WDI,WB_WDI_DT_NFL_MLAT_CD,"Net financial flows, multilateral (NFL, current US$)",0,0,
WB_WDI,WB_WDI_DT_NFL_NIFC_CD,"IFC, private nonguaranteed (NFL, current US$)",0,0,
WB_WDI,WB_WDI_DT_NFL_OFFT_CD,"PPG, official creditors (NFL, current US$)",0,0,
WB_WDI,WB_WDI_DT_NFL_PCBK_CD,"PPG, commercial banks (NFL, current US$)",0,0,
WB_WDI,WB_WDI_DT_NFL_PNGC_CD,"PNG, commercial banks and other creditors (NFL, current US$)",0,0,
WB_WDI,WB_WDI_DT_NFL_PROP_CD,"PPG, other private creditors (NFL, current US$)",0,0,
WB_WDI,WB_WDI_DT_NFL_PRVT_CD,"PPG, private creditors (NFL, current US$)",0,0,
WB_WDI,WB_WDI_DT_NFL_RDBC_CD,"Net financial flows, RDB concessional (NFL, current US$)",0,0,
WB_WDI,WB_WDI_DT_NFL_RDBN_CD,"Net financial flows, RDB nonconcessional (NFL, current US$)",0,0,
WB_WDI,WB_WDI_DT_NFL_SDGF_CD,"Net official flows from UN agencies, SDGFUND (current US$)",0,0,
WB_WDI,WB_WDI_DT_NFL_SPRP_CD,"Net official flows from UN agencies, SPRP (current US$)",0,0,
WB_WDI,WB_WDI_DT_NFL_UNAI_CD,"Net official flows from UN agencies, UNAIDS (current US$)",0,0,
WB_WDI,WB_WDI_DT_NFL_UNCD_CD,"Net official flows from UN agencies, UNCDF (current US$)",0,0,
WB_WDI,WB_WDI_DT_NFL_UNCF_CD,"Net official flows from UN agencies, UNICEF (current US$)",0,0,
WB_WDI,WB_WDI_DT_NFL_UNCR_CD,"Net official flows from UN agencies, UNHCR (current US$)",0,0,
WB_WDI,WB_WDI_DT_NFL_UNCV_CD,"Net official flows from UN agencies, UNCOVID (current US$)",0,0,
WB_WDI,WB_WDI_DT_NFL_UNDP_CD,"Net official flows from UN agencies, UNDP (current US$)",0,0,
WB_WDI,WB_WDI_DT_NFL_UNFP_CD,"Net official flows from UN agencies, UNFPA (current US$)",0,0,
WB_WDI,WB_WDI_DT_NFL_UNPB_CD,"Net official flows from UN agencies, UNPBF (current US$)",0,0,
WB_WDI,WB_WDI_DT_NFL_UNTA_CD,"Net official flows from UN agencies, UNTA (current US$)",0,0,
WB_WDI,WB_WDI_DT_NFL_UNWN_CD,"Net official flows from UN agencies, UNWOMEN (current US$)",0,0,
WB_WDI,WB_WDI_DT_NFL_WITC_CD,"Net official flows from UN agencies, WTO-ITC (current US$)",0,0,
WB_WDI,WB_WDI_DT_ODA_ALLD_CD,Net official development assistance and official aid received (current US$),0,0,
WB_WDI,WB_WDI_DT_ODA_ALLD_KD,Net official development assistance and official aid received (constant 2023 US$),0,0,
WB_WDI,WB_WDI_DT_ODA_ODAT_CD,Net official development assistance received (current US$),0,0,
WB_WDI,WB_WDI_DT_ODA_ODAT_GN_ZS,Net ODA received (% of GNI),0,0,
WB_WDI,WB_WDI_DT_ODA_ODAT_KD,Net official development assistance received (constant 2023 US$),0,0,
WB_WDI,WB_WDI_DT_ODA_ODAT_MP_ZS,"Net ODA received (% of imports of goods, services and primary income)",0,0,
WB_WDI,WB_WDI_DT_ODA_ODAT_PC_ZS,Net ODA received per capita (current US$),0,0,
WB_WDI,WB_WDI_DT_ODA_ODAT_XP_ZS,Net ODA received (% of central government expense),0,0,
WB_WDI,WB_WDI_DT_TDS_DECT_EX_ZS,"Total debt service (% of exports of goods, services and primary income)",0,0,
WB_WDI,WB_WDI_DT_TDS_DECT_GN_ZS,Total debt service (% of GNI),0,0,
WB_WDI,WB_WDI_DT_TDS_DIMF_CD,"IMF repurchases and charges (TDS, current US$)",0,0,
WB_WDI,WB_WDI_DT_TDS_DPPF_XP_ZS,Debt service to exports (%),0,0,
WB_WDI,WB_WDI_DT_TDS_DPPG_CD,"Debt service on external debt, public and publicly guaranteed (PPG) (TDS, current US$)",0,0,
WB_WDI,WB_WDI_DT_TDS_DPPG_GN_ZS,Public and publicly guaranteed debt service (% of GNI),0,0,
WB_WDI,WB_WDI_DT_TDS_DPPG_XP_ZS,"Public and publicly guaranteed debt service (% of exports of goods, services and primary income)",0,0,
WB_WDI,WB_WDI_DT_TDS_MLAT_CD,"Multilateral debt service (TDS, current US$)",0,0,
WB_WDI,WB_WDI_DT_TDS_MLAT_PG_ZS,Multilateral debt service (% of public and publicly guaranteed debt service),0,0,
WB_WDI,WB_WDI_EG_CFT_ACCS_RU_ZS,"Access to clean fuels and technologies for cooking, rural (% of rural population)",0,0,
WB_WDI,WB_WDI_EG_CFT_ACCS_UR_ZS,"Access to clean fuels and technologies for cooking, urban (% of urban population)",0,0,
WB_WDI,WB_WDI_EG_EGY_PRIM_PP_KD,Energy intensity level of primary energy (MJ/$2021 PPP GDP),0,0,
WB_WDI,WB_WDI_EG_ELC_ACCS_RU_ZS,"Access to electricity, rural (% of rural population)",0,0,
WB_WDI,WB_WDI_EG_ELC_ACCS_ZS,Access to electricity (% of population),0,0,
WB_WDI,WB_WDI_EG_ELC_COAL_ZS,Electricity production from coal sources (% of total),0,0,
WB_WDI,WB_WDI_EG_ELC_FOSL_ZS,"Electricity production from oil, gas and coal sources (% of total)",0,0,
WB_WDI,WB_WDI_EG_ELC_HYRO_ZS,Electricity production from hydroelectric sources (% of total),0,0,
WB_WDI,WB_WDI_EG_ELC_LOSS_ZS,Electric power transmission and distribution losses (% of output),0,0,
WB_WDI,WB_WDI_EG_ELC_NGAS_ZS,Electricity production from natural gas sources (% of total),0,0,
WB_WDI,WB_WDI_EG_ELC_RNEW_ZS,Renewable electricity output (% of total electricity output),0,0,
WB_WDI,WB_WDI_EG_ELC_RNWX_KH,"Electricity production from renewable sources, excluding hydroelectric (kWh)",0,0,
WB_WDI,WB_WDI_EG_ELC_RNWX_ZS,"Electricity production from renewable sources, excluding hydroelectric (% of total)",0,0,
WB_WDI,WB_WDI_EG_GDP_PUSE_KO_PP,GDP per unit of energy use (PPP $ per kg of oil equivalent),0,0,
WB_WDI,WB_WDI_EG_GDP_PUSE_KO_PP_KD,GDP per unit of energy use (constant 2021 PPP $ per kg of oil equivalent),0,0,
WB_WDI,WB_WDI_EG_IMP_CONS_ZS,"Energy imports, net (% of energy use)",0,0,
WB_WDI,WB_WDI_EG_USE_COMM_CL_ZS,Alternative and nuclear energy (% of total energy use),0,0,
WB_WDI,WB_WDI_EG_USE_COMM_FO_ZS,Fossil fuel energy consumption (% of total),0,0,
WB_WDI,WB_WDI_EG_USE_COMM_GD_PP_KD,"Energy use (kg of oil equivalent) per $1,000 GDP (constant 2021 PPP)",0,0,
WB_WDI,WB_WDI_EG_USE_CRNW_ZS,Combustible renewables and waste (% of total energy),0,0,
WB_WDI,WB_WDI_EG_USE_ELEC_KH_PC,Electric power consumption (kWh per capita),0,0,
WB_WDI,WB_WDI_EG_USE_PCAP_KG_OE,Energy use (kg of oil equivalent per capita),0,0,
WB_WDI,WB_WDI_EN_ATM_PM25_MC_M3,"PM2.5 air pollution, mean annual exposure (micrograms per cubic meter)",0,0,
WB_WDI,WB_WDI_EN_ATM_PM25_MC_T1_ZS,"PM2.5 pollution, population exposed to levels exceeding WHO Interim Target-1 value (% of total)",0,0,
WB_WDI,WB_WDI_EN_ATM_PM25_MC_T2_ZS,"PM2.5 pollution, population exposed to levels exceeding WHO Interim Target-2 value (% of total)",0,0,
WB_WDI,WB_WDI_EN_ATM_PM25_MC_T3_ZS,"PM2.5 pollution, population exposed to levels exceeding WHO Interim Target-3 value (% of total)",0,0,
WB_WDI,WB_WDI_EN_BIR_THRD_NO,"Bird species, threatened",0,0,
WB_WDI,WB_WDI_EN_CLC_DRSK_XQ,Disaster risk reduction progress score (1-5 scale; 5=best),0,0,
WB_WDI,WB_WDI_EN_CLC_MDAT_ZS,"Droughts, floods, extreme temperatures (% of population, average 1990-2009)",0,0,
WB_WDI,WB_WDI_EN_FSH_THRD_NO,"Fish species, threatened",0,0,
WB_WDI,WB_WDI_EN_GHG_ALL_MT_CE_AR5,Total greenhouse gas emissions excluding LULUCF (Mt CO2e),0,0,
WB_WDI,WB_WDI_EN_GHG_ALL_PC_CE_AR5,Total greenhouse gas emissions per capita excluding LULUCF (t CO2e/capita),0,0,
WB_WDI,WB_WDI_EN_GHG_CH4_AG_MT_CE_AR5,Methane (CH4) emissions from Agriculture (Mt CO2e),0,0,
WB_WDI,WB_WDI_EN_GHG_CH4_FE_MT_CE_AR5,Methane (CH4) emissions from Fugitive Emissions (Energy) (Mt CO2e),0,0,
WB_WDI,WB_WDI_EN_GHG_CH4_IC_MT_CE_AR5,Methane (CH4) emissions from Industrial Combustion (Energy) (Mt CO2e),0,0,
WB_WDI,WB_WDI_EN_GHG_CH4_MT_CE_AR5,Methane (CH4) emissions (total) excluding LULUCF (Mt CO2e),0,0,
WB_WDI,WB_WDI_EN_GHG_CH4_PI_MT_CE_AR5,Methane (CH4) emissions from Power Industry (Energy) (Mt CO2e),0,0,
WB_WDI,WB_WDI_EN_GHG_CH4_TR_MT_CE_AR5,Methane (CH4) emissions from Transport (Energy) (Mt CO2e),0,0,
WB_WDI,WB_WDI_EN_GHG_CH4_WA_MT_CE_AR5,Methane (CH4) emissions from Waste (Mt CO2e),0,0,
WB_WDI,WB_WDI_EN_GHG_CH4_ZG_AR5,Methane (CH4) emissions (total) excluding LULUCF (% change from 1990),0,0,
WB_WDI,WB_WDI_EN_GHG_CO2_AG_MT_CE_AR5,Carbon dioxide (CO2) emissions from Agriculture (Mt CO2e),0,0,
WB_WDI,WB_WDI_EN_GHG_CO2_BU_MT_CE_AR5,Carbon dioxide (CO2) emissions from Building (Energy) (Mt CO2e),0,0,
WB_WDI,WB_WDI_EN_GHG_CO2_IC_MT_CE_AR5,Carbon dioxide (CO2) emissions from Industrial Combustion (Energy) (Mt CO2e),0,0,
WB_WDI,WB_WDI_EN_GHG_CO2_IP_MT_CE_AR5,Carbon dioxide (CO2) emissions from Industrial Processes (Mt CO2e),0,0,
WB_WDI,WB_WDI_EN_GHG_CO2_LU_DF_MT_CE_AR5,Carbon dioxide (CO2) net fluxes from LULUCF - Deforestation (Mt CO2e),0,0,
WB_WDI,WB_WDI_EN_GHG_CO2_LU_MT_CE_AR5,Carbon dioxide (CO2) net fluxes from LULUCF - Total excluding non-tropical fires (Mt CO2e),0,0,
WB_WDI,WB_WDI_EN_GHG_CO2_LU_OS_MT_CE_AR5,Carbon dioxide (CO2) net fluxes from LULUCF - Organic Soil (Mt CO2e),0,0,
WB_WDI,WB_WDI_EN_GHG_CO2_MT_CE_AR5,Carbon dioxide (CO2) emissions (total) excluding LULUCF (Mt CO2e),0,0,
WB_WDI,WB_WDI_EN_GHG_CO2_PI_MT_CE_AR5,Carbon dioxide (CO2) emissions from Power Industry (Energy) (Mt CO2e),0,0,
WB_WDI,WB_WDI_EN_GHG_CO2_RT_GDP_KD,Carbon intensity of GDP (kg CO2e per constant 2021 US$ of GDP),0,0,
WB_WDI,WB_WDI_EN_GHG_CO2_RT_GDP_PP_KD,Carbon intensity of GDP (kg CO2e per 2021 PPP $),0,0,
WB_WDI,WB_WDI_EN_GHG_CO2_TR_MT_CE_AR5,Carbon dioxide (CO2) emissions from Transport (Energy) (Mt CO2e),0,0,
WB_WDI,WB_WDI_EN_GHG_CO2_ZG_AR5,Carbon dioxide (CO2) emissions (total) excluding LULUCF (% change from 1990),0,0,
WB_WDI,WB_WDI_EN_GHG_N2O_AG_MT_CE_AR5,Nitrous oxide (N2O) emissions from Agriculture (Mt CO2e),0,0,
WB_WDI,WB_WDI_EN_GHG_N2O_BU_MT_CE_AR5,Nitrous oxide (N2O) emissions from Building (Energy) (Mt CO2e),0,0,
WB_WDI,WB_WDI_EN_GHG_N2O_FE_MT_CE_AR5,Nitrous oxide (N2O) emissions from Fugitive Emissions (Energy) (Mt CO2e),0,0,
WB_WDI,WB_WDI_EN_GHG_N2O_IC_MT_CE_AR5,Nitrous oxide (N2O) emissions from Industrial Combustion (Energy) (Mt CO2e),0,0,
WB_WDI,WB_WDI_EN_GHG_N2O_IP_MT_CE_AR5,Nitrous oxide (N2O) emissions from Industrial Processes (Mt CO2e),0,0,
WB_WDI,WB_WDI_EN_GHG_N2O_MT_CE_AR5,Nitrous oxide (N2O) emissions (total) excluding LULUCF (Mt CO2e),0,0,
WB_WDI,WB_WDI_EN_GHG_N2O_PI_MT_CE_AR5,Nitrous oxide (N2O) emissions from Power Industry (Energy) (Mt CO2e),0,0,
WB_WDI,WB_WDI_EN_GHG_N2O_TR_MT_CE_AR5,Nitrous oxide (N2O) emissions from Transport (Energy) (Mt CO2e),0,0,
WB_WDI,WB_WDI_EN_GHG_N2O_WA_MT_CE_AR5,Nitrous oxide (N2O) emissions from Waste (Mt CO2e),0,0,
WB_WDI,WB_WDI_EN_GHG_N2O_ZG_AR5,Nitrous oxide (N2O) emissions (total) excluding LULUCF (% change from 1990),0,0,
WB_WDI,WB_WDI_EN_GHG_TOT_ZG_AR5,Total greenhouse gas emissions excluding LULUCF (% change from 1990),0,0,
WB_WDI,WB_WDI_EN_HPT_THRD_NO,"Plant species (higher), threatened",0,0,
WB_WDI,WB_WDI_EN_POP_DNST,Population density (people per sq. km of land area),0,0,
WB_WDI,WB_WDI_EN_POP_EL5M_UR_ZS,Urban population living in areas where elevation is below 5 meters (% of total population),0,0,
WB_WDI,WB_WDI_EN_POP_EL5M_ZS,Population living in areas where elevation is below 5 meters (% of total population),0,0,
WB_WDI,WB_WDI_EN_POP_SLUM_UR_ZS,Population living in slums (% of urban population),0,0,
WB_WDI,WB_WDI_EN_URB_LCTY,Population in largest city,0,0,
WB_WDI,WB_WDI_EN_URB_LCTY_UR_ZS,Population in the largest city (% of urban population),0,0,
WB_WDI,WB_WDI_EN_URB_MCTY,Population in urban agglomerations of more than 1 million,0,0,
WB_WDI,WB_WDI_EN_URB_MCTY_TL_ZS,Population in urban agglomerations of more than 1 million (% of total population),0,0,
WB_WDI,WB_WDI_ER_FSH_AQUA_MT,Aquaculture production (metric tons),0,0,
WB_WDI,WB_WDI_ER_FSH_CAPT_MT,Capture fisheries production (metric tons),0,0,
WB_WDI,WB_WDI_ER_FSH_PROD_MT,Total fisheries production (metric tons),0,0,
WB_WDI,WB_WDI_ER_GDP_FWTL_M3_KD,"Water productivity, total (constant 2015 US$ GDP per cubic meter of total freshwater withdrawal)",0,0,
WB_WDI,WB_WDI_ER_H2O_FWAG_ZS,"Annual freshwater withdrawals, agriculture (% of total freshwater withdrawal)",0,0,
WB_WDI,WB_WDI_ER_H2O_FWDM_ZS,"Annual freshwater withdrawals, domestic (% of total freshwater withdrawal)",0,0,
WB_WDI,WB_WDI_ER_H2O_FWST_ZS,Level of water stress: freshwater withdrawal as a proportion of available freshwater resources,0,0,
WB_WDI,WB_WDI_ER_H2O_FWTL_ZS,"Annual freshwater withdrawals, total (% of internal resources)",0,0,
WB_WDI,WB_WDI_ER_H2O_INTR_PC,Renewable internal freshwater resources per capita (cubic meters),0,0,
WB_WDI,WB_WDI_FB_AST_NPER_ZS,Bank nonperforming loans to total gross loans (%),0,0,
WB_WDI,WB_WDI_FB_ATM_TOTL_P5,"Automated teller machines (ATMs) (per 100,000 adults)",0,0,
WB_WDI,WB_WDI_FB_BNK_CAPA_ZS,Bank capital to assets ratio (%),0,0,
WB_WDI,WB_WDI_FB_CBK_BRCH_P5,"Commercial bank branches (per 100,000 adults)",0,0,
WB_WDI,WB_WDI_FD_RES_LIQU_AS_ZS,Bank liquid reserves to bank assets ratio (%),0,0,
WB_WDI,WB_WDI_FI_RES_TOTL_CD,"Total reserves, including gold (current US$)",0,0,
WB_WDI,WB_WDI_FI_RES_TOTL_DT_ZS,Total reserves (% of total external debt),0,0,
WB_WDI,WB_WDI_FI_RES_TOTL_MO,Total reserves in months of imports,0,0,
WB_WDI,WB_WDI_FI_RES_XGLD_CD,"Total reserves, excluding gold (current US$)",0,0,
WB_WDI,WB_WDI_FM_AST_CGOV_ZG_M3,Claims on central government (annual growth as % of broad money),0,0,
WB_WDI,WB_WDI_FM_AST_DOMO_ZG_M3,Claims on other sectors of the domestic economy (annual growth as % of broad money),0,0,
WB_WDI,WB_WDI_FM_AST_DOMS_CN,Net domestic credit (current LCU),0,0,
WB_WDI,WB_WDI_FM_AST_NFRG_CN,Net foreign assets (current LCU),0,0,
WB_WDI,WB_WDI_FM_AST_PRVT_GD_ZS,Monetary sector credit to private sector (% of GDP),0,0,
WB_WDI,WB_WDI_FM_AST_PRVT_ZG_M3,Claims on private sector (annual growth as % of broad money),0,0,
WB_WDI,WB_WDI_FM_LBL_BMNY_CN,Broad money (current LCU),0,0,
WB_WDI,WB_WDI_FM_LBL_BMNY_GD_ZS,Broad money (% of GDP),0,0,
WB_WDI,WB_WDI_FM_LBL_BMNY_IR_ZS,Broad money to total reserves ratio,0,0,
WB_WDI,WB_WDI_FM_LBL_BMNY_ZG,Broad money (annual % growth),0,0,
WB_WDI,WB_WDI_FP_CPI_TOTL,Consumer price index (2010 = 100),0,0,
WB_WDI,WB_WDI_FP_CPI_TOTL_ZG,"Inflation, consumer prices (annual % growth)",0,0,
WB_WDI,WB_WDI_FS_AST_CGOV_GD_ZS,"Claims on central government, etc. (% of GDP)",0,0,
WB_WDI,WB_WDI_FS_AST_PRVT_GD_ZS,Domestic credit to private sector (% of GDP),0,0,
WB_WDI,WB_WDI_FX_OWN_TOTL_40_ZS,"Account ownership at a financial institution or with a mobile-money-service provider, poorest 40% (% of population ages 15+)",0,0,
WB_WDI,WB_WDI_FX_OWN_TOTL_60_ZS,"Account ownership at a financial institution or with a mobile-money-service provider, richest 60% (% of population ages 15+)",0,0,
WB_WDI,WB_WDI_FX_OWN_TOTL_FE_ZS,"Account ownership at a financial institution or with a mobile-money-service provider, female (% of population ages 15+)",0,0,
WB_WDI,WB_WDI_FX_OWN_TOTL_MA_ZS,"Account ownership at a financial institution or with a mobile-money-service provider, male (% of population ages 15+)",0,0,
WB_WDI,WB_WDI_FX_OWN_TOTL_SO_ZS,"Account ownership at a financial institution or with a mobile-money-service provider, secondary education or more (% of population ages 15+)",0,0,
WB_WDI,WB_WDI_FX_OWN_TOTL_YG_ZS,"Account ownership at a financial institution or with a mobile-money-service provider, young adults (% of population ages 15-24)",0,0,
WB_WDI,WB_WDI_GB_XPD_RSDV_GD_ZS,Research and development expenditure (% of GDP),0,0,
WB_WDI,WB_WDI_GC_AST_TOTL_CN,Net acquisition of financial assets (current LCU),0,0,
WB_WDI,WB_WDI_GC_AST_TOTL_GD_ZS,Net acquisition of financial assets (% of GDP),0,0,
WB_WDI,WB_WDI_GC_DOD_TOTL_CN,"Central government debt, total (current LCU)",0,0,
WB_WDI,WB_WDI_GC_DOD_TOTL_GD_ZS,"Central government debt, total (% of GDP)",0,0,
WB_WDI,WB_WDI_GC_LBL_TOTL_CN,"Net incurrence of liabilities, total (current LCU)",0,0,
WB_WDI,WB_WDI_GC_LBL_TOTL_GD_ZS,"Net incurrence of liabilities, total (% of GDP)",0,0,
WB_WDI,WB_WDI_GC_NFN_TOTL_CN,Net investment in nonfinancial assets (current LCU),0,0,
WB_WDI,WB_WDI_GC_NFN_TOTL_GD_ZS,Net investment in nonfinancial assets (% of GDP),0,0,
WB_WDI,WB_WDI_GC_NLD_TOTL_CN,Net lending (+) / net borrowing (-) (current LCU),0,0,
WB_WDI,WB_WDI_GC_NLD_TOTL_GD_ZS,Net lending (+) / net borrowing (-) (% of GDP),0,0,
WB_WDI,WB_WDI_GC_REV_GOTR_CN,Grants and other revenue (current LCU),0,0,
WB_WDI,WB_WDI_GC_REV_XGRT_CN,"Revenue, excluding grants (current LCU)",0,0,
WB_WDI,WB_WDI_GC_REV_XGRT_GD_ZS,"Revenue, excluding grants (% of GDP)",0,0,
WB_WDI,WB_WDI_GC_TAX_EXPT_CN,Taxes on exports (current LCU),0,0,
WB_WDI,WB_WDI_GC_TAX_EXPT_ZS,Taxes on exports (% of tax revenue),0,0,
WB_WDI,WB_WDI_GC_TAX_GSRV_VA_ZS,Taxes on goods and services (% of industry and services value added),0,0,
WB_WDI,WB_WDI_GC_TAX_IMPT_ZS,Customs and other import duties (% of tax revenue),0,0,
WB_WDI,WB_WDI_GC_TAX_INTT_CN,Taxes on international trade (current LCU),0,0,
WB_WDI,WB_WDI_GC_TAX_INTT_RV_ZS,Taxes on international trade (% of revenue),0,0,
WB_WDI,WB_WDI_GC_TAX_OTHR_CN,Other taxes (current LCU),0,0,
WB_WDI,WB_WDI_GC_TAX_OTHR_RV_ZS,Other taxes (% of revenue),0,0,
WB_WDI,WB_WDI_GC_TAX_TOTL_GD_ZS,Tax revenue (% of GDP),0,0,
WB_WDI,WB_WDI_GC_TAX_YPKG_CN,"Taxes on income, profits and capital gains (current LCU)",0,0,
WB_WDI,WB_WDI_GC_TAX_YPKG_RV_ZS,"Taxes on income, profits and capital gains (% of revenue)",0,0,
WB_WDI,WB_WDI_GC_TAX_YPKG_ZS,"Taxes on income, profits and capital gains (% of total taxes)",0,0,
WB_WDI,WB_WDI_GC_XPN_COMP_CN,Compensation of employees (current LCU),0,0,
WB_WDI,WB_WDI_GC_XPN_GSRV_CN,Goods and services expense (current LCU),0,0,
WB_WDI,WB_WDI_GC_XPN_GSRV_ZS,Goods and services expense (% of expense),0,0,
WB_WDI,WB_WDI_GC_XPN_INTP_CN,Interest payments (current LCU),0,0,
WB_WDI,WB_WDI_GC_XPN_INTP_ZS,Interest payments (% of expense),0,0,
WB_WDI,WB_WDI_GC_XPN_OTHR_CN,Other expense (current LCU),0,0,
WB_WDI,WB_WDI_GC_XPN_OTHR_ZS,Other expense (% of expense),0,0,
WB_WDI,WB_WDI_GC_XPN_TOTL_CN,Expense (current LCU),0,0,
WB_WDI,WB_WDI_GC_XPN_TOTL_GD_ZS,Expense (% of GDP),0,0,
WB_WDI,WB_WDI_GC_XPN_TRFT_CN,Subsidies and other transfers (current LCU),0,0,
WB_WDI,WB_WDI_GC_XPN_TRFT_ZS,Subsidies and other transfers (% of expense),0,0,
WB_WDI,WB_WDI_GE_EST,Government Effectiveness: Estimate,0,0,
WB_WDI,WB_WDI_GE_PER_RNK_LOWER,"Government Effectiveness: Percentile Rank, Lower Bound of 90% Confidence Interval",0,0,
WB_WDI,WB_WDI_GE_PER_RNK_UPPER,"Government Effectiveness: Percentile Rank, Upper Bound of 90% Confidence Interval",0,0,
WB_WDI,WB_WDI_GF_XPD_BUDG_ZS,Primary government expenditures as a proportion of original approved budget (%),0,0,
WB_WDI,WB_WDI_HD_HCIP_EDUC_FE,"Human capital index plus (HCI+): education pillar score, female (scale 0–188) ",0,0,
WB_WDI,WB_WDI_HD_HCIP_EDUC_MA,"Human capital index plus (HCI+): education pillar score, male (scale 0–188)",0,0,
WB_WDI,WB_WDI_HD_HCIP_HLTH_MA,"Human capital index plus (HCI+): health pillar score, male (scale 0–50)",1,0,exports/data360/nepal_summary/samples/WB_WDI_WB_WDI_HD_HCIP_HLTH_MA.json
WB_WDI,WB_WDI_HD_HCIP_HLTH_TO,"Human capital index plus (HCI+): health pillar score, total (scale 0–50)",1,0,exports/data360/nepal_summary/samples/WB_WDI_WB_WDI_HD_HCIP_HLTH_TO.json
WB_WDI,WB_WDI_HD_HCIP_OTJL_FE,"Human capital index plus (HCI+): on-the-job learning pillar score, female (scale -30–87)",0,0,
WB_WDI,WB_WDI_HD_HCIP_OTJL_MA,"Human capital index plus (HCI+): on-the-job learning pillar score, male (scale -30–87)",0,0,
WB_WDI,WB_WDI_HD_HCIP_OTJL_TO,"Human capital index plus (HCI+): on-the-job learning pillar score, total (scale -30–87)",0,0,
WB_WDI,WB_WDI_HD_HCIP_OVRL_MA,"Human capital index plus (HCI+): overall score, male (scale 0–325)",0,0,
WB_WDI,WB_WDI_HD_HCIP_OVRL_TO,"Human capital index plus (HCI+): overall score, total (scale 0–325)",0,0,
WB_WDI,WB_WDI_HD_HCI_OVRL,Human capital index (HCI) (scale 0-1),0,0,
WB_WDI,WB_WDI_HD_HCI_OVRL_LB,"Human capital index (HCI), lower bound (scale 0-1)",0,0,
WB_WDI,WB_WDI_HD_HCI_OVRL_UB,"Human capital index (HCI), upper bound (scale 0-1)",0,0,
WB_WDI,WB_WDI_IC_BRE_BE_OS,B-READY: Business Entry: Overall Score,0,0,
WB_WDI,WB_WDI_IC_BRE_BE_P1,B-READY: Business Entry Pillar 1: Quality of Regulations for Business Entry,0,0,
WB_WDI,WB_WDI_IC_BRE_BE_P2,B-READY: Business Entry Pillar 2: Digital Public Services and Transparency of Information for Business Entry,0,0,
WB_WDI,WB_WDI_IC_BRE_BE_P3,B-READY: Business Entry Pillar 3: Operational Efficiency of Business Entry,0,0,
WB_WDI,WB_WDI_IC_BRE_BI_OS,B-READY: Business Insolvency: Overall Score,0,0,
WB_WDI,WB_WDI_IC_BRE_BI_P1,B-READY: Business Insolvency Pillar 1: Quality of Regulations for Judicial Insolvency Proceedings,0,0,
WB_WDI,WB_WDI_IC_BRE_BI_P2,B-READY: Business Insolvency Pillar 2: Quality of Institutional and Operational Infrastructure for Judicial Insolvency Proceedings,0,0,
WB_WDI,WB_WDI_IC_BRE_BI_P3,B-READY: Business Insolvency Pillar 3: Operational Efficiency of Resolving Judicial Insolvency Proceedings,0,0,
WB_WDI,WB_WDI_IC_BRE_BL_OS,B-READY: Business Location: Overall Score,0,0,
WB_WDI,WB_WDI_IC_BRE_BL_P1,B-READY: Business Location Pillar 1: Quality of Regulations for Business Location,0,0,
WB_WDI,WB_WDI_IC_BRE_BL_P2,B-READY: Business Location Pillar 2: Quality of Public Services and Transparency of Information for Business Location,0,0,
WB_WDI,WB_WDI_IC_BRE_BL_P3,B-READY: Business Location Pillar 3: Operational Efficiency of Establishing a Business Location,0,0,
WB_WDI,WB_WDI_IC_BRE_DR_OS,B-READY: Dispute Resolution: Overall Score,0,0,
WB_WDI,WB_WDI_IC_BRE_DR_P1,B-READY: Dispute Resolution Pillar 1: Quality of Regulations for Dispute Resolution,0,0,
WB_WDI,WB_WDI_IC_BRE_DR_P2,B-READY: Dispute Resolution Pillar 2: Public Services for Dispute Resolution,0,0,
WB_WDI,WB_WDI_IC_BRE_DR_P3,B-READY: Dispute Resolution Pillar 3:  Ease of Resolving a Commercial Dispute,0,0,
WB_WDI,WB_WDI_IC_BRE_FS_OS,B-READY: Financial Services: Overall Score,0,0,
WB_WDI,WB_WDI_IC_BRE_FS_P1,B-READY: Financial Services Pillar 1: Quality of Regulations for Financial Services,0,0,
WB_WDI,WB_WDI_IC_BRE_FS_P2,B-READY: Financial Services Pillar 2: Accessibility of Information in Credit Infrastructure,0,0,
WB_WDI,WB_WDI_IC_BRE_FS_P3,B-READY: Financial Services Pillar 3: Operational Efficiency of Receiving Financial Services,0,0,
WB_WDI,WB_WDI_IC_BRE_IT_OS,B-READY: International Trade: Overall Score,0,0,
WB_WDI,WB_WDI_IC_BRE_IT_P1,B-READY: International Trade Pillar 1: Quality of Regulations for International Trade,0,0,
WB_WDI,WB_WDI_IC_BRE_IT_P2,B-READY: International Trade Pillar 2: Quality of Public Services for the Facilitation of International Trade,0,0,
WB_WDI,WB_WDI_IC_BRE_IT_P3,"B-READY: International Trade Pillar 3: Efficiency of Importing Goods, Exporting Goods, and Engaging in Digital Trade",0,0,
WB_WDI,WB_WDI_IC_BRE_LB_OS,B-READY: Labor: Overall Score,0,0,
WB_WDI,WB_WDI_IC_BRE_LB_P1,B-READY: Labor Pillar 1: Quality of Labor Regulations,0,0,
WB_WDI,WB_WDI_IC_BRE_LB_P2,B-READY: Labor Pillar 2: Adequacy of Public Services for Labor,0,0,
WB_WDI,WB_WDI_IC_BRE_LB_P3,B-READY: Labor Pillar 3: Operational Efficiency of Labor Regulations and Public Services in Practice,0,0,
WB_WDI,WB_WDI_IC_BRE_MC_OS,B-READY: Market Competition: Overall Score,0,0,
WB_WDI,WB_WDI_IC_BRE_MC_P1,B-READY: Market Competition Pillar 1: Quality of Regulations that Promote Market Competition,0,0,
WB_WDI,WB_WDI_IC_BRE_MC_P2,B-READY: Market Competition Pillar 2: Public Services that Promote Market Competition,0,0,
WB_WDI,WB_WDI_IC_BRE_MC_P3,B-READY: Market Competition Pillar 3:  Implementation of Key Services Promoting Market Competition,0,0,
WB_WDI,WB_WDI_IC_BRE_P1_RF,B-READY: Pillar 1: Regulatory Framework,0,0,
WB_WDI,WB_WDI_IC_BRE_P2_PS,B-READY: Pillar 2: Public Services,0,0,
WB_WDI,WB_WDI_IC_BRE_P3_OE,B-READY: Pillar 3: Operational Efficiency,0,0,
WB_WDI,WB_WDI_IC_BRE_TX_OS,B-READY: Taxation: Overall Score,0,0,
WB_WDI,WB_WDI_IC_BRE_TX_P1,B-READY: Taxation Pillar 1: Quality of Regulations on Taxation,0,0,
WB_WDI,WB_WDI_IC_BRE_TX_P2,B-READY: Taxation Pillar 2: Public Services Provided by the Tax Administration,0,0,
WB_WDI,WB_WDI_IC_BRE_TX_P3,B-READY: Taxation Pillar 3: Operational Efficiency of Tax Systems in Practice,0,0,
WB_WDI,WB_WDI_IC_BRE_US_OS,B-READY: Utility Services: Overall Score,0,0,
WB_WDI,WB_WDI_IC_BRE_US_P1,B-READY: Utility Services Pillar 1: Quality of Regulations on Utility Services,0,0,
WB_WDI,WB_WDI_IC_BRE_US_P2,B-READY: Utility Services Pillar 2: Quality of Governance and Transparency of Utility Services,0,0,
WB_WDI,WB_WDI_IC_BRE_US_P3,B-READY: Utility Services Pillar 3: Operational Efficiency of Utility Service Provision,0,0,
WB_WDI,WB_WDI_IC_BUS_NREG,New businesses registered (number),0,0,
WB_WDI,WB_WDI_IC_CUS_DURS_EX,Average time to clear exports through customs (days),0,0,
WB_WDI,WB_WDI_IC_CUS_DURS_IM,Average time to clear imports through customs (days),0,0,
WB_WDI,WB_WDI_IC_FRM_BKWC_ZS,Firms using banks to finance working capital (% of firms),0,0,
WB_WDI,WB_WDI_IC_FRM_BNKL_ZS,Firms with a bank loan/line of credit (% of firms),0,0,
WB_WDI,WB_WDI_IC_FRM_BRIB_ZS,Bribery incidence (% of firms experiencing at least one bribe payment request),0,0,
WB_WDI,WB_WDI_IC_FRM_CDP_ZS,Firms that use a third party to resolve commercial disputes (% of firms),0,0,
WB_WDI,WB_WDI_IC_FRM_CMPU_ZS,Firms competing against unregistered firms (% of firms),0,0,
WB_WDI,WB_WDI_IC_FRM_CO2_ZS,Firms monitoring own CO2 emissions (% of firms),0,0,
WB_WDI,WB_WDI_IC_FRM_CORR_ZS,Informal payments to public officials (% of firms),0,0,
WB_WDI,WB_WDI_IC_FRM_CRDC_FL_ZS,Firms that are fully credit constrained (% of firms),0,0,
WB_WDI,WB_WDI_IC_FRM_CRDC_PT_ZS,Firms that are partially credit constrained (% of firms),0,0,
WB_WDI,WB_WDI_IC_FRM_DURS,Time required to obtain an operating license (days),0,0,
WB_WDI,WB_WDI_IC_FRM_ENGM_ZS,Firms adopting energy management measures to reduce emissions (% of firms),0,0,
WB_WDI,WB_WDI_IC_FRM_EXS_ZS,Firms exporting directly at least 10% of sales (% of firms),0,0,
WB_WDI,WB_WDI_IC_FRM_FEMM_ZS,Firms with female top manager (% of firms),0,0,
WB_WDI,WB_WDI_IC_FRM_FEMO_ZS,Firms with female participation in ownership (% of firms),0,0,
WB_WDI,WB_WDI_IC_FRM_FO_ZS,Firms with at least 10% foreign ownership,0,0,
WB_WDI,WB_WDI_IC_FRM_FREG_ZS,Firms formally registered when operations started (% of firms),0,0,
WB_WDI,WB_WDI_IC_FRM_LOTM_ZS,Firms where largest owner is also the top manager (% of firms),0,0,
WB_WDI,WB_WDI_IC_FRM_METG_ZS,Firms visited or required meetings with tax officials (% of firms),0,0,
WB_WDI,WB_WDI_IC_FRM_TAXE_ZS,Firms filling taxes electronically (% of firms),0,0,
WB_WDI,WB_WDI_IC_FRM_TRNG_ZS,Firms offering formal training (% of firms),0,0,
WB_WDI,WB_WDI_IC_GOV_DURS_ZS,Time spent dealing with the requirements of government regulations (% of senior management time),0,0,
WB_WDI,WB_WDI_IC_MNG_IND,Management practices index,0,0,
WB_WDI,WB_WDI_IC_TAX_GIFT_ZS,Firms expected to give gifts in meetings with tax officials (% of firms),0,0,
WB_WDI,WB_WDI_IE_PPI_ENGY_CD,Investment in energy with private participation (current US$),0,0,
WB_WDI,WB_WDI_IE_PPI_ICTI_CD,Investment in ICT with private participation (current US$),0,0,
WB_WDI,WB_WDI_IE_PPI_TRAN_CD,Investment in transport with private participation (current US$),0,0,
WB_WDI,WB_WDI_IE_PPN_ENGY_CD,Public private partnerships investment in energy (current US$),0,0,
WB_WDI,WB_WDI_IE_PPN_ICTI_CD,Public private partnerships investment in ICT (current US$),0,0,
WB_WDI,WB_WDI_IE_PPN_TRAN_CD,Public private partnerships investment in transport (current US$),0,0,
WB_WDI,WB_WDI_IP_IDS_RSCT,"Industrial design applications, resident, by count",0,0,
WB_WDI,WB_WDI_IP_JRN_ARTC_SC,Scientific and technical journal articles,0,0,
WB_WDI,WB_WDI_IP_PAT_NRES,"Patent applications, nonresidents",0,0,
WB_WDI,WB_WDI_IP_PAT_RESD,"Patent applications, residents",0,0,
WB_WDI,WB_WDI_IP_TMK_NRCT,"Trademark applications, nonresident, by count",0,0,
WB_WDI,WB_WDI_IP_TMK_RSCT,"Trademark applications, resident, by count",0,0,
WB_WDI,WB_WDI_IQ_CPA_BREG_XQ,CPIA business regulatory environment rating (1=low to 6=high),0,0,
WB_WDI,WB_WDI_IQ_CPA_DEBT_XQ,CPIA debt policy rating (1=low to 6=high),0,0,
WB_WDI,WB_WDI_IQ_CPA_ECON_XQ,CPIA economic management cluster average (1=low to 6=high),0,0,
WB_WDI,WB_WDI_IQ_CPA_ENVR_XQ,CPIA policy and institutions for environmental sustainability rating (1=low to 6=high),0,0,
WB_WDI,WB_WDI_IQ_CPA_FINQ_XQ,CPIA quality of budgetary and financial management rating (1=low to 6=high),0,0,
WB_WDI,WB_WDI_IQ_CPA_FINS_XQ,CPIA financial sector rating (1=low to 6=high),0,0,
WB_WDI,WB_WDI_IQ_CPA_GNDR_XQ,CPIA gender equality rating (1=low to 6=high),0,0,
WB_WDI,WB_WDI_IQ_CPA_HRES_XQ,CPIA building human resources rating (1=low to 6=high),0,0,
WB_WDI,WB_WDI_IQ_CPA_MACR_XQ,CPIA macroeconomic management rating (1=low to 6=high),0,0,
WB_WDI,WB_WDI_IQ_CPA_PRES_XQ,CPIA equity of public resource use rating (1=low to 6=high),0,0,
WB_WDI,WB_WDI_IQ_CPA_PROP_XQ,CPIA property rights and rule-based governance rating (1=low to 6=high),0,0,
WB_WDI,WB_WDI_IQ_CPA_PROT_XQ,CPIA social protection rating (1=low to 6=high),0,0,
WB_WDI,WB_WDI_IQ_CPA_PUBS_XQ,CPIA public sector management and institutions cluster average (1=low to 6=high),0,0,
WB_WDI,WB_WDI_IQ_CPA_REVN_XQ,CPIA efficiency of revenue mobilization rating (1=low to 6=high),0,0,
WB_WDI,WB_WDI_IQ_CPA_SOCI_XQ,CPIA policies for social inclusion/equity cluster average (1=low to 6=high),0,0,
WB_WDI,WB_WDI_IQ_CPA_STRC_XQ,CPIA structural policies cluster average (1=low to 6=high),0,0,
WB_WDI,WB_WDI_IQ_CPA_TRAD_XQ,CPIA trade rating (1=low to 6=high),0,0,
WB_WDI,WB_WDI_IQ_CPA_TRAN_XQ,"CPIA transparency, accountability, and corruption in the public sector rating (1=low to 6=high)",0,0,
WB_WDI,WB_WDI_IQ_SPI_OVRL,Statistical performance indicators (SPI): Overall score (scale 0-100),0,0,
WB_WDI,WB_WDI_IQ_SPI_PIL1,Statistical performance indicators (SPI): Pillar 1 data use score (scale 0-100),0,0,
WB_WDI,WB_WDI_IQ_SPI_PIL2,Statistical performance indicators (SPI): Pillar 2 data services score (scale 0-100),0,0,
WB_WDI,WB_WDI_IQ_SPI_PIL3,Statistical performance indicators (SPI): Pillar 3 data products score  (scale 0-100),0,0,
WB_WDI,WB_WDI_IQ_SPI_PIL4,Statistical performance indicators (SPI): Pillar 4 data sources score (scale 0-100),0,0,
WB_WDI,WB_WDI_IQ_SPI_PIL5,Statistical performance indicators (SPI): Pillar 5 data infrastructure score (scale 0-100),0,0,
WB_WDI,WB_WDI_IS_AIR_DPRT,"Air transport, registered carrier departures worldwide",0,0,
WB_WDI,WB_WDI_IS_AIR_GOOD_MT_K1,"Air transport, freight (million ton-km)",0,0,
WB_WDI,WB_WDI_IS_AIR_PSGR,"Air transport, passengers carried",0,0,
WB_WDI,WB_WDI_IT_CEL_SETS,Mobile cellular subscriptions,0,0,
WB_WDI,WB_WDI_IT_CEL_SETS_P2,Mobile cellular subscriptions (per 100 people),0,0,
WB_WDI,WB_WDI_IT_MLT_MAIN,Fixed telephone subscriptions,0,0,
WB_WDI,WB_WDI_IT_MLT_MAIN_P2,Fixed telephone subscriptions (per 100 people),0,0,
WB_WDI,WB_WDI_IT_NET_BBND,Fixed broadband subscriptions,0,0,
WB_WDI,WB_WDI_IT_NET_BBND_P2,Fixed broadband subscriptions (per 100 people),0,0,
WB_WDI,WB_WDI_IT_NET_SECR,Secure Internet servers,0,0,
WB_WDI,WB_WDI_IT_NET_SECR_P6,Secure Internet servers (per 1 million people),0,0,
WB_WDI,WB_WDI_IT_NET_USER_ZS,Individuals using the Internet (% of population),0,0,
WB_WDI,WB_WDI_LP_IMP_DURS_MD,"Lead time to import, median case (days)",0,0,
WB_WDI,WB_WDI_LP_LPI_CUST_XQ,Logistics performance index: Efficiency of customs clearance process (1=low to 5=high),0,0,
WB_WDI,WB_WDI_LP_LPI_INFR_XQ,Logistics performance index: Quality of trade and transport-related infrastructure (1=low to 5=high),0,0,
WB_WDI,WB_WDI_LP_LPI_ITRN_XQ,Logistics performance index: Ease of arranging competitively priced shipments (1=low to 5=high),0,0,
WB_WDI,WB_WDI_LP_LPI_LOGS_XQ,Logistics performance index: Competence and quality of logistics services (1=low to 5=high),0,0,
WB_WDI,WB_WDI_LP_LPI_TIME_XQ,Logistics performance index: Frequency with which shipments reach consignee within scheduled or expected time (1=low to 5=high),0,0,
WB_WDI,WB_WDI_LP_LPI_TRAC_XQ,Logistics performance index: Ability to track and trace consignments (1=low to 5=high),0,0,
WB_WDI,WB_WDI_MS_MIL_MPRT_KD,Arms imports (SIPRI trend indicator values),0,0,
WB_WDI,WB_WDI_MS_MIL_TOTL_P1,"Armed forces personnel, total",0,0,
WB_WDI,WB_WDI_MS_MIL_TOTL_TF_ZS,Armed forces personnel (% of total labor force),0,0,
WB_WDI,WB_WDI_MS_MIL_XPND_CD,Military expenditure (current USD),0,0,
WB_WDI,WB_WDI_MS_MIL_XPND_CN,Military expenditure (current LCU),0,0,
WB_WDI,WB_WDI_MS_MIL_XPND_ZS,Military expenditure (% of general government expenditure),0,0,
WB_WDI,WB_WDI_NE_CON_GOVT_CD,General government final consumption expenditure (current US$),0,0,
WB_WDI,WB_WDI_NE_CON_GOVT_CN,General government final consumption expenditure (current LCU),0,0,
WB_WDI,WB_WDI_NE_CON_GOVT_KD,General government final consumption expenditure (constant 2015 US$),0,0,
WB_WDI,WB_WDI_NE_CON_GOVT_KD_ZG,General government final consumption expenditure (annual % growth),0,0,
WB_WDI,WB_WDI_NE_CON_GOVT_KN,General government final consumption expenditure (constant LCU),0,0,
WB_WDI,WB_WDI_NE_CON_GOVT_ZS,General government final consumption expenditure (% of GDP),0,0,
WB_WDI,WB_WDI_NE_CON_PRVT_CN,Households and NPISHs final consumption expenditure (current LCU),0,0,
WB_WDI,WB_WDI_NE_CON_PRVT_KD,Households and NPISHs final consumption expenditure (constant 2015 US$),0,0,
WB_WDI,WB_WDI_NE_CON_PRVT_KD_ZG,Households and NPISHs final consumption expenditure (annual % growth),0,0,
WB_WDI,WB_WDI_NE_CON_PRVT_KN,Households and NPISHs final consumption expenditure (constant LCU),0,0,
WB_WDI,WB_WDI_NE_CON_PRVT_PC_KD,Households and NPISHs final consumption expenditure per capita (constant 2015 US$),0,0,
WB_WDI,WB_WDI_NE_CON_PRVT_PC_KD_ZG,Households final consumption expenditure per capita (annual % growth),0,0,
WB_WDI,WB_WDI_NE_CON_PRVT_PP_CD,"Households and NPISHs Final consumption expenditure, PPP (current international $)",0,0,
WB_WDI,WB_WDI_NE_CON_PRVT_PP_KD,"Households and NPISHs Final consumption expenditure, PPP (constant 2021 international $)",0,0,
WB_WDI,WB_WDI_NE_CON_PRVT_ZS,Households and NPISHs final consumption expenditure (% of GDP),0,0,
WB_WDI,WB_WDI_NE_CON_TOTL_CD,Final consumption expenditure (current US$),0,0,
WB_WDI,WB_WDI_NE_CON_TOTL_CN,Final consumption expenditure (current LCU),0,0,
WB_WDI,WB_WDI_NE_CON_TOTL_KD,Final consumption expenditure (constant 2015 US$),0,0,
WB_WDI,WB_WDI_NE_CON_TOTL_KD_ZG,Final consumption expenditure (annual % growth),0,0,
WB_WDI,WB_WDI_NE_CON_TOTL_KN,Final consumption expenditure (constant LCU),0,0,
WB_WDI,WB_WDI_NE_CON_TOTL_ZS,Final consumption expenditure (% of GDP),0,0,
WB_WDI,WB_WDI_NE_DAB_DEFL_ZS,Gross national expenditure deflator (base year varies by country),0,0,
WB_WDI,WB_WDI_NE_DAB_TOTL_KD,Gross national expenditure (constant 2015 US$),0,0,
WB_WDI,WB_WDI_NE_DAB_TOTL_KN,Gross national expenditure (constant LCU),0,0,
WB_WDI,WB_WDI_NE_DAB_TOTL_ZS,Gross national expenditure (% of GDP),0,0,
WB_WDI,WB_WDI_NE_EXP_GNFS_CD,Exports of goods and services (current US$),0,0,
WB_WDI,WB_WDI_NE_EXP_GNFS_CN,Exports of goods and services (current LCU),0,0,
WB_WDI,WB_WDI_NE_EXP_GNFS_KD,Exports of goods and services (constant 2015 US$),0,0,
WB_WDI,WB_WDI_NE_EXP_GNFS_KN,Exports of goods and services (constant LCU),0,0,
WB_WDI,WB_WDI_NE_EXP_GNFS_ZS,Exports of goods and services (% of GDP),0,0,
WB_WDI,WB_WDI_NE_GDI_FPRV_CN,"Gross fixed capital formation, private sector (current LCU)",0,0,
WB_WDI,WB_WDI_NE_GDI_FPRV_ZS,"Gross fixed capital formation, private sector (% of GDP)",0,0,
WB_WDI,WB_WDI_NE_GDI_FTOT_CD,Gross fixed capital formation (current US$),0,0,
WB_WDI,WB_WDI_NE_GDI_FTOT_CN,Gross fixed capital formation (current LCU),0,0,
WB_WDI,WB_WDI_NE_GDI_FTOT_KD_ZG,Gross fixed capital formation (annual % growth),0,0,
WB_WDI,WB_WDI_NE_GDI_FTOT_ZS,Gross fixed capital formation (% of GDP),0,0,
WB_WDI,WB_WDI_NE_GDI_STKB_CD,Changes in inventories (current US$),0,0,
WB_WDI,WB_WDI_NE_GDI_STKB_CN,Changes in inventories (current LCU),0,0,
WB_WDI,WB_WDI_NE_GDI_STKB_KN,Changes in inventories (constant LCU),0,0,
WB_WDI,WB_WDI_NE_GDI_TOTL_CD,Gross capital formation (current US$),0,0,
WB_WDI,WB_WDI_NE_GDI_TOTL_CN,Gross capital formation (current LCU),0,0,
WB_WDI,WB_WDI_NE_GDI_TOTL_KD,Gross capital formation (constant 2015 US$),0,0,
WB_WDI,WB_WDI_NE_GDI_TOTL_KD_ZG,Gross capital formation (annual % growth),0,0,
WB_WDI,WB_WDI_NE_GDI_TOTL_KN,Gross capital formation (constant LCU),0,0,
WB_WDI,WB_WDI_NE_GDI_TOTL_ZS,Gross capital formation (% of GDP),0,0,
WB_WDI,WB_WDI_NE_IMP_GNFS_CD,Imports of goods and services (current US$),0,0,
WB_WDI,WB_WDI_NE_IMP_GNFS_CN,Imports of goods and services (current LCU),0,0,
WB_WDI,WB_WDI_NE_IMP_GNFS_KD,Imports of goods and services (constant 2015 US$),0,0,
WB_WDI,WB_WDI_NE_IMP_GNFS_KD_ZG,Imports of goods and services (annual % growth),0,0,
WB_WDI,WB_WDI_NE_IMP_GNFS_KN,Imports of goods and services (constant LCU),0,0,
WB_WDI,WB_WDI_NE_IMP_GNFS_ZS,Imports of goods and services (% of GDP),0,0,
WB_WDI,WB_WDI_NE_RSB_GNFS_CN,External balance on goods and services (current LCU),0,0,
WB_WDI,WB_WDI_NE_TRD_GNFS_ZS,Trade (% of GDP),0,0,
WB_WDI,WB_WDI_NV_AGR_EMPL_KD,"Agriculture, forestry, and fishing, value added per worker (constant 2015 US$)",0,0,
WB_WDI,WB_WDI_NV_AGR_TOTL_CD,"Agriculture, forestry, and fishing, value added (current US$)",0,0,
WB_WDI,WB_WDI_NV_AGR_TOTL_CN,"Agriculture, forestry, and fishing, value added (current LCU)",0,0,
WB_WDI,WB_WDI_NV_AGR_TOTL_KD,"Agriculture, forestry, and fishing, value added (constant 2015 US$)",0,0,
WB_WDI,WB_WDI_NV_AGR_TOTL_KD_ZG,"Agriculture, forestry, and fishing, value added (annual % growth)",0,0,
WB_WDI,WB_WDI_NV_AGR_TOTL_KN,"Agriculture, forestry, and fishing, value added (constant LCU)",0,0,
WB_WDI,WB_WDI_NV_AGR_TOTL_ZS,"Agriculture, forestry, and fishing, value added (% of GDP)",0,0,
WB_WDI,WB_WDI_NV_FSM_TOTL_CN,Financial Intermediary Services Indirectly Measured (FISIM) (current LCU),0,0,
WB_WDI,WB_WDI_NV_IND_EMPL_KD,"Industry, including construction, value added per worker (constant 2015 US$)",0,0,
WB_WDI,WB_WDI_NV_IND_MANF_CD,"Manufacturing, value added (current US$)",0,0,
WB_WDI,WB_WDI_NV_IND_MANF_CN,"Manufacturing, value added (current LCU)",0,0,
WB_WDI,WB_WDI_NV_IND_MANF_KD,"Manufacturing, value added (constant 2015 US$)",0,0,
WB_WDI,WB_WDI_NV_IND_MANF_KD_ZG,"Manufacturing, value added (annual % growth)",0,0,
WB_WDI,WB_WDI_NV_IND_MANF_KN,"Manufacturing, value added (constant LCU)",0,0,
WB_WDI,WB_WDI_NV_IND_MANF_ZS,"Manufacturing, value added (% of GDP)",0,0,
WB_WDI,WB_WDI_NV_IND_TOTL_CD,"Industry, including construction, value added (current US$)",0,0,
WB_WDI,WB_WDI_NV_IND_TOTL_CN,"Industry, including construction, value added (current LCU)",0,0,
WB_WDI,WB_WDI_NV_IND_TOTL_KD,"Industry, including construction, value added (constant 2015 US$)",0,0,
WB_WDI,WB_WDI_NV_IND_TOTL_KD_ZG,"Industry, including construction, value added (annual % growth)",0,0,
WB_WDI,WB_WDI_NV_IND_TOTL_KN,"Industry, including construction, value added (constant LCU)",0,0,
WB_WDI,WB_WDI_NV_IND_TOTL_ZS,"Industry, including construction, value added (% of GDP)",0,0,
WB_WDI,WB_WDI_NV_MNF_CHEM_ZS_UN,Chemicals (% of value added in manufacturing),0,0,
WB_WDI,WB_WDI_NV_MNF_FBTO_ZS_UN,"Food, beverages and tobacco (% of value added in manufacturing)",0,0,
WB_WDI,WB_WDI_NV_MNF_OTHR_ZS_UN,Other manufacturing (% of value added in manufacturing),0,0,
WB_WDI,WB_WDI_NV_SRV_EMPL_KD,"Services, value added per worker (constant 2015 US$)",0,0,
WB_WDI,WB_WDI_NV_SRV_TOTL_CD,"Services, value added (current US$)",0,0,
WB_WDI,WB_WDI_NV_SRV_TOTL_CN,"Services, value added (current LCU)",0,0,
WB_WDI,WB_WDI_NV_SRV_TOTL_KD,"Services, value added (constant 2015 US$)",0,0,
WB_WDI,WB_WDI_NV_SRV_TOTL_KN,"Services, value added (constant LCU)",0,0,
WB_WDI,WB_WDI_NV_SRV_TOTL_ZS,"Services, value added (% of GDP)",0,0,
WB_WDI,WB_WDI_NY_ADJ_AEDU_GN_ZS,"Adjusted savings, education expenditure (% of GNI)",0,0,
WB_WDI,WB_WDI_NY_ADJ_DCO2_CD,"Adjusted savings, carbon dioxide damage (current US$)",0,0,
WB_WDI,WB_WDI_NY_ADJ_DCO2_GN_ZS,"Adjusted savings, carbon dioxide damage (% of GNI)",0,0,
WB_WDI,WB_WDI_NY_ADJ_DFOR_CD,"Adjusted savings, net forest depletion (current US$)",0,0,
WB_WDI,WB_WDI_NY_ADJ_DFOR_GN_ZS,"Adjusted savings, net forest depletion (% of GNI)",0,0,
WB_WDI,WB_WDI_NY_ADJ_DKAP_CD,"Adjusted savings, consumption of fixed capital (current US$)",0,0,
WB_WDI,WB_WDI_NY_ADJ_DKAP_GN_ZS,"Adjusted savings, consumption of fixed capital (% of GNI)",0,0,
WB_WDI,WB_WDI_NY_ADJ_DMIN_CD,"Adjusted savings, mineral depletion (current US$)",0,0,
WB_WDI,WB_WDI_NY_ADJ_DNGY_GN_ZS,"Adjusted savings, energy depletion (% of GNI)",0,0,
WB_WDI,WB_WDI_NY_ADJ_DPEM_CD,"Adjusted savings, particulate emission damage (current US$)",0,0,
WB_WDI,WB_WDI_NY_ADJ_DPEM_GN_ZS,"Adjusted savings, particulate emission damage (% of GNI)",0,0,
WB_WDI,WB_WDI_NY_ADJ_DRES_GN_ZS,"Adjusted savings, natural resources depletion (% of GNI)",0,0,
WB_WDI,WB_WDI_NY_ADJ_ICTR_GN_ZS,"Adjusted savings, gross savings (% of GNI)",0,0,
WB_WDI,WB_WDI_NY_ADJ_NNAT_CD,"Adjusted savings, net national savings (current US$)",0,0,
WB_WDI,WB_WDI_NY_ADJ_NNAT_GN_ZS,"Adjusted savings, net national savings (% of GNI)",0,0,
WB_WDI,WB_WDI_NY_ADJ_NNTY_CD,Adjusted net national income (current US$),0,0,
WB_WDI,WB_WDI_NY_ADJ_NNTY_KD_ZG,Adjusted net national income (annual % growth),0,0,
WB_WDI,WB_WDI_NY_ADJ_NNTY_PC_CD,Adjusted net national income per capita (current US$),0,0,
WB_WDI,WB_WDI_NY_ADJ_NNTY_PC_KD,Adjusted net national income per capita (constant 2015 US$),0,0,
WB_WDI,WB_WDI_NY_ADJ_NNTY_PC_KD_ZG,Adjusted net national income per capita (annual % growth),0,0,
WB_WDI,WB_WDI_NY_ADJ_SVNG_CD,"Adjusted net savings, including particulate emission damage (current US$)",0,0,
WB_WDI,WB_WDI_NY_ADJ_SVNG_GN_ZS,"Adjusted net savings, including particulate emission damage (% of GNI)",0,0,
WB_WDI,WB_WDI_NY_ADJ_SVNX_GN_ZS,"Adjusted net savings, excluding particulate emission damage (% of GNI)",0,0,
WB_WDI,WB_WDI_NY_EXP_CAPM_KN,Exports as a capacity to import (constant LCU),0,0,
WB_WDI,WB_WDI_NY_GDP_DEFL_KD_ZG,"Inflation, GDP deflator (annual % growth)",0,0,
WB_WDI,WB_WDI_NY_GDP_DEFL_KD_ZG_AD,"Inflation, GDP deflator, linked series (annual % growth)",0,0,
WB_WDI,WB_WDI_NY_GDP_DEFL_ZS,GDP deflator (base year varies by country),0,0,
WB_WDI,WB_WDI_NY_GDP_DEFL_ZS_AD,"GDP deflator, linked series (base year varies by country)",0,0,
WB_WDI,WB_WDI_NY_GDP_DISC_CN,Discrepancy in expenditure estimate of GDP (current LCU),0,0,
WB_WDI,WB_WDI_NY_GDP_DISC_KN,Discrepancy in expenditure estimate of GDP (constant LCU),0,0,
WB_WDI,WB_WDI_NY_GDP_FCST_CD,Gross Value Added (GVA) at basic prices (current US$),0,0,
WB_WDI,WB_WDI_NY_GDP_FCST_CN,Gross Value Added (GVA) at basic prices (current LCU),0,0,
WB_WDI,WB_WDI_NY_GDP_FCST_KD,Gross Value Added (GVA) at basic prices (constant 2015 US$),0,0,
WB_WDI,WB_WDI_NY_GDP_FCST_KN,Gross Value Added (GVA) at basic prices (constant LCU),0,0,
WB_WDI,WB_WDI_NY_GDP_FRST_RT_ZS,Forest rents (% of GDP),0,0,
WB_WDI,WB_WDI_NY_GDP_MINR_RT_ZS,Mineral rents (% of GDP),0,0,
WB_WDI,WB_WDI_NY_GDP_MKTP_CD,GDP (current US$),0,0,
WB_WDI,WB_WDI_NY_GDP_MKTP_CN,GDP (current LCU),0,0,
WB_WDI,WB_WDI_NY_GDP_MKTP_CN_AD,"GDP, linked series (current LCU)",0,0,
WB_WDI,WB_WDI_NY_GDP_MKTP_KD,GDP (constant 2015 US$),0,0,
WB_WDI,WB_WDI_NY_GDP_MKTP_KD_ZG,GDP (annual % growth),0,0,
WB_WDI,WB_WDI_NY_GDP_MKTP_KN,GDP (constant LCU),0,0,
WB_WDI,WB_WDI_NY_GDP_MKTP_PP_CD,"GDP, PPP (current international $)",0,0,
WB_WDI,WB_WDI_NY_GDP_MKTP_PP_KD,"GDP, PPP (constant 2021 international $)",0,0,
WB_WDI,WB_WDI_NY_GDP_NGAS_RT_ZS,Natural gas rents (% of GDP),0,0,
WB_WDI,WB_WDI_NY_GDP_PCAP_CD,GDP per capita (current US$),0,0,
WB_WDI,WB_WDI_NY_GDP_PCAP_CN,GDP per capita (current LCU),0,0,
WB_WDI,WB_WDI_NY_GDP_PCAP_KD,GDP per capita (constant 2015 US$),0,0,
WB_WDI,WB_WDI_NY_GDP_PCAP_KD_ZG,GDP per capita (annual % growth),0,0,
WB_WDI,WB_WDI_NY_GDP_PCAP_KN,GDP per capita (constant LCU),0,0,
WB_WDI,WB_WDI_NY_GDP_PCAP_PP_CD,"GDP per capita, PPP (current international $)",0,0,
WB_WDI,WB_WDI_NY_GDP_PCAP_PP_KD,"GDP per capita, PPP (constant 2021 international $)",0,0,
WB_WDI,WB_WDI_NY_GDP_PETR_RT_ZS,Oil rents (% of GDP),0,0,
WB_WDI,WB_WDI_NY_GDP_TOTL_RT_ZS,Total natural resources rents (% of GDP),0,0,
WB_WDI,WB_WDI_NY_GDS_TOTL_CD,Gross domestic savings (current US$),0,0,
WB_WDI,WB_WDI_NY_GDS_TOTL_CN,Gross domestic savings (current LCU),0,0,
WB_WDI,WB_WDI_NY_GDS_TOTL_ZS,Gross domestic savings (% of GDP),0,0,
WB_WDI,WB_WDI_NY_GDY_TOTL_KN,Gross domestic income (constant LCU),0,0,
WB_WDI,WB_WDI_NY_GNP_ATLS_CD,"GNI, Atlas method (current US$)",0,0,
WB_WDI,WB_WDI_NY_GNP_MKTP_CD,GNI (current US$),0,0,
WB_WDI,WB_WDI_NY_GNP_MKTP_CN,GNI (current LCU),0,0,
WB_WDI,WB_WDI_NY_GNP_MKTP_KD,GNI (constant 2015 US$),0,0,
WB_WDI,WB_WDI_NY_GNP_MKTP_KD_ZG,GNI (annual % growth),0,0,
WB_WDI,WB_WDI_NY_GNP_MKTP_KN,GNI (constant LCU),0,0,
WB_WDI,WB_WDI_NY_GNP_MKTP_PP_KD,"GNI, PPP (constant 2021 international $)",0,0,
WB_WDI,WB_WDI_NY_GNP_PCAP_CD,"GNI per capita, Atlas method (current US$)",0,0,
WB_WDI,WB_WDI_NY_GNP_PCAP_CN,GNI per capita (current LCU),0,0,
WB_WDI,WB_WDI_NY_GNP_PCAP_KD,GNI per capita (constant 2015 US$),0,0,
WB_WDI,WB_WDI_NY_GNP_PCAP_KD_ZG,GNI per capita (annual % growth),0,0,
WB_WDI,WB_WDI_NY_GNP_PCAP_PP_CD,"GNI per capita, PPP (current international $)",0,0,
WB_WDI,WB_WDI_NY_GNP_PCAP_PP_KD,"GNI per capita, PPP (constant 2021 international $)",0,0,
WB_WDI,WB_WDI_NY_GNS_ICTR_GN_ZS,Gross savings (% of GNI),0,0,
WB_WDI,WB_WDI_NY_GSR_NFCY_CD,Net primary income (net income from abroad) (current US$),0,0,
WB_WDI,WB_WDI_NY_GSR_NFCY_CN,Net primary income (net income from abroad) (current LCU),0,0,
WB_WDI,WB_WDI_NY_TAX_NIND_CD,Taxes less subsidies on products (current US$),0,0,
WB_WDI,WB_WDI_NY_TAX_NIND_CN,Taxes less subsidies on products (current LCU),0,0,
WB_WDI,WB_WDI_NY_TAX_NIND_KN,Taxes less subsidies on products (constant LCU),0,0,
WB_WDI,WB_WDI_NY_TRF_NCTR_CD,Net secondary income (net current transfers from abroad) (current US$),0,0,
WB_WDI,WB_WDI_NY_TRF_NCTR_KN,Net secondary income (net current transfers from abroad) (constant LCU),0,0,
WB_WDI,WB_WDI_PA_NUS_ATLS,DEC alternative conversion factor (LCU per US$),0,0,
WB_WDI,WB_WDI_PA_NUS_FCRF,"Official exchange rate (LCU per US$, period average)",0,0,
WB_WDI,WB_WDI_PA_NUS_PPP,"PPP conversion factor, GDP (LCU per international $)",0,0,
WB_WDI,WB_WDI_PA_NUS_PPPC_RF,Price level ratio of PPP conversion factor (GDP) to market exchange rate,0,0,
WB_WDI,WB_WDI_PA_NUS_PRVT_PP,"PPP conversion factor, households and NPISHs Final consumption expenditure (LCU per international $)",0,0,
WB_WDI,WB_WDI_PER_ALLSP_BEN_Q1_TOT,Benefit incidence of social protection and labor programs to poorest quintile (% of total SPL benefits),0,0,
WB_WDI,WB_WDI_PER_ALLSP_COV_POP_TOT,Coverage of social protection and labor programs (% of population),0,0,
WB_WDI,WB_WDI_PER_SA_ALLSA_ADQ_POP_TOT,Adequacy of social safety net programs (% of total welfare of beneficiary households),0,0,
WB_WDI,WB_WDI_PER_SA_ALLSA_BEN_Q1_TOT,Benefit incidence of social safety net programs to poorest quintile (% of total safety net benefits),0,0,
WB_WDI,WB_WDI_PER_SA_ALLSA_COV_POP_TOT,Coverage of social safety net programs (% of population),0,0,
WB_WDI,WB_WDI_PER_SA_ALLSA_COV_Q1_TOT,Coverage of social safety net programs in poorest quintile (% of population),0,0,
WB_WDI,WB_WDI_PER_SA_ALLSA_COV_Q2_TOT,Coverage of social safety net programs in 2nd quintile (% of population),0,0,
WB_WDI,WB_WDI_PER_SA_ALLSA_COV_Q3_TOT,Coverage of social safety net programs in 3rd quintile (% of population),0,0,
WB_WDI,WB_WDI_PER_SA_ALLSA_COV_Q4_TOT,Coverage of social safety net programs in 4th quintile (% of population),0,0,
WB_WDI,WB_WDI_PER_SA_ALLSA_COV_Q5_TOT,Coverage of social safety net programs in richest quintile (% of population),0,0,
WB_WDI,WB_WDI_PER_SI_ALLSI_ADQ_POP_TOT,Adequacy of social insurance programs (% of total welfare of beneficiary households),0,0,
WB_WDI,WB_WDI_PER_SI_ALLSI_BEN_Q1_TOT,Benefit incidence of social insurance programs to poorest quintile (% of total social insurance benefits),0,0,
WB_WDI,WB_WDI_PER_SI_ALLSI_COV_POP_TOT,Coverage of social insurance programs (% of population),0,0,
WB_WDI,WB_WDI_PER_SI_ALLSI_COV_Q1_TOT,Coverage of social insurance programs in poorest quintile (% of population),0,0,
WB_WDI,WB_WDI_PER_SI_ALLSI_COV_Q2_TOT,Coverage of social insurance programs in 2nd quintile (% of population),0,0,
WB_WDI,WB_WDI_PER_SI_ALLSI_COV_Q3_TOT,Coverage of social insurance programs in 3rd quintile (% of population),0,0,
WB_WDI,WB_WDI_PER_SI_ALLSI_COV_Q4_TOT,Coverage of social insurance programs in 4th quintile (% of population),0,0,
WB_WDI,WB_WDI_PER_SI_ALLSI_COV_Q5_TOT,Coverage of social insurance programs in richest quintile (% of population),0,0,
WB_WDI,WB_WDI_PV_NO_SRC,Political Stability and Absence of Violence/Terrorism: Number of Sources,0,0,
WB_WDI,WB_WDI_PV_PER_RNK,Political Stability and Absence of Violence/Terrorism: Percentile Rank,0,0,
WB_WDI,WB_WDI_PV_PER_RNK_LOWER,"Political Stability and Absence of Violence/Terrorism: Percentile Rank, Lower Bound of 90% Confidence Interval",0,0,
WB_WDI,WB_WDI_PV_PER_RNK_UPPER,"Political Stability and Absence of Violence/Terrorism: Percentile Rank, Upper Bound of 90% Confidence Interval",0,0,
WB_WDI,WB_WDI_PV_STD_ERR,Political Stability and Absence of Violence/Terrorism: Standard Error,0,0,
WB_WDI,WB_WDI_RL_NO_SRC,Rule of Law: Number of Sources,0,0,
WB_WDI,WB_WDI_RL_PER_RNK_LOWER,"Rule of Law: Percentile Rank, Lower Bound of 90% Confidence Interval",0,0,
WB_WDI,WB_WDI_RL_PER_RNK_UPPER,"Rule of Law: Percentile Rank, Upper Bound of 90% Confidence Interval",0,0,
WB_WDI,WB_WDI_RL_STD_ERR,Rule of Law: Standard Error,0,0,
WB_WDI,WB_WDI_RQ_EST,Regulatory Quality: Estimate,0,0,
WB_WDI,WB_WDI_RQ_NO_SRC,Regulatory Quality: Number of Sources,0,0,
WB_WDI,WB_WDI_RQ_PER_RNK,Regulatory Quality: Percentile Rank,0,0,
WB_WDI,WB_WDI_RQ_PER_RNK_LOWER,"Regulatory Quality: Percentile Rank, Lower Bound of 90% Confidence Interval",0,0,
WB_WDI,WB_WDI_RQ_PER_RNK_UPPER,"Regulatory Quality: Percentile Rank, Upper Bound of 90% Confidence Interval",0,0,
WB_WDI,WB_WDI_RQ_STD_ERR,Regulatory Quality: Standard Error,0,0,
WB_WDI,WB_WDI_SE_ADT_1524_LT_FE_ZS,"Literacy rate, youth female (% of females ages 15-24)",0,0,
WB_WDI,WB_WDI_SE_ADT_1524_LT_FM_ZS,"Literacy rate, youth (ages 15-24), gender parity index (GPI)",0,0,
WB_WDI,WB_WDI_SE_ADT_1524_LT_MA_ZS,"Literacy rate, youth male (% of males ages 15-24)",0,0,
WB_WDI,WB_WDI_SE_ADT_1524_LT_ZS,"Literacy rate, youth total (% of people ages 15-24)",0,0,
WB_WDI,WB_WDI_SE_ADT_LITR_FE_ZS,"Literacy rate, adult female (% of females ages 15 and above)",0,0,
WB_WDI,WB_WDI_SE_ADT_LITR_MA_ZS,"Literacy rate, adult male (% of males ages 15 and above)",0,0,
WB_WDI,WB_WDI_SE_ADT_LITR_ZS,"Literacy rate, adult total (% of people ages 15 and above)",0,0,
WB_WDI,WB_WDI_SE_COM_DURS,"Compulsory education, duration (years)",0,0,
WB_WDI,WB_WDI_SE_ENR_PRSC_FM_ZS,"School enrollment, primary and secondary (gross), gender parity index (GPI)",0,0,
WB_WDI,WB_WDI_SE_ENR_SECO_FM_ZS,"School enrollment, secondary (gross), gender parity index (GPI)",0,0,
WB_WDI,WB_WDI_SE_ENR_TERT_FM_ZS,"School enrollment, tertiary (gross), gender parity index (GPI)",0,0,
WB_WDI,WB_WDI_SE_PRE_DURS,"Preprimary education, duration (years)",0,0,
WB_WDI,WB_WDI_SE_PRE_ENRL_TC_ZS,"Pupil-teacher ratio, preprimary",0,0,
WB_WDI,WB_WDI_SE_PRE_ENRR,"School enrollment, preprimary (% gross)",0,0,
WB_WDI,WB_WDI_SE_PRE_ENRR_FE,"School enrollment, preprimary, female (% gross)",0,0,
WB_WDI,WB_WDI_SE_PRE_ENRR_MA,"School enrollment, preprimary, male (% gross)",0,0,
WB_WDI,WB_WDI_SE_PRE_TCAQ_FE_ZS,"Trained teachers in preprimary education, female (% of female teachers)",0,0,
WB_WDI,WB_WDI_SE_PRE_TCAQ_MA_ZS,"Trained teachers in preprimary education, male (% of male teachers)",0,0,
WB_WDI,WB_WDI_SE_PRE_TCAQ_ZS,Trained teachers in preprimary education (% of total teachers),0,0,
WB_WDI,WB_WDI_SE_PRM_AGES,Primary school starting age (years),0,0,
WB_WDI,WB_WDI_SE_PRM_CMPT_MA_ZS,"Primary completion rate, male (% of relevant age group)",0,0,
WB_WDI,WB_WDI_SE_PRM_CUAT_ZS,"Educational attainment, at least completed primary, population 25+ years, total (%) (cumulative)",0,0,
WB_WDI,WB_WDI_SE_PRM_DURS,"Primary education, duration (years)",0,0,
WB_WDI,WB_WDI_SE_PRM_ENRL_FE_ZS,"Primary education, pupils (% female)",0,0,
WB_WDI,WB_WDI_SE_PRM_ENRL_TC_ZS,"Pupil-teacher ratio, primary",0,0,
WB_WDI,WB_WDI_SE_PRM_ENRR,"School enrollment, primary (% gross)",0,0,
WB_WDI,WB_WDI_SE_PRM_ENRR_MA,"School enrollment, primary, male (% gross)",0,0,
WB_WDI,WB_WDI_SE_PRM_GINT_FE_ZS,"Gross intake ratio in first grade of primary education, female (% of relevant age group)",0,0,
WB_WDI,WB_WDI_SE_PRM_GINT_ZS,"Gross intake ratio in first grade of primary education, total (% of relevant age group)",0,0,
WB_WDI,WB_WDI_SE_PRM_NENR,"School enrollment, primary (% net)",0,0,
WB_WDI,WB_WDI_SE_PRM_NENR_FE,"School enrollment, primary, female (% net)",0,0,
WB_WDI,WB_WDI_SE_PRM_NENR_MA,"School enrollment, primary, male (% net)",0,0,
WB_WDI,WB_WDI_SE_PRM_OENR_MA_ZS,"Over-age students, primary, male (% of male enrollment)",0,0,
WB_WDI,WB_WDI_SE_PRM_OENR_ZS,"Over-age students, primary (% of enrollment)",0,0,
WB_WDI,WB_WDI_SE_PRM_PRIV_ZS,"School enrollment, primary, private (% of total primary)",0,0,
WB_WDI,WB_WDI_SE_PRM_PRS5_FE_ZS,"Persistence to grade 5, female (% of cohort)",0,0,
WB_WDI,WB_WDI_SE_PRM_PRS5_MA_ZS,"Persistence to grade 5, male (% of cohort)",0,0,
WB_WDI,WB_WDI_SE_PRM_PRS5_ZS,"Persistence to grade 5, total (% of cohort)",0,0,
WB_WDI,WB_WDI_SE_PRM_PRSL_FE_ZS,"Persistence to last grade of primary, female (% of cohort)",0,0,
WB_WDI,WB_WDI_SE_PRM_PRSL_MA_ZS,"Persistence to last grade of primary, male (% of cohort)",0,0,
WB_WDI,WB_WDI_SE_PRM_PRSL_ZS,"Persistence to last grade of primary, total (% of cohort)",0,0,
WB_WDI,WB_WDI_SE_PRM_REPT_FE_ZS,"Repeaters, primary, female (% of female enrollment)",0,0,
WB_WDI,WB_WDI_SE_PRM_REPT_MA_ZS,"Repeaters, primary, male (% of male enrollment)",0,0,
WB_WDI,WB_WDI_SE_PRM_REPT_ZS,"Repeaters, primary, total (% of total enrollment)",0,0,
WB_WDI,WB_WDI_SE_PRM_TCAQ_FE_ZS,"Trained teachers in primary education, female (% of female teachers)",0,0,
WB_WDI,WB_WDI_SE_PRM_TCAQ_MA_ZS,"Trained teachers in primary education, male (% of male teachers)",0,0,
WB_WDI,WB_WDI_SE_PRM_TCAQ_ZS,Trained teachers in primary education (% of total teachers),1,0,exports/data360/nepal_summary/samples/WB_WDI_WB_WDI_SE_PRM_TCAQ_ZS.json
WB_WDI,WB_WDI_SE_PRM_TCHR,"Primary education, teachers",0,0,
WB_WDI,WB_WDI_SE_PRM_TCHR_FE_ZS,"Primary education, teachers (% female)",0,0,
WB_WDI,WB_WDI_SE_PRM_TENR,"Adjusted net enrollment rate, primary (% of primary school age children)",0,0,
WB_WDI,WB_WDI_SE_PRM_TENR_FE,"Adjusted net enrollment rate, primary, female (% of primary school age children)",0,0,
WB_WDI,WB_WDI_SE_PRM_UNER,"Children out of school, primary",0,0,
WB_WDI,WB_WDI_SE_PRM_UNER_FE,"Children out of school, primary, female",1,0,exports/data360/nepal_summary/samples/WB_WDI_WB_WDI_SE_PRM_UNER_FE.json
WB_WDI,WB_WDI_SE_PRM_UNER_MA_ZS,"Children out of school, male (% of male primary school age)",0,0,
WB_WDI,WB_WDI_SE_PRM_UNER_ZS,Children out of school (% of primary school age),0,0,
WB_WDI,WB_WDI_SE_SEC_AGES,Lower secondary school starting age (years),0,0,
WB_WDI,WB_WDI_SE_SEC_CMPT_LO_FE_ZS,"Lower secondary completion rate, female (% of relevant age group)",0,0,
WB_WDI,WB_WDI_SE_SEC_CMPT_LO_MA_ZS,"Lower secondary completion rate, male (% of relevant age group)",0,0,
WB_WDI,WB_WDI_SE_SEC_CMPT_LO_ZS,"Lower secondary completion rate, total (% of relevant age group)",0,0,
WB_WDI,WB_WDI_SE_SEC_CUAT_LO_MA_ZS,"Educational attainment, at least completed lower secondary, population 25+, male (%) (cumulative)",0,0,
WB_WDI,WB_WDI_SE_SEC_CUAT_LO_ZS,"Educational attainment, at least completed lower secondary, population 25+, total (%) (cumulative)",0,0,
WB_WDI,WB_WDI_SE_SEC_CUAT_PO_FE_ZS,"Educational attainment, at least completed post-secondary, population 25+, female (%) (cumulative)",0,0,
WB_WDI,WB_WDI_SE_SEC_CUAT_PO_MA_ZS,"Educational attainment, at least completed post-secondary, population 25+, male (%) (cumulative)",0,0,
WB_WDI,WB_WDI_SE_SEC_CUAT_PO_ZS,"Educational attainment, at least completed post-secondary, population 25+, total (%) (cumulative)",0,0,
WB_WDI,WB_WDI_SE_SEC_CUAT_UP_FE_ZS,"Educational attainment, at least completed upper secondary, population 25+, female (%) (cumulative)",0,0,
WB_WDI,WB_WDI_SE_SEC_CUAT_UP_ZS,"Educational attainment, at least completed upper secondary, population 25+, total (%) (cumulative)",0,0,
WB_WDI,WB_WDI_SE_SEC_DURS,"Secondary education, duration (years)",0,0,
WB_WDI,WB_WDI_SE_SEC_ENRL,"Secondary education, pupils",0,0,
WB_WDI,WB_WDI_SE_SEC_ENRL_FE_ZS,"Secondary education, pupils (% female)",0,0,
WB_WDI,WB_WDI_SE_SEC_ENRL_GC,"Secondary education, general pupils",0,0,
WB_WDI,WB_WDI_SE_SEC_ENRL_GC_FE_ZS,"Secondary education, general pupils (% female)",0,0,
WB_WDI,WB_WDI_SE_SEC_ENRL_LO_TC_ZS,"Pupil-teacher ratio, lower secondary",0,0,
WB_WDI,WB_WDI_SE_SEC_ENRL_TC_ZS,"Pupil-teacher ratio, secondary",0,0,
WB_WDI,WB_WDI_SE_SEC_ENRL_UP_TC_ZS,"Pupil-teacher ratio, upper secondary",0,0,
WB_WDI,WB_WDI_SE_SEC_ENRL_VO_FE_ZS,"Secondary education, vocational pupils (% female)",0,0,
WB_WDI,WB_WDI_SE_SEC_ENRR_FE,"School enrollment, secondary, female (% gross)",0,0,
WB_WDI,WB_WDI_SE_SEC_ENRR_MA,"School enrollment, secondary, male (% gross)",0,0,
WB_WDI,WB_WDI_SE_SEC_NENR,"School enrollment, secondary (% net)",0,0,
WB_WDI,WB_WDI_SE_SEC_NENR_FE,"School enrollment, secondary, female (% net)",0,0,
WB_WDI,WB_WDI_SE_SEC_PRIV_ZS,"School enrollment, secondary, private (% of total secondary)",0,0,
WB_WDI,WB_WDI_SE_SEC_PROG_FE_ZS,"Progression to secondary school, female (%)",0,0,
WB_WDI,WB_WDI_SE_SEC_PROG_MA_ZS,"Progression to secondary school, male (%)",0,0,
WB_WDI,WB_WDI_SE_SEC_PROG_ZS,Progression to secondary school (%),0,0,
WB_WDI,WB_WDI_SE_SEC_TCAQ_FE_ZS,"Trained teachers in secondary education, female (% of female teachers)",0,0,
WB_WDI,WB_WDI_SE_SEC_TCAQ_LO_FE_ZS,"Trained teachers in lower secondary education, female (% of female teachers)",0,0,
WB_WDI,WB_WDI_SE_SEC_TCAQ_LO_MA_ZS,"Trained teachers in lower secondary education, male (% of male teachers)",0,0,
WB_WDI,WB_WDI_SE_SEC_TCAQ_LO_ZS,Trained teachers in lower secondary education (% of total teachers),0,0,
WB_WDI,WB_WDI_SE_SEC_TCAQ_MA_ZS,"Trained teachers in secondary education, male (% of male teachers)",0,0,
WB_WDI,WB_WDI_SE_SEC_TCAQ_UP_FE_ZS,"Trained teachers in upper secondary education, female (% of female teachers)",1,0,exports/data360/nepal_summary/samples/WB_WDI_WB_WDI_SE_SEC_TCAQ_UP_FE_ZS.json
WB_WDI,WB_WDI_SE_SEC_TCAQ_UP_MA_ZS,"Trained teachers in upper secondary education, male (% of male teachers)",0,0,
WB_WDI,WB_WDI_SE_SEC_TCAQ_UP_ZS,Trained teachers in upper secondary education (% of total teachers),0,0,
WB_WDI,WB_WDI_SE_SEC_TCAQ_ZS,Trained teachers in secondary education (% of total teachers),1,0,exports/data360/nepal_summary/samples/WB_WDI_WB_WDI_SE_SEC_TCAQ_ZS.json
WB_WDI,WB_WDI_SE_SEC_TCHR,"Secondary education, teachers",0,0,
WB_WDI,WB_WDI_SE_SEC_TCHR_FE,"Secondary education, teachers, female",0,0,
WB_WDI,WB_WDI_SE_SEC_TCHR_FE_ZS,"Secondary education, teachers (% female)",1,0,exports/data360/nepal_summary/samples/WB_WDI_WB_WDI_SE_SEC_TCHR_FE_ZS.json
WB_WDI,WB_WDI_SE_SEC_UNER_LO_FE_ZS,"Adolescents out of school, female (% of female lower secondary school age)",0,0,
WB_WDI,WB_WDI_SE_SEC_UNER_LO_MA_ZS,"Adolescents out of school, male (% of male lower secondary school age)",0,0,
WB_WDI,WB_WDI_SE_SEC_UNER_LO_ZS,Adolescents out of school (% of lower secondary school age),0,0,
WB_WDI,WB_WDI_SE_TER_CUAT_BA_FE_ZS,"Educational attainment, at least Bachelor's or equivalent, population 25+, female (%) (cumulative)",0,0,
WB_WDI,WB_WDI_SE_TER_CUAT_BA_MA_ZS,"Educational attainment, at least Bachelor's or equivalent, population 25+, male (%) (cumulative)",0,0,
WB_WDI,WB_WDI_SE_TER_CUAT_BA_ZS,"Educational attainment, at least Bachelor's or equivalent, population 25+, total (%) (cumulative)",0,0,
WB_WDI,WB_WDI_SE_TER_CUAT_MS_FE_ZS,"Educational attainment, at least Master's or equivalent, population 25+, female (%) (cumulative)",0,0,
WB_WDI,WB_WDI_SE_TER_CUAT_MS_MA_ZS,"Educational attainment, at least Master's or equivalent, population 25+, male (%) (cumulative)",0,0,
WB_WDI,WB_WDI_SE_TER_CUAT_MS_ZS,"Educational attainment, at least Master's or equivalent, population 25+, total (%) (cumulative)",0,0,
WB_WDI,WB_WDI_SE_TER_CUAT_ST_FE_ZS,"Educational attainment, at least completed short-cycle tertiary, population 25+, female (%) (cumulative)",0,0,
WB_WDI,WB_WDI_SE_TER_CUAT_ST_MA_ZS,"Educational attainment, at least completed short-cycle tertiary, population 25+, male (%) (cumulative)",0,0,
WB_WDI,WB_WDI_SE_TER_CUAT_ST_ZS,"Educational attainment, at least completed short-cycle tertiary, population 25+, total (%) (cumulative)",0,0,
WB_WDI,WB_WDI_SE_TER_ENRL_TC_ZS,"Pupil-teacher ratio, tertiary",0,0,
WB_WDI,WB_WDI_SE_TER_ENRR,"School enrollment, tertiary (% gross)",0,0,
WB_WDI,WB_WDI_SE_TER_ENRR_MA,"School enrollment, tertiary, male (% gross)",0,0,
WB_WDI,WB_WDI_SE_XPD_CPRM_ZS,"Current education expenditure, primary (% of total expenditure in primary public institutions)",0,0,
WB_WDI,WB_WDI_SE_XPD_CSEC_ZS,"Current education expenditure, secondary (% of total expenditure in secondary public institutions)",0,0,
WB_WDI,WB_WDI_SE_XPD_CTER_ZS,"Current education expenditure, tertiary (% of total expenditure in tertiary public institutions)",0,0,
WB_WDI,WB_WDI_SE_XPD_CTOT_ZS,"Current education expenditure, total (% of total expenditure in public institutions)",0,0,
WB_WDI,WB_WDI_SE_XPD_PRIM_PC_ZS,"Government expenditure per student, primary (% of GDP per capita)",0,0,
WB_WDI,WB_WDI_SE_XPD_SECO_PC_ZS,"Government expenditure per student, secondary (% of GDP per capita)",0,0,
WB_WDI,WB_WDI_SE_XPD_SECO_ZS,Expenditure on secondary education (% of government expenditure on education),0,0,
WB_WDI,WB_WDI_SE_XPD_TERT_PC_ZS,"Government expenditure per student, tertiary (% of GDP per capita)",0,0,
WB_WDI,WB_WDI_SE_XPD_TOTL_GB_ZS,"Government expenditure on education, total (% of government expenditure)",0,0,
WB_WDI,WB_WDI_SE_XPD_TOTL_GD_ZS,"Government expenditure on education, total (% of GDP)",0,0,
WB_WDI,WB_WDI_SG_DMK_ALLD_FN_ZS,"Women participating in the three decisions (own health care, major household purchases, and visiting family) (% of women age 15-49)",0,0,
WB_WDI,WB_WDI_SG_DMK_SRCR_FN_ZS,"Women making their own informed decisions regarding sexual relations, contraceptive use and reproductive health care  (% of women age 15-49)",0,0,
WB_WDI,WB_WDI_SG_LAW_INDX,Women Business and the Law Index Score (scale 1-100),0,0,
WB_WDI,WB_WDI_SG_VAW_1549_ZS,Proportion of women subjected to physical and/or sexual violence in the last 12 months (% of ever-partnered women ages 15-49),0,0,
WB_WDI,WB_WDI_SG_VAW_ARGU_ZS,Women who believe a husband is justified in beating his wife when she argues with him (%),0,0,
WB_WDI,WB_WDI_SG_VAW_BURN_ZS,Women who believe a husband is justified in beating his wife when she burns the food (%),0,0,
WB_WDI,WB_WDI_SG_VAW_GOES_ZS,Women who believe a husband is justified in beating his wife when she goes out without telling him (%),0,0,
WB_WDI,WB_WDI_SG_VAW_NEGL_ZS,Women who believe a husband is justified in beating his wife when she neglects the children (%),0,0,
WB_WDI,WB_WDI_SG_VAW_REAS_ZS,Women who believe a husband is justified in beating his wife (any of five reasons) (%),0,0,
WB_WDI,WB_WDI_SG_VAW_REFU_ZS,Women who believe a husband is justified in beating his wife when she refuses sex with him (%),0,0,
WB_WDI,WB_WDI_SH_ALC_PCAP_FE_LI,"Total alcohol consumption per capita, female (liters of pure alcohol, projected estimates, female 15+ years of age)",0,0,
WB_WDI,WB_WDI_SH_ALC_PCAP_LI,"Total alcohol consumption per capita (liters of pure alcohol, projected estimates, 15+ years of age)",0,0,
WB_WDI,WB_WDI_SH_ALC_PCAP_MA_LI,"Total alcohol consumption per capita, male (liters of pure alcohol, projected estimates, male 15+ years of age)",0,0,
WB_WDI,WB_WDI_SH_ANM_ALLW_ZS,Prevalence of anemia among women of reproductive age (% of women ages 15-49),0,0,
WB_WDI,WB_WDI_SH_ANM_CHLD_ZS,Prevalence of anemia among children (% of children ages 6-59 months),0,0,
WB_WDI,WB_WDI_SH_ANM_NPRG_ZS,Prevalence of anemia among non-pregnant women (% of women ages 15-49),0,0,
WB_WDI,WB_WDI_SH_CON_1524_FE_ZS,"Condom use, population ages 15-24, female (% of females ages 15-24)",0,0,
WB_WDI,WB_WDI_SH_CON_1524_MA_ZS,"Condom use, population ages 15-24, male (% of males ages 15-24)",0,0,
WB_WDI,WB_WDI_SH_DTH_0509,Number of deaths ages 5-9 years,0,0,
WB_WDI,WB_WDI_SH_DTH_1014,Number of deaths ages 10-14 years,0,0,
WB_WDI,WB_WDI_SH_DTH_1519,Number of deaths ages 15-19 years,0,0,
WB_WDI,WB_WDI_SH_DTH_2024,Number of deaths ages 20-24 years,0,0,
WB_WDI,WB_WDI_SH_DTH_COMM_ZS,"Cause of death, by communicable diseases and maternal, prenatal and nutrition conditions (% of total)",0,0,
WB_WDI,WB_WDI_SH_DTH_IMRT,Number of infant deaths,0,0,
WB_WDI,WB_WDI_SH_DTH_INJR_ZS,"Cause of death, by injury (% of total)",0,0,
WB_WDI,WB_WDI_SH_DTH_MORT,Number of under-five deaths,0,0,
WB_WDI,WB_WDI_SH_DTH_NCOM_ZS,"Cause of death, by non-communicable diseases (% of total)",0,0,
WB_WDI,WB_WDI_SH_DTH_NMRT,Number of neonatal deaths,0,0,
WB_WDI,WB_WDI_SH_DYN_1014,"Probability of dying among adolescents ages 10-14 years (per 1,000)",0,0,
WB_WDI,WB_WDI_SH_DYN_2024,"Probability of dying among youth ages 20-24 years (per 1,000)",0,0,
WB_WDI,WB_WDI_SH_DYN_AIDS_FE_ZS,Women's share of population ages 15+ living with HIV (%),0,0,
WB_WDI,WB_WDI_SH_DYN_AIDS_ZS,"Prevalence of HIV, total (% of population ages 15-49)",0,0,
WB_WDI,WB_WDI_SH_DYN_MORT,"Mortality rate, under-5 (per 1,000 live births)",0,0,
WB_WDI,WB_WDI_SH_DYN_MORT_MA,"Mortality rate, under-5, male (per 1,000 live births)",0,0,
WB_WDI,WB_WDI_SH_DYN_NCOM_FE_ZS,"Mortality from CVD, cancer, diabetes or CRD between exact ages 30 and 70, female (%)",0,0,
WB_WDI,WB_WDI_SH_DYN_NCOM_MA_ZS,"Mortality from CVD, cancer, diabetes or CRD between exact ages 30 and 70, male (%)",0,0,
WB_WDI,WB_WDI_SH_DYN_NCOM_ZS,"Mortality from CVD, cancer, diabetes or CRD between exact ages 30 and 70 (%)",0,0,
WB_WDI,WB_WDI_SH_DYN_NMRT,"Mortality rate, neonatal (per 1,000 live births)",0,0,
WB_WDI,WB_WDI_SH_FPL_SATM_ZS,Demand for family planning satisfied by modern methods (% of married women with demand for family planning),0,0,
WB_WDI,WB_WDI_SH_H2O_BASW_RU_ZS,"People using at least basic drinking water services, rural (% of rural population)",0,0,
WB_WDI,WB_WDI_SH_H2O_BASW_UR_ZS,"People using at least basic drinking water services, urban (% of urban population)",0,0,
WB_WDI,WB_WDI_SH_H2O_SMDW_RU_ZS,"People using safely managed drinking water services, rural (% of rural population)",0,0,
WB_WDI,WB_WDI_SH_H2O_SMDW_ZS,People using safely managed drinking water services (% of population),0,0,
WB_WDI,WB_WDI_SH_HIV_0014,Children (0-14) living with HIV,0,0,
WB_WDI,WB_WDI_SH_HIV_1524_FE_ZS,"Prevalence of HIV, female (% ages 15-24)",0,0,
WB_WDI,WB_WDI_SH_HIV_1524_MA_ZS,"Prevalence of HIV, male (% ages 15-24)",0,0,
WB_WDI,WB_WDI_SH_HIV_ARTC_ZS,Antiretroviral therapy coverage (% of people living with HIV),0,0,
WB_WDI,WB_WDI_SH_HIV_INCD,Adults (ages 15-49) newly infected with HIV,0,0,
WB_WDI,WB_WDI_SH_HIV_INCD_14,Children (ages 0-14) newly infected with HIV,0,0,
WB_WDI,WB_WDI_SH_HIV_INCD_TL,Adults (ages 15+) and children (ages 0-14) newly infected with HIV,0,0,
WB_WDI,WB_WDI_SH_HIV_INCD_TL_P3,"Incidence of HIV, all (per 1,000 uninfected population)",0,0,
WB_WDI,WB_WDI_SH_HIV_INCD_YG,Young people (ages 15-24) newly infected with HIV,0,0,
WB_WDI,WB_WDI_SH_HIV_INCD_YG_P3,"Incidence of HIV, ages 15-24 (per 1,000 uninfected population ages 15-24)",0,0,
WB_WDI,WB_WDI_SH_HIV_INCD_ZS,"Incidence of HIV, ages 15-49 (per 1,000 uninfected population ages 15-49)",0,0,
WB_WDI,WB_WDI_SH_HIV_PMTC_ZS,Antiretroviral therapy coverage for PMTCT (% of pregnant women living with HIV),0,0,
WB_WDI,WB_WDI_SH_IMM_HEPB,"Immunization, HepB3 (% of one-year-old children)",0,0,
WB_WDI,WB_WDI_SH_IMM_IDPT,"Immunization, DPT (% of children ages 12-23 months)",0,0,
WB_WDI,WB_WDI_SH_IMM_MEAS,"Immunization, measles (% of children ages 12-23 months)",0,0,
WB_WDI,WB_WDI_SH_MED_BEDS_ZS,"Hospital beds (per 1,000 people)",0,0,
WB_WDI,WB_WDI_SH_MED_CMHW_P3,"Community health workers (per 1,000 people)",0,0,
WB_WDI,WB_WDI_SH_MED_NUMW_P3,"Nurses and midwives (per 1,000 people)",0,0,
WB_WDI,WB_WDI_SH_MED_PHYS_ZS,"Physicians (per 1,000 people)",0,0,
WB_WDI,WB_WDI_SH_MED_SAOP_P5,"Specialist surgical workforce (per 100,000 population)",0,0,
WB_WDI,WB_WDI_SH_MLR_INCD_P3,"Incidence of malaria (per 1,000 population at risk)",0,0,
WB_WDI,WB_WDI_SH_MLR_TRET_ZS,Children with fever receiving antimalarial drugs (% of children under age 5 with fever),0,0,
WB_WDI,WB_WDI_SH_MMR_DTHS,Number of maternal deaths,0,0,
WB_WDI,WB_WDI_SH_MMR_RISK_ZS,Lifetime risk of maternal death (%),0,0,
WB_WDI,WB_WDI_SH_PRG_ANEM,Prevalence of anemia among pregnant women (%),0,0,
WB_WDI,WB_WDI_SH_PRV_SMOK,Prevalence of current tobacco use (% of adults),0,0,
WB_WDI,WB_WDI_SH_PRV_SMOK_FE,"Prevalence of current tobacco use, females (% of female adults)",0,0,
WB_WDI,WB_WDI_SH_SGR_CRSK_ZS,Risk of catastrophic expenditure for surgical care (% of people at risk),0,0,
WB_WDI,WB_WDI_SH_SGR_IRSK_ZS,Risk of impoverishing expenditure for surgical care (% of people at risk),0,0,
WB_WDI,WB_WDI_SH_SGR_PROC_P5,"Number of surgical procedures (per 100,000 population)",0,0,
WB_WDI,WB_WDI_SH_STA_AIRP_FE_P5,"Mortality rate attributed to household and ambient air pollution, age-standardized, female (per 100,000 female population)",0,0,
WB_WDI,WB_WDI_SH_STA_AIRP_MA_P5,"Mortality rate attributed to household and ambient air pollution, age-standardized, male (per 100,000 male population)",0,0,
WB_WDI,WB_WDI_SH_STA_AIRP_P5,"Mortality rate attributed to household and ambient air pollution, age-standardized (per 100,000 population)",0,0,
WB_WDI,WB_WDI_SH_STA_ANVC_ZS,Pregnant women receiving prenatal care (%),0,0,
WB_WDI,WB_WDI_SH_STA_ARIC_ZS,ARI treatment (% of children under 5 taken to a health provider),0,0,
WB_WDI,WB_WDI_SH_STA_BASS_RU_ZS,"People using at least basic sanitation services, rural (% of rural population)",0,0,
WB_WDI,WB_WDI_SH_STA_BASS_UR_ZS,"People using at least basic sanitation services, urban (% of urban population)",0,0,
WB_WDI,WB_WDI_SH_STA_BASS_ZS,People using at least basic sanitation services (% of population),0,0,
WB_WDI,WB_WDI_SH_STA_BFED_ZS,Exclusive breastfeeding (% of children under 6 months),0,0,
WB_WDI,WB_WDI_SH_STA_BRTC_ZS,Births attended by skilled health staff (% of total),0,0,
WB_WDI,WB_WDI_SH_STA_BRTW_ZS,Low-birthweight babies (% of births),0,0,
WB_WDI,WB_WDI_SH_STA_DIAB_ZS,Diabetes prevalence (% of population ages 20 to 79),0,0,
WB_WDI,WB_WDI_SH_STA_HYGN_RU_ZS,"People with basic handwashing facilities including soap and water, rural (% of rural population)",0,0,
WB_WDI,WB_WDI_SH_STA_HYGN_UR_ZS,"People with basic handwashing facilities including soap and water, urban (% of urban population)",0,0,
WB_WDI,WB_WDI_SH_STA_MALN_MA_ZS,"Prevalence of underweight, weight for age, male (% of children under 5)",0,0,
WB_WDI,WB_WDI_SH_STA_MMRT,"Maternal mortality ratio (modeled estimate, per 100,000 live births)",0,0,
WB_WDI,WB_WDI_SH_STA_MMRT_NE,"Maternal mortality ratio (national estimate, per 100,000 live births)",0,0,
WB_WDI,WB_WDI_SH_STA_ODFC_RU_ZS,"People practicing open defecation, rural (% of rural population)",0,0,
WB_WDI,WB_WDI_SH_STA_ODFC_UR_ZS,"People practicing open defecation, urban (% of urban population)",0,0,
WB_WDI,WB_WDI_SH_STA_ODFC_ZS,People practicing open defecation (% of population),0,0,
WB_WDI,WB_WDI_SH_STA_ORCF_ZS,Diarrhea treatment (% of children under 5 receiving oral rehydration and continued feeding),0,0,
WB_WDI,WB_WDI_SH_STA_ORTH,Diarrhea treatment (% of children under 5 who received ORS packet),0,0,
WB_WDI,WB_WDI_SH_STA_OWGH_FE_ZS,"Prevalence of overweight, weight for height, female (% of children under 5)",0,0,
WB_WDI,WB_WDI_SH_STA_OWGH_MA_ZS,"Prevalence of overweight, weight for height, male (% of children under 5)",0,0,
WB_WDI,WB_WDI_SH_STA_OWGH_ME_MA_ZS,"Prevalence of overweight, male (modeled estimate, % of children under 5)",0,0,
WB_WDI,WB_WDI_SH_STA_OWGH_ME_ZS,"Prevalence of overweight (modeled estimate, % of children under 5)",0,0,
WB_WDI,WB_WDI_SH_STA_OWGH_ZS,"Prevalence of overweight, weight for height (% of children under 5)",0,0,
WB_WDI,WB_WDI_SH_STA_POIS_P5,"Mortality rate attributed to unintentional poisoning (per 100,000 population)",0,0,
WB_WDI,WB_WDI_SH_STA_POIS_P5_FE,"Mortality rate attributed to unintentional poisoning, female (per 100,000 female population)",0,0,
WB_WDI,WB_WDI_SH_STA_POIS_P5_MA,"Mortality rate attributed to unintentional poisoning, male (per 100,000 male population)",0,0,
WB_WDI,WB_WDI_SH_STA_SMSS_RU_ZS,"People using safely managed sanitation services, rural (% of rural population)",0,0,
WB_WDI,WB_WDI_SH_STA_SMSS_UR_ZS,"People using safely managed sanitation services, urban (% of urban population)",0,0,
WB_WDI,WB_WDI_SH_STA_SMSS_ZS,People using safely managed sanitation services (% of population),0,0,
WB_WDI,WB_WDI_SH_STA_STNT_FE_ZS,"Prevalence of stunting, height for age, female (% of children under 5)",0,0,
WB_WDI,WB_WDI_SH_STA_STNT_MA_ZS,"Prevalence of stunting, height for age, male (% of children under 5)",0,0,
WB_WDI,WB_WDI_SH_STA_STNT_ME_FE_ZS,"Prevalence of stunting, height for age, female (modeled estimate, % of children under 5)",0,0,
WB_WDI,WB_WDI_SH_STA_STNT_ME_MA_ZS,"Prevalence of stunting, height for age, male (modeled estimate, % of children under 5)",0,0,
WB_WDI,WB_WDI_SH_STA_STNT_ME_ZS,"Prevalence of stunting, height for age (modeled estimate, % of children under 5)",0,0,
WB_WDI,WB_WDI_SH_STA_STNT_ZS,"Prevalence of stunting, height for age (% of children under 5)",0,0,
WB_WDI,WB_WDI_SH_STA_SUIC_MA_P5,"Suicide mortality rate, male (per 100,000 male population)",0,0,
WB_WDI,WB_WDI_SH_STA_SUIC_P5,"Suicide mortality rate (per 100,000 population)",0,0,
WB_WDI,WB_WDI_SH_STA_TRAF_P5,"Mortality caused by road traffic injury (per 100,000 population)",0,0,
WB_WDI,WB_WDI_SH_STA_WASH_P5,"Mortality rate attributed to unsafe water, unsafe sanitation and lack of hygiene (per 100,000 population)",0,0,
WB_WDI,WB_WDI_SH_STA_WAST_FE_ZS,"Prevalence of wasting, weight for height, female (% of children under 5)",0,0,
WB_WDI,WB_WDI_SH_STA_WAST_MA_ZS,"Prevalence of wasting, weight for height, male (% of children under 5)",0,0,
WB_WDI,WB_WDI_SH_STA_WAST_ZS,"Prevalence of wasting, weight for height (% of children under 5)",0,0,
WB_WDI,WB_WDI_SH_SVR_WAST_FE_ZS,"Prevalence of severe wasting, weight for height, female (% of children under 5)",0,0,
WB_WDI,WB_WDI_SH_SVR_WAST_MA_ZS,"Prevalence of severe wasting, weight for height, male (% of children under 5)",0,0,
WB_WDI,WB_WDI_SH_SVR_WAST_ZS,"Prevalence of severe wasting, weight for height (% of children under 5)",0,0,
WB_WDI,WB_WDI_SH_TBS_CURE_ZS,Tuberculosis treatment success rate (% of new cases),0,0,
WB_WDI,WB_WDI_SH_TBS_DTEC_ZS,"Tuberculosis case detection rate (%, all forms)",0,0,
WB_WDI,WB_WDI_SH_TBS_INCD,"Incidence of tuberculosis (per 100,000 people)",0,0,
WB_WDI,WB_WDI_SH_UHC_FH40,Proportion of population facing financial hardship due to out-of-pocket health expenditure (%),0,0,
WB_WDI,WB_WDI_SH_UHC_FH40_FURTHER,"Proportion of population further impoverished due to out-of-pocket health expenditure, based on the societal poverty line (%)",0,0,
WB_WDI,WB_WDI_SH_UHC_FH40_IMPOV,"Proportion of population facing impoverishing out-of-pocket health expenditure, based on the societal poverty line (%)",0,0,
WB_WDI,WB_WDI_SH_UHC_FH40_LARGE,Proportion of population facing large (but non-impoverishing) out-of-pocket health expenditure (%),0,0,
WB_WDI,WB_WDI_SH_UHC_FH40_PUSHED,Proportion of population pushed into poverty (based on the societal poverty line) due to out-of-pocket health expenditure (%),0,0,
WB_WDI,WB_WDI_SH_UHC_SCI,UHC service coverage index,0,0,
WB_WDI,WB_WDI_SH_UHC_SCI_CAPACITY,UHC service coverage sub-index on service capacity and access,0,0,
WB_WDI,WB_WDI_SH_UHC_SCI_ID,UHC service coverage sub-index on infectious diseases,0,0,
WB_WDI,WB_WDI_SH_UHC_SCI_NCD,UHC service coverage sub-index on non-communicable diseases,0,0,
WB_WDI,WB_WDI_SH_UHC_SCI_RMNCH,"UHC service coverage sub-index on reproductive, maternal, newborn and child health",0,0,
WB_WDI,WB_WDI_SH_XPD_CHEX_GD_ZS,Current health expenditure (% of GDP),0,0,
WB_WDI,WB_WDI_SH_XPD_CHEX_PC_CD,Current health expenditure per capita (current US$),0,0,
WB_WDI,WB_WDI_SH_XPD_CHEX_PP_CD,"Current health expenditure per capita, PPP (current international $)",0,0,
WB_WDI,WB_WDI_SH_XPD_EHEX_PC_CD,External health expenditure per capita (current US$),0,0,
WB_WDI,WB_WDI_SH_XPD_EHEX_PP_CD,"External health expenditure per capita, PPP (current international $)",0,0,
WB_WDI,WB_WDI_SH_XPD_GHED_CH_ZS,Domestic general government health expenditure (% of current health expenditure),0,0,
WB_WDI,WB_WDI_SH_XPD_GHED_GE_ZS,Domestic general government health expenditure (% of general government expenditure),0,0,
WB_WDI,WB_WDI_SH_XPD_GHED_PC_CD,Domestic general government health expenditure per capita (current US$),0,0,
WB_WDI,WB_WDI_SH_XPD_GHED_PP_CD,"Domestic general government health expenditure per capita, PPP (current international $)",0,0,
WB_WDI,WB_WDI_SH_XPD_OOPC_CH_ZS,Out-of-pocket expenditure (% of current health expenditure),0,0,
WB_WDI,WB_WDI_SH_XPD_OOPC_PC_CD,Out-of-pocket expenditure per capita (current US$),0,0,
WB_WDI,WB_WDI_SH_XPD_PVTD_CH_ZS,Domestic private health expenditure (% of current health expenditure),0,0,
WB_WDI,WB_WDI_SH_XPD_PVTD_PC_CD,Domestic private health expenditure per capita (current US$),0,0,
WB_WDI,WB_WDI_SI_DST_02ND_20,Income share held by second 20%,0,0,
WB_WDI,WB_WDI_SI_DST_03RD_20,Income share held by third 20%,0,0,
WB_WDI,WB_WDI_SI_DST_04TH_20,Income share held by fourth 20%,0,0,
WB_WDI,WB_WDI_SI_DST_05TH_20,Income share held by highest 20%,0,0,
WB_WDI,WB_WDI_SI_DST_10TH_10,Income share held by highest 10%,0,0,
WB_WDI,WB_WDI_SI_DST_50MD,Proportion of people living below 50 percent of median income (%),0,0,
WB_WDI,WB_WDI_SI_DST_FRST_10,Income share held by lowest 10%,0,0,
WB_WDI,WB_WDI_SI_POV_DDAY,Poverty headcount ratio at $3.00 a day (2021 PPP) (% of population),0,0,
WB_WDI,WB_WDI_SI_POV_GAPS,Poverty gap at $3.00 a day (2021 PPP) (%),0,0,
WB_WDI,WB_WDI_SI_POV_GINI,Gini index,0,0,
WB_WDI,WB_WDI_SI_POV_LMIC,Poverty headcount ratio at $4.20 a day (2021 PPP) (% of population),0,0,
WB_WDI,WB_WDI_SI_POV_LMIC_GP,Poverty gap at $4.20 a day (2021 PPP) (%),0,0,
WB_WDI,WB_WDI_SI_POV_NAHC,Poverty headcount ratio at national poverty lines (% of population),0,0,
WB_WDI,WB_WDI_SI_POV_SOPO,Poverty headcount ratio at societal poverty line (% of population),0,0,
WB_WDI,WB_WDI_SI_POV_UMIC,Poverty headcount ratio at $8.30 a day (2021 PPP) (% of population),0,0,
WB_WDI,WB_WDI_SI_POV_UMIC_GP,Poverty gap at $8.30 a day (2021 PPP) (%),0,0,
WB_WDI,WB_WDI_SI_RMT_COST_IB_ZS,Average transaction cost of sending remittances to a specific country (%),0,0,
WB_WDI,WB_WDI_SI_SPR_PGAP,Prosperity gap (average shortfall from a prosperity standard of $28/day),0,0,
WB_WDI,WB_WDI_SL_AGR_0714_FE_ZS,"Child employment in agriculture, female (% of female economically active children ages 7-14)",0,0,
WB_WDI,WB_WDI_SL_AGR_0714_MA_ZS,"Child employment in agriculture, male (% of male economically active children ages 7-14)",0,0,
WB_WDI,WB_WDI_SL_AGR_0714_ZS,Child employment in agriculture (% of economically active children ages 7-14),0,0,
WB_WDI,WB_WDI_SL_AGR_EMPL_FE_ZS,"Employment in agriculture, female (% of female employment) (modeled ILO estimate)",0,0,
WB_WDI,WB_WDI_SL_AGR_EMPL_ZS,Employment in agriculture (% of total employment) (modeled ILO estimate),1,0,exports/data360/nepal_summary/samples/WB_WDI_WB_WDI_SL_AGR_EMPL_ZS.json
WB_WDI,WB_WDI_SL_EMP_1524_SP_FE_NE_ZS,"Employment to population ratio, ages 15-24, female (%) (national estimate)",0,0,
WB_WDI,WB_WDI_SL_EMP_1524_SP_FE_ZS,"Employment to population ratio, ages 15-24, female (%) (modeled ILO estimate)",1,0,exports/data360/nepal_summary/samples/WB_WDI_WB_WDI_SL_EMP_1524_SP_FE_ZS.json
WB_WDI,WB_WDI_SL_EMP_1524_SP_MA_NE_ZS,"Employment to population ratio, ages 15-24, male (%) (national estimate)",0,0,
WB_WDI,WB_WDI_SL_EMP_1524_SP_MA_ZS,"Employment to population ratio, ages 15-24, male (%) (modeled ILO estimate)",0,0,
WB_WDI,WB_WDI_SL_EMP_1524_SP_NE_ZS,"Employment to population ratio, ages 15-24, total (%) (national estimate)",0,0,
WB_WDI,WB_WDI_SL_EMP_1524_SP_ZS,"Employment to population ratio, ages 15-24, total (%) (modeled ILO estimate)",0,0,
WB_WDI,WB_WDI_SL_EMP_MPYR_FE_ZS,"Employers, female (% of female employment) (modeled ILO estimate)",0,0,
WB_WDI,WB_WDI_SL_EMP_MPYR_MA_ZS,"Employers, male (% of male employment) (modeled ILO estimate)",0,0,
WB_WDI,WB_WDI_SL_EMP_MPYR_ZS,"Employers, total (% of total employment) (modeled ILO estimate)",0,0,
WB_WDI,WB_WDI_SL_EMP_SELF_FE_ZS,"Self-employed, female (% of female employment) (modeled ILO estimate)",0,0,
WB_WDI,WB_WDI_SL_EMP_SELF_MA_ZS,"Self-employed, male (% of male employment) (modeled ILO estimate)",1,0,exports/data360/nepal_summary/samples/WB_WDI_WB_WDI_SL_EMP_SELF_MA_ZS.json
WB_WDI,WB_WDI_SL_EMP_SMGT_FE_ZS,Female share of employment in senior and middle management (%),0,0,
WB_WDI,WB_WDI_SL_EMP_TOTL_SP_FE_NE_ZS,"Employment to population ratio, 15+, female (%) (national estimate)",0,0,
WB_WDI,WB_WDI_SL_EMP_TOTL_SP_FE_ZS,"Employment to population ratio, 15+, female (%) (modeled ILO estimate)",0,0,
WB_WDI,WB_WDI_SL_EMP_TOTL_SP_MA_ZS,"Employment to population ratio, 15+, male (%) (modeled ILO estimate)",0,0,
WB_WDI,WB_WDI_SL_EMP_TOTL_SP_NE_ZS,"Employment to population ratio, 15+, total (%) (national estimate)",0,0,
WB_WDI,WB_WDI_SL_EMP_TOTL_SP_ZS,"Employment to population ratio, 15+, total (%) (modeled ILO estimate)",0,0,
WB_WDI,WB_WDI_SL_EMP_VULN_FE_ZS,"Vulnerable employment, female (% of female employment) (modeled ILO estimate)",0,0,
WB_WDI,WB_WDI_SL_EMP_VULN_MA_ZS,"Vulnerable employment, male (% of male employment) (modeled ILO estimate)",0,0,
WB_WDI,WB_WDI_SL_EMP_VULN_ZS,"Vulnerable employment, total (% of total employment) (modeled ILO estimate)",0,0,
WB_WDI,WB_WDI_SL_EMP_WORK_FE_ZS,"Wage and salaried workers, female (% of female employment) (modeled ILO estimate)",0,0,
WB_WDI,WB_WDI_SL_EMP_WORK_MA_ZS,"Wage and salaried workers, male (% of male employment) (modeled ILO estimate)",0,0,
WB_WDI,WB_WDI_SL_EMP_WORK_ZS,"Wage and salaried workers, total (% of total employment) (modeled ILO estimate)",0,0,
WB_WDI,WB_WDI_SL_FAM_0714_FE_ZS,"Children in employment, unpaid family workers, female (% of female children in employment, ages 7-14)",0,0,
WB_WDI,WB_WDI_SL_FAM_0714_MA_ZS,"Children in employment, unpaid family workers, male (% of male children in employment, ages 7-14)",0,0,
WB_WDI,WB_WDI_SL_FAM_0714_ZS,"Children in employment, unpaid family workers (% of children in employment, ages 7-14)",0,0,
WB_WDI,WB_WDI_SL_FAM_WORK_FE_ZS,"Contributing family workers, female (% of female employment) (modeled ILO estimate)",0,0,
WB_WDI,WB_WDI_SL_FAM_WORK_MA_ZS,"Contributing family workers, male (% of male employment) (modeled ILO estimate)",0,0,
WB_WDI,WB_WDI_SL_FAM_WORK_ZS,"Contributing family workers, total (% of total employment) (modeled ILO estimate)",0,0,
WB_WDI,WB_WDI_SL_GDP_PCAP_EM_KD,GDP per person employed (constant 2021 PPP $),0,0,
WB_WDI,WB_WDI_SL_IND_EMPL_FE_ZS,"Employment in industry, female (% of female employment) (modeled ILO estimate)",0,0,
WB_WDI,WB_WDI_SL_IND_EMPL_MA_ZS,"Employment in industry, male (% of male employment) (modeled ILO estimate)",0,0,
WB_WDI,WB_WDI_SL_IND_EMPL_ZS,Employment in industry (% of total employment) (modeled ILO estimate),0,0,
WB_WDI,WB_WDI_SL_MNF_0714_FE_ZS,"Child employment in manufacturing, female (% of female economically active children ages 7-14)",0,0,
WB_WDI,WB_WDI_SL_MNF_0714_MA_ZS,"Child employment in manufacturing, male (% of male economically active children ages 7-14)",0,0,
WB_WDI,WB_WDI_SL_MNF_0714_ZS,Child employment in manufacturing (% of economically active children ages 7-14),0,0,
WB_WDI,WB_WDI_SL_SLF_0714_FE_ZS,"Children in employment, self-employed, female (% of female children in employment, ages 7-14)",0,0,
WB_WDI,WB_WDI_SL_SLF_0714_MA_ZS,"Children in employment, self-employed, male (% of male children in employment, ages 7-14)",0,0,
WB_WDI,WB_WDI_SL_SLF_0714_ZS,"Children in employment, self-employed (% of children in employment, ages 7-14)",0,0,
WB_WDI,WB_WDI_SL_SRV_0714_FE_ZS,"Child employment in services, female (% of female economically active children ages 7-14)",0,0,
WB_WDI,WB_WDI_SL_SRV_0714_MA_ZS,"Child employment in services, male (% of male economically active children ages 7-14)",0,0,
WB_WDI,WB_WDI_SL_SRV_0714_ZS,Child employment in services (% of economically active children ages 7-14),0,0,
WB_WDI,WB_WDI_SL_SRV_EMPL_MA_ZS,"Employment in services, male (% of male employment) (modeled ILO estimate)",0,0,
WB_WDI,WB_WDI_SL_TLF_0714_FE_ZS,"Children in employment, female (% of female children ages 7-14)",0,0,
WB_WDI,WB_WDI_SL_TLF_0714_MA_ZS,"Children in employment, male (% of male children ages 7-14)",0,0,
WB_WDI,WB_WDI_SL_TLF_0714_SW_FE_TM,"Average working hours of children, study and work, female, ages 7-14 (hours per week)",0,0,
WB_WDI,WB_WDI_SL_TLF_0714_SW_FE_ZS,"Children in employment, study and work, female (% of female children in employment, ages 7-14)",0,0,
WB_WDI,WB_WDI_SL_TLF_0714_SW_MA_TM,"Average working hours of children, study and work, male, ages 7-14 (hours per week)",0,0,
WB_WDI,WB_WDI_SL_TLF_0714_SW_MA_ZS,"Children in employment, study and work, male (% of male children in employment, ages 7-14)",0,0,
WB_WDI,WB_WDI_SL_TLF_0714_SW_TM,"Average working hours of children, study and work, ages 7-14 (hours per week)",0,0,
WB_WDI,WB_WDI_SL_TLF_0714_WK_FE_TM,"Average working hours of children, working only, female, ages 7-14 (hours per week)",0,0,
WB_WDI,WB_WDI_SL_TLF_0714_WK_FE_ZS,"Children in employment, work only, female (% of female children in employment, ages 7-14)",0,0,
WB_WDI,WB_WDI_SL_TLF_0714_WK_MA_TM,"Average working hours of children, working only, male, ages 7-14 (hours per week)",0,0,
WB_WDI,WB_WDI_SL_TLF_0714_WK_MA_ZS,"Children in employment, work only, male (% of male children in employment, ages 7-14)",0,0,
WB_WDI,WB_WDI_SL_TLF_0714_WK_TM,"Average working hours of children, working only, ages 7-14 (hours per week)",0,0,
WB_WDI,WB_WDI_SL_TLF_0714_WK_ZS,"Children in employment, work only (% of children in employment, ages 7-14)",0,0,
WB_WDI,WB_WDI_SL_TLF_0714_ZS,"Children in employment, total (% of children ages 7-14)",0,0,
WB_WDI,WB_WDI_SL_TLF_ACTI_1524_FE_NE_ZS,"Labor force participation rate for ages 15-24, female (%) (national estimate)",0,0,
WB_WDI,WB_WDI_SL_TLF_ACTI_1524_MA_NE_ZS,"Labor force participation rate for ages 15-24, male (%) (national estimate)",0,0,
WB_WDI,WB_WDI_SL_TLF_ACTI_1524_MA_ZS,"Labor force participation rate for ages 15-24, male (%) (modeled ILO estimate)",0,0,
WB_WDI,WB_WDI_SL_TLF_ACTI_1524_NE_ZS,"Labor force participation rate for ages 15-24, total (%) (national estimate)",0,0,
WB_WDI,WB_WDI_SL_TLF_ACTI_1524_ZS,"Labor force participation rate for ages 15-24, total (%) (modeled ILO estimate)",0,0,
WB_WDI,WB_WDI_SL_TLF_ACTI_FE_ZS,"Labor force participation rate, female (% of female population ages 15-64) (modeled ILO estimate)",0,0,
WB_WDI,WB_WDI_SL_TLF_ACTI_MA_ZS,"Labor force participation rate, male (% of male population ages 15-64) (modeled ILO estimate)",0,0,
WB_WDI,WB_WDI_SL_TLF_ACTI_ZS,"Labor force participation rate, total (% of total population ages 15-64) (modeled ILO estimate)",1,0,exports/data360/nepal_summary/samples/WB_WDI_WB_WDI_SL_TLF_ACTI_ZS.json
WB_WDI,WB_WDI_SL_TLF_ADVN_FE_ZS,"Labor force with advanced education, female (% of female working-age population with advanced education)",0,0,
WB_WDI,WB_WDI_SL_TLF_ADVN_MA_ZS,"Labor force with advanced education, male (% of male working-age population with advanced education)",0,0,
WB_WDI,WB_WDI_SL_TLF_ADVN_ZS,Labor force with advanced education (% of total working-age population with advanced education),0,0,
WB_WDI,WB_WDI_SL_TLF_BASC_FE_ZS,"Labor force with basic education, female (% of female working-age population with basic education)",0,0,
WB_WDI,WB_WDI_SL_TLF_BASC_MA_ZS,"Labor force with basic education, male (% of male working-age population with basic education)",0,0,
WB_WDI,WB_WDI_SL_TLF_BASC_ZS,Labor force with basic education (% of total working-age population with basic education),0,0,
WB_WDI,WB_WDI_SL_TLF_CACT_FE_ZS,"Labor force participation rate, female (% of female population ages 15+) (modeled ILO estimate)",0,0,
WB_WDI,WB_WDI_SL_TLF_CACT_FM_NE_ZS,Ratio of female to male labor force participation rate (%) (national estimate),0,0,
WB_WDI,WB_WDI_SL_TLF_CACT_FM_ZS,Ratio of female to male labor force participation rate (%) (modeled ILO estimate),1,0,exports/data360/nepal_summary/samples/WB_WDI_WB_WDI_SL_TLF_CACT_FM_ZS.json
WB_WDI,WB_WDI_SL_TLF_CACT_MA_ZS,"Labor force participation rate, male (% of male population ages 15+) (modeled ILO estimate)",0,0,
WB_WDI,WB_WDI_SL_TLF_CACT_NE_ZS,"Labor force participation rate, total (% of total population ages 15+) (national estimate)",0,0,
WB_WDI,WB_WDI_SL_TLF_CACT_ZS,"Labor force participation rate, total (% of total population ages 15+) (modeled ILO estimate)",0,0,
WB_WDI,WB_WDI_SL_TLF_INTM_FE_ZS,"Labor force with intermediate education, female (% of female working-age population with intermediate education)",0,0,
WB_WDI,WB_WDI_SL_TLF_INTM_MA_ZS,"Labor force with intermediate education, male (% of male working-age population with intermediate education)",0,0,
WB_WDI,WB_WDI_SL_TLF_INTM_ZS,Labor force with intermediate education (% of total working-age population with intermediate education),0,0,
WB_WDI,WB_WDI_SL_TLF_PART_FE_ZS,"Part time employment, female (% of total female employment)",0,0,
WB_WDI,WB_WDI_SL_TLF_PART_MA_ZS,"Part time employment, male (% of total male employment)",0,0,
WB_WDI,WB_WDI_SL_TLF_PART_ZS,"Part time employment, total (% of total employment)",0,0,
WB_WDI,WB_WDI_SL_TLF_TOTL_IN,"Labor force, total",0,0,
WB_WDI,WB_WDI_SL_UEM_1524_FE_ZS,"Unemployment, youth female (% of female labor force ages 15-24) (modeled ILO estimate)",1,0,exports/data360/nepal_summary/samples/WB_WDI_WB_WDI_SL_UEM_1524_FE_ZS.json
WB_WDI,WB_WDI_SL_UEM_1524_MA_NE_ZS,"Unemployment, youth male (% of male labor force ages 15-24) (national estimate)",0,0,
WB_WDI,WB_WDI_SL_UEM_1524_MA_ZS,"Unemployment, youth male (% of male labor force ages 15-24) (modeled ILO estimate)",0,0,
WB_WDI,WB_WDI_SL_UEM_1524_NE_ZS,"Unemployment, youth total (% of total labor force ages 15-24) (national estimate)",0,0,
WB_WDI,WB_WDI_SL_UEM_1524_ZS,"Unemployment, youth total (% of total labor force ages 15-24) (modeled ILO estimate)",0,0,
WB_WDI,WB_WDI_SL_UEM_ADVN_FE_ZS,"Unemployment with advanced education, female (% of female labor force with advanced education)",0,0,
WB_WDI,WB_WDI_SL_UEM_ADVN_ZS,Unemployment with advanced education (% of total labor force with advanced education),0,0,
WB_WDI,WB_WDI_SL_UEM_BASC_FE_ZS,"Unemployment with basic education, female (% of female labor force with basic education)",0,0,
WB_WDI,WB_WDI_SL_UEM_BASC_MA_ZS,"Unemployment with basic education, male (% of male labor force with basic education)",0,0,
WB_WDI,WB_WDI_SL_UEM_BASC_ZS,Unemployment with basic education (% of total labor force with basic education),0,0,
WB_WDI,WB_WDI_SL_UEM_INTM_FE_ZS,"Unemployment with intermediate education, female (% of female labor force with intermediate education)",0,0,
WB_WDI,WB_WDI_SL_UEM_INTM_MA_ZS,"Unemployment with intermediate education, male (% of male labor force with intermediate education)",0,0,
WB_WDI,WB_WDI_SL_UEM_INTM_ZS,Unemployment with intermediate education (% of total labor force with intermediate education),0,0,
WB_WDI,WB_WDI_SL_UEM_NEET_FE_ME_ZS,"Share of youth not in education, employment or training, female (% of female youth population) (modeled ILO estimate)",0,0,
WB_WDI,WB_WDI_SL_UEM_NEET_FE_ZS,"Share of youth not in education, employment or training, female (% of female youth population)",0,0,
WB_WDI,WB_WDI_SL_UEM_NEET_MA_ME_ZS,"Share of youth not in education, employment or training, male (% of male youth population)  (modeled ILO estimate)",0,0,
WB_WDI,WB_WDI_SL_UEM_NEET_MA_ZS,"Share of youth not in education, employment or training, male (% of male youth population)",0,0,
WB_WDI,WB_WDI_SL_UEM_NEET_ME_ZS,"Share of youth not in education, employment or training, total (% of youth population)  (modeled ILO estimate)",0,0,
WB_WDI,WB_WDI_SL_UEM_TOTL_FE_NE_ZS,"Unemployment, female (% of female labor force) (national estimate)",0,0,
WB_WDI,WB_WDI_SL_UEM_TOTL_FE_ZS,"Unemployment, female (% of female labor force) (modeled ILO estimate)",0,0,
WB_WDI,WB_WDI_SL_UEM_TOTL_MA_NE_ZS,"Unemployment, male (% of male labor force) (national estimate)",0,0,
WB_WDI,WB_WDI_SL_UEM_TOTL_MA_ZS,"Unemployment, male (% of male labor force) (modeled ILO estimate)",0,0,
WB_WDI,WB_WDI_SL_UEM_TOTL_NE_ZS,"Unemployment, total (% of total labor force) (national estimate)",0,0,
WB_WDI,WB_WDI_SL_UEM_TOTL_ZS,"Unemployment, total (% of total labor force) (modeled ILO estimate)",0,0,
WB_WDI,WB_WDI_SL_WAG_0714_FE_ZS,"Children in employment, wage workers, female (% of female children in employment, ages 7-14)",0,0,
WB_WDI,WB_WDI_SL_WAG_0714_MA_ZS,"Children in employment, wage workers, male (% of male children in employment, ages 7-14)",0,0,
WB_WDI,WB_WDI_SL_WAG_0714_ZS,"Children in employment, wage workers (% of children in employment, ages 7-14)",0,0,
WB_WDI,WB_WDI_SM_POP_ASYS_EA,Asylum-seekers by country or territory of asylum,0,0,
WB_WDI,WB_WDI_SM_POP_FDIP,Forcibly displaced people,0,0,
WB_WDI,WB_WDI_SM_POP_IDPC,Internally displaced persons (IDPs) by country or territory of asylum / origin,0,0,
WB_WDI,WB_WDI_SM_POP_NETM,Net migration,0,0,
WB_WDI,WB_WDI_SM_POP_RHCR_EA,Refugees under the mandate of the UNHCR by country or territory of asylum,0,0,
WB_WDI,WB_WDI_SM_POP_RHCR_EO,Refugees under the mandate of the UNHCR by country or territory of origin,0,0,
WB_WDI,WB_WDI_SM_POP_TOTL,"International migrant stock, total",0,0,
WB_WDI,WB_WDI_SM_POP_TOTL_ZS,International migrant stock (% of population),0,0,
WB_WDI,WB_WDI_SN_ITK_DEFC_ZS,Prevalence of undernourishment (% of population),0,0,
WB_WDI,WB_WDI_SN_ITK_MSFI_ZS,Prevalence of moderate or severe food insecurity in the population (%),0,0,
WB_WDI,WB_WDI_SN_ITK_SALT_ZS,Consumption of iodized salt (% of households),0,0,
WB_WDI,WB_WDI_SN_ITK_SVFI_ZS,Prevalence of severe food insecurity in the population (%),0,0,
WB_WDI,WB_WDI_SN_ITK_VITA_ZS,Vitamin A supplementation coverage rate (% of children ages 6-59 months),0,0,
WB_WDI,WB_WDI_SP_ADO_TFRT,"Adolescent fertility rate (births per 1,000 women ages 15-19)",0,0,
WB_WDI,WB_WDI_SP_DYN_AMRT_FE,"Mortality rate, adult, female (per 1,000 female adults)",0,0,
WB_WDI,WB_WDI_SP_DYN_AMRT_MA,"Mortality rate, adult, male (per 1,000 male adults)",0,0,
WB_WDI,WB_WDI_SP_DYN_CBRT_IN,"Birth rate, crude (per 1,000 people)",0,0,
WB_WDI,WB_WDI_SP_DYN_CDRT_IN,"Death rate, crude (per 1,000 people)",0,0,
WB_WDI,WB_WDI_SP_DYN_CONM_ZS,"Contraceptive prevalence, any modern method (% of married women ages 15-49)",0,0,
WB_WDI,WB_WDI_SP_DYN_CONU_ZS,"Contraceptive prevalence, any method (% of married women ages 15-49)",0,0,
WB_WDI,WB_WDI_SP_DYN_IMRT_FE_IN,"Mortality rate, infant, female (per 1,000 live births)",0,0,
WB_WDI,WB_WDI_SP_DYN_IMRT_IN,"Mortality rate, infant (per 1,000 live births)",0,0,
WB_WDI,WB_WDI_SP_DYN_IMRT_MA_IN,"Mortality rate, infant, male (per 1,000 live births)",0,0,
WB_WDI,WB_WDI_SP_DYN_LE00_FE_IN,"Life expectancy at birth, female (years)",0,0,
WB_WDI,WB_WDI_SP_DYN_LE00_IN,"Life expectancy at birth, total (years)",0,0,
WB_WDI,WB_WDI_SP_DYN_LE00_MA_IN,"Life expectancy at birth, male (years)",0,0,
WB_WDI,WB_WDI_SP_DYN_TFRT_IN,"Fertility rate, total (births per woman)",0,0,
WB_WDI,WB_WDI_SP_DYN_TO65_FE_ZS,"Survival to age 65, female (% of cohort)",0,0,
WB_WDI,WB_WDI_SP_DYN_TO65_MA_ZS,"Survival to age 65, male (% of cohort)",0,0,
WB_WDI,WB_WDI_SP_DYN_WFRT,Wanted fertility rate (births per woman),0,0,
WB_WDI,WB_WDI_SP_HOU_FEMA_ZS,Female headed households (% of households),0,0,
WB_WDI,WB_WDI_SP_M15_2024_FE_ZS,Women who were first married by age 15 (% of women ages 20-24),0,0,
WB_WDI,WB_WDI_SP_M18_2024_FE_ZS,Women who were first married by age 18 (% of women ages 20-24),0,0,
WB_WDI,WB_WDI_SP_MTR_1519_ZS,Teenage mothers (% of women ages 15-19 who have had children or are currently pregnant),0,0,
WB_WDI,WB_WDI_SP_POP_0004_FE_5Y,"Population ages 00-04, female (% of female population)",0,0,
WB_WDI,WB_WDI_SP_POP_0004_MA_5Y,"Population ages 00-04, male (% of male population)",0,0,
WB_WDI,WB_WDI_SP_POP_0014_FE_IN,"Population ages 0-14, female",0,0,
WB_WDI,WB_WDI_SP_POP_0014_FE_ZS,"Population ages 0-14, female (% of female population)",0,0,
WB_WDI,WB_WDI_SP_POP_0014_MA_IN,"Population ages 0-14, male",0,0,
WB_WDI,WB_WDI_SP_POP_0014_MA_ZS,"Population ages 0-14, male (% of male population)",0,0,
WB_WDI,WB_WDI_SP_POP_0014_TO,"Population ages 0-14, total",0,0,
WB_WDI,WB_WDI_SP_POP_0014_TO_ZS,Population ages 0-14 (% of total population),0,0,
WB_WDI,WB_WDI_SP_POP_0509_FE_5Y,"Population ages 05-09, female (% of female population)",0,0,
WB_WDI,WB_WDI_SP_POP_0509_MA_5Y,"Population ages 05-09, male (% of male population)",0,0,
WB_WDI,WB_WDI_SP_POP_1014_FE_5Y,"Population ages 10-14, female (% of female population)",0,0,
WB_WDI,WB_WDI_SP_POP_1014_MA_5Y,"Population ages 10-14, male (% of male population)",0,0,
WB_WDI,WB_WDI_SP_POP_1519_FE_5Y,"Population ages 15-19, female (% of female population)",0,0,
WB_WDI,WB_WDI_SP_POP_1564_FE_IN,"Population ages 15-64, female",0,0,
WB_WDI,WB_WDI_SP_POP_1564_MA_IN,"Population ages 15-64, male",0,0,
WB_WDI,WB_WDI_SP_POP_1564_MA_ZS,"Population ages 15-64, male (% of male population)",0,0,
WB_WDI,WB_WDI_SP_POP_1564_TO,"Population ages 15-64, total",0,0,
WB_WDI,WB_WDI_SP_POP_1564_TO_ZS,Population ages 15-64 (% of total population),0,0,
WB_WDI,WB_WDI_SP_POP_2024_FE_5Y,"Population ages 20-24, female (% of female population)",0,0,
WB_WDI,WB_WDI_SP_POP_2529_MA_5Y,"Population ages 25-29, male (% of male population)",0,0,
WB_WDI,WB_WDI_SP_POP_3034_FE_5Y,"Population ages 30-34, female (% of female population)",0,0,
WB_WDI,WB_WDI_SP_POP_3539_FE_5Y,"Population ages 35-39, female (% of female population)",0,0,
WB_WDI,WB_WDI_SP_POP_3539_MA_5Y,"Population ages 35-39, male (% of male population)",0,0,
WB_WDI,WB_WDI_SP_POP_4044_FE_5Y,"Population ages 40-44, female (% of female population)",0,0,
WB_WDI,WB_WDI_SP_POP_4044_MA_5Y,"Population ages 40-44, male (% of male population)",0,0,
WB_WDI,WB_WDI_SP_POP_4549_FE_5Y,"Population ages 45-49, female (% of female population)",0,0,
WB_WDI,WB_WDI_SP_POP_4549_MA_5Y,"Population ages 45-49, male (% of male population)",0,0,
WB_WDI,WB_WDI_SP_POP_5054_MA_5Y,"Population ages 50-54, male (% of male population)",0,0,
WB_WDI,WB_WDI_SP_POP_5559_FE_5Y,"Population ages 55-59, female (% of female population)",0,0,
WB_WDI,WB_WDI_SP_POP_6064_FE_5Y,"Population ages 60-64, female (% of female population)",0,0,
WB_WDI,WB_WDI_SP_POP_6064_MA_5Y,"Population ages 60-64, male (% of male population)",0,0,
WB_WDI,WB_WDI_SP_POP_6569_FE_5Y,"Population ages 65-69, female (% of female population)",0,0,
WB_WDI,WB_WDI_SP_POP_65UP_FE_IN,"Population ages 65 and above, female",0,0,
WB_WDI,WB_WDI_SP_POP_65UP_FE_ZS,"Population ages 65 and above, female (% of female population)",0,0,
WB_WDI,WB_WDI_SP_POP_65UP_MA_IN,"Population ages 65 and above, male",0,0,
WB_WDI,WB_WDI_SP_POP_65UP_MA_ZS,"Population ages 65 and above, male (% of male population)",0,0,
WB_WDI,WB_WDI_SP_POP_65UP_TO,"Population ages 65 and above, total",0,0,
WB_WDI,WB_WDI_SP_POP_65UP_TO_ZS,Population ages 65 and above (% of total population),0,0,
WB_WDI,WB_WDI_SP_POP_7074_FE_5Y,"Population ages 70-74, female (% of female population)",0,0,
WB_WDI,WB_WDI_SP_POP_7074_MA_5Y,"Population ages 70-74, male (% of male population)",0,0,
WB_WDI,WB_WDI_SP_POP_7579_FE_5Y,"Population ages 75-79, female (% of female population)",0,0,
WB_WDI,WB_WDI_SP_POP_7579_MA_5Y,"Population ages 75-79, male (% of male population)",0,0,
WB_WDI,WB_WDI_SP_POP_80UP_FE_5Y,"Population ages 80 and above, female (% of female population)",0,0,
WB_WDI,WB_WDI_SP_POP_80UP_MA_5Y,"Population ages 80 and above, male (% of male population)",0,0,
WB_WDI,WB_WDI_SP_POP_BRTH_MF,Sex ratio at birth (male births per female births),0,0,
WB_WDI,WB_WDI_SP_POP_DPND,Age dependency ratio (% of working-age population),0,0,
WB_WDI,WB_WDI_SP_POP_DPND_YG,"Age dependency ratio, young (% of working-age population)",0,0,
WB_WDI,WB_WDI_SP_POP_GROW,Population growth (annual %),0,0,
WB_WDI,WB_WDI_SP_POP_SCIE_RD_P6,Researchers in R&D (per million people),0,0,
WB_WDI,WB_WDI_SP_POP_TECH_RD_P6,Technicians in R&D (per million people),0,0,
WB_WDI,WB_WDI_SP_POP_TOTL,"Population, total",0,0,
WB_WDI,WB_WDI_SP_POP_TOTL_MA_IN,"Population, male",0,0,
WB_WDI,WB_WDI_SP_POP_TOTL_MA_ZS,"Population, male (% of total population)",0,0,
WB_WDI,WB_WDI_SP_REG_BRTH_MA_ZS,"Completeness of birth registration, male (%)",0,0,
WB_WDI,WB_WDI_SP_REG_BRTH_RU_ZS,"Completeness of birth registration, rural (%)",0,0,
WB_WDI,WB_WDI_SP_REG_BRTH_UR_ZS,"Completeness of birth registration, urban (%)",0,0,
WB_WDI,WB_WDI_SP_RUR_TOTL_ZS,Rural population (% of total population),0,0,
WB_WDI,WB_WDI_SP_URB_GROW,Urban population growth (annual %),0,0,
WB_WDI,WB_WDI_SP_URB_TOTL_IN_ZS,Urban population (% of total population),0,0,
WB_WDI,WB_WDI_SP_UWT_TFRT,Unmet need for contraception (% of married women ages 15-49),0,0,
WB_WDI,WB_WDI_ST_INT_DPRT,"International tourism, number of departures",0,0,
WB_WDI,WB_WDI_ST_INT_RCPT_CD,"International tourism, receipts (current US$)",0,0,
WB_WDI,WB_WDI_ST_INT_RCPT_XP_ZS,"International tourism, receipts (% of total exports)",0,0,
WB_WDI,WB_WDI_ST_INT_TRNR_CD,"International tourism, receipts for passenger transport items (current US$)",0,0,
WB_WDI,WB_WDI_ST_INT_TRNX_CD,"International tourism, expenditures for passenger transport items (current US$)",0,0,
WB_WDI,WB_WDI_ST_INT_TVLR_CD,"International tourism, receipts for travel items (current US$)",0,0,
WB_WDI,WB_WDI_ST_INT_TVLX_CD,"International tourism, expenditures for travel items (current US$)",0,0,
WB_WDI,WB_WDI_ST_INT_XPND_CD,"International tourism, expenditures (current US$)",0,0,
WB_WDI,WB_WDI_ST_INT_XPND_MP_ZS,"International tourism, expenditures (% of total imports)",0,0,
WB_WDI,WB_WDI_TM_QTY_MRCH_XD_WD,Import volume index (2015 = 100),0,0,
WB_WDI,WB_WDI_TM_TAX_MANF_BC_ZS,"Binding coverage, manufactured products (%)",0,0,
WB_WDI,WB_WDI_TM_TAX_MANF_BR_ZS,"Bound rate, simple mean, manufactured products (%)",0,0,
WB_WDI,WB_WDI_TM_TAX_MANF_SM_AR_ZS,"Tariff rate, applied, simple mean, manufactured products (%)",0,0,
WB_WDI,WB_WDI_TM_TAX_MANF_SM_FN_ZS,"Tariff rate, most favored nation, simple mean, manufactured products (%)",0,0,
WB_WDI,WB_WDI_TM_TAX_MANF_WM_AR_ZS,"Tariff rate, applied, weighted mean, manufactured products (%)",0,0,
WB_WDI,WB_WDI_TM_TAX_MANF_WM_FN_ZS,"Tariff rate, most favored nation, weighted mean, manufactured products (%)",0,0,
WB_WDI,WB_WDI_TM_TAX_MRCH_BC_ZS,"Binding coverage, all products (%)",0,0,
WB_WDI,WB_WDI_TM_TAX_MRCH_BR_ZS,"Bound rate, simple mean, all products (%)",0,0,
WB_WDI,WB_WDI_TM_TAX_MRCH_SM_AR_ZS,"Tariff rate, applied, simple mean, all products (%)",0,0,
WB_WDI,WB_WDI_TM_TAX_MRCH_SM_FN_ZS,"Tariff rate, most favored nation, simple mean, all products (%)",0,0,
WB_WDI,WB_WDI_TM_TAX_MRCH_WM_AR_ZS,"Tariff rate, applied, weighted mean, all products (%)",0,0,
WB_WDI,WB_WDI_TM_TAX_TCOM_BC_ZS,"Binding coverage, primary products (%)",0,0,
WB_WDI,WB_WDI_TM_TAX_TCOM_BR_ZS,"Bound rate, simple mean, primary products (%)",0,0,
WB_WDI,WB_WDI_TM_TAX_TCOM_SM_AR_ZS,"Tariff rate, applied, simple mean, primary products (%)",0,0,
WB_WDI,WB_WDI_TM_TAX_TCOM_SM_FN_ZS,"Tariff rate, most favored nation, simple mean, primary products (%)",0,0,
WB_WDI,WB_WDI_TM_TAX_TCOM_WM_AR_ZS,"Tariff rate, applied, weighted mean, primary products (%)",0,0,
WB_WDI,WB_WDI_TM_TAX_TCOM_WM_FN_ZS,"Tariff rate, most favored nation, weighted mean, primary products (%)",0,0,
WB_WDI,WB_WDI_TM_UVI_MRCH_XD_WD,Import unit value index (2015 = 100),0,0,
WB_WDI,WB_WDI_TM_VAL_FOOD_ZS_UN,Food imports (% of merchandise imports),0,0,
WB_WDI,WB_WDI_TM_VAL_FUEL_ZS_UN,Fuel imports (% of merchandise imports),0,0,
WB_WDI,WB_WDI_TM_VAL_INSF_ZS_WT,Insurance and financial services (% of commercial service imports),0,0,
WB_WDI,WB_WDI_TM_VAL_MMTL_ZS_UN,Ores and metals imports (% of merchandise imports),0,0,
WB_WDI,WB_WDI_TM_VAL_MRCH_AL_ZS,Merchandise imports from economies in the Arab World (% of total merchandise imports),0,0,
WB_WDI,WB_WDI_TM_VAL_MRCH_CD_WT,Merchandise imports (current US$),0,0,
WB_WDI,WB_WDI_TM_VAL_MRCH_HI_ZS,Merchandise imports from high-income economies (% of total merchandise imports),0,0,
WB_WDI,WB_WDI_TM_VAL_MRCH_OR_ZS,Merchandise imports from low- and middle-income economies outside region (% of total merchandise imports),0,0,
WB_WDI,WB_WDI_TM_VAL_MRCH_R1_ZS,Merchandise imports from low- and middle-income economies in East Asia & Pacific (% of total merchandise imports),0,0,
WB_WDI,WB_WDI_TM_VAL_MRCH_R3_ZS,Merchandise imports from low- and middle-income economies in Latin America & the Caribbean (% of total merchandise imports),0,0,
WB_WDI,WB_WDI_TM_VAL_MRCH_R4_ZS,Merchandise imports from low- and middle-income economies in Middle East & North Africa (% of total merchandise imports),0,0,
WB_WDI,WB_WDI_TM_VAL_MRCH_R5_ZS,Merchandise imports from low- and middle-income economies in South Asia (% of total merchandise imports),0,0,
WB_WDI,WB_WDI_TM_VAL_MRCH_RS_ZS,"Merchandise imports by the reporting economy, residual (% of total merchandise imports)",0,0,
WB_WDI,WB_WDI_TM_VAL_MRCH_WL_CD,Merchandise imports by the reporting economy (current US$),0,0,
WB_WDI,WB_WDI_TM_VAL_OTHR_ZS_WT,"Computer, communications and other services (% of commercial service imports)",0,0,
WB_WDI,WB_WDI_TM_VAL_SERV_CD_WT,Commercial service imports (current US$),0,0,
WB_WDI,WB_WDI_TM_VAL_TRAN_ZS_WT,Transport services (% of commercial service imports),0,0,
WB_WDI,WB_WDI_TM_VAL_TRVL_ZS_WT,Travel services (% of commercial service imports),0,0,
WB_WDI,WB_WDI_TT_PRI_MRCH_XD_WD,Net barter terms of trade index (2015 = 100),0,0,
WB_WDI,WB_WDI_TX_MNF_TECH_ZS_UN,Medium and high-tech exports (% manufactured exports),0,0,
WB_WDI,WB_WDI_TX_UVI_MRCH_XD_WD,Export unit value index (2015 = 100),0,0,
WB_WDI,WB_WDI_TX_VAL_AGRI_ZS_UN,Agricultural raw materials exports (% of merchandise exports),0,0,
WB_WDI,WB_WDI_TX_VAL_FOOD_ZS_UN,Food exports (% of merchandise exports),0,0,
WB_WDI,WB_WDI_TX_VAL_FUEL_ZS_UN,Fuel exports (% of merchandise exports),0,0,
WB_WDI,WB_WDI_TX_VAL_ICTG_ZS_UN,ICT goods exports (% of total goods exports),0,0,
WB_WDI,WB_WDI_TX_VAL_INSF_ZS_WT,Insurance and financial services (% of commercial service exports),0,0,
WB_WDI,WB_WDI_TX_VAL_MMTL_ZS_UN,Ores and metals exports (% of merchandise exports),0,0,
WB_WDI,WB_WDI_TX_VAL_MRCH_AL_ZS,Merchandise exports to economies in the Arab World (% of total merchandise exports),0,0,
WB_WDI,WB_WDI_TX_VAL_MRCH_CD_WT,Merchandise exports (current US$),0,0,
WB_WDI,WB_WDI_TX_VAL_MRCH_HI_ZS,Merchandise exports to high-income economies (% of total merchandise exports),0,0,
WB_WDI,WB_WDI_TX_VAL_MRCH_OR_ZS,Merchandise exports to low- and middle-income economies outside region (% of total merchandise exports),0,0,
WB_WDI,WB_WDI_TX_VAL_MRCH_R1_ZS,Merchandise exports to low- and middle-income economies in East Asia & Pacific (% of total merchandise exports),0,0,
WB_WDI,WB_WDI_TX_VAL_MRCH_R2_ZS,Merchandise exports to low- and middle-income economies in Europe & Central Asia (% of total merchandise exports),0,0,
WB_WDI,WB_WDI_TX_VAL_MRCH_R4_ZS,Merchandise exports to low- and middle-income economies in Middle East & North Africa (% of total merchandise exports),0,0,
WB_WDI,WB_WDI_TX_VAL_MRCH_R5_ZS,Merchandise exports to low- and middle-income economies in South Asia (% of total merchandise exports),0,0,
WB_WDI,WB_WDI_TX_VAL_MRCH_R6_ZS,Merchandise exports to low- and middle-income economies in Sub-Saharan Africa (% of total merchandise exports),0,0,
WB_WDI,WB_WDI_TX_VAL_MRCH_WL_CD,Merchandise exports by the reporting economy (current US$),0,0,
WB_WDI,WB_WDI_TX_VAL_MRCH_WR_ZS,Merchandise exports to low- and middle-income economies within region (% of total merchandise exports),0,0,
WB_WDI,WB_WDI_TX_VAL_MRCH_XD_WD,Export value index (2015 = 100),0,0,
WB_WDI,WB_WDI_TX_VAL_OTHR_ZS_WT,"Computer, communications and other services (% of commercial service exports)",0,0,
WB_WDI,WB_WDI_TX_VAL_SERV_CD_WT,Commercial service exports (current US$),0,0,
WB_WDI,WB_WDI_TX_VAL_TECH_CD,High-technology exports (current US$),0,0,
WB_WDI,WB_WDI_TX_VAL_TECH_MF_ZS,High-technology exports (% of manufactured exports),0,0,
WB_WDI,WB_WDI_TX_VAL_TRAN_ZS_WT,Transport services (% of commercial service exports),0,0,
WB_WDI,WB_WDI_TX_VAL_TRVL_ZS_WT,Travel services (% of commercial service exports),0,0,
WB_WDI,WB_WDI_VA_NO_SRC,Voice and Accountability: Number of Sources,0,0,
WB_WDI,WB_WDI_VA_PER_RNK,Voice and Accountability: Percentile Rank,0,0,
WB_WDI,WB_WDI_VA_PER_RNK_LOWER,"Voice and Accountability: Percentile Rank, Lower Bound of 90% Confidence Interval",0,0,
WB_WDI,WB_WDI_VA_PER_RNK_UPPER,"Voice and Accountability: Percentile Rank, Upper Bound of 90% Confidence Interval",0,0,
WB_WDI,WB_WDI_VA_STD_ERR,Voice and Accountability: Standard Error,0,0,
WB_WDI,WB_WDI_VC_BTL_DETH,Battle-related deaths (number of people),0,0,
WB_WDI,WB_WDI_VC_IDP_NWCV,"Internally displaced persons, new displacement associated with conflict and violence (number of cases)",0,0,
WB_WDI,WB_WDI_VC_IHR_PSRC_P5,"Intentional homicides (per 100,000 people)",0,0,
WB_WGI,GOV_WGI_CC,Worldwide Governance Indicators: Control of Corruption,0,0,
WB_WGI,GOV_WGI_GE,Worldwide Governance Indicators: Government Effectiveness,0,0,
WB_WGI,GOV_WGI_PV,Worldwide Governance Indicators: Political Stability,0,0,
WB_WGI,GOV_WGI_RL,Worldwide Governance Indicators: Rule of Law,0,0,
WB_WGI,GOV_WGI_VA,Worldwide Governance Indicators: Voice and Accountability,0,0,
WB_WITS,WB_WITS_AHS_AVE_TRFF_LN_SHR,AHS AVE Tariff Lines Share (%),0,0,
WB_WITS,WB_WITS_AHS_DTBL_MPRT,AHS Dutiable Imports (US$ Thousand),0,0,
WB_WITS,WB_WITS_AHS_DTBL_TRFF_LNS_SHR,AHS Dutiable Tariff Lines Share (%),0,0,
WB_WITS,WB_WITS_AHS_DTY_FR_MPRTS,AHS Duty Free Imports (US$ Thousand),0,0,
WB_WITS,WB_WITS_AHS_DTY_FR_TRFF_LNS_SHR,AHS Duty Free Tariff  Lines Share (%),0,0,
WB_WITS,WB_WITS_AHS_MNMM_RATE,AHS MinRate (%),0,0,
WB_WITS,WB_WITS_AHS_MXMM_RT,AHS MaxRate (%),0,0,
WB_WITS,WB_WITS_AHS_SMPL_AVRG,AHS Simple Average (%),0,0,
WB_WITS,WB_WITS_AHS_SPCFC_DTY_MPRT,AHS SpecificDuty Imports (US$ Thousand),0,0,
WB_WITS,WB_WITS_AHS_SPCFC_TRFF_LNS_SHR,AHS Specific Tariff Lines Share (%),0,0,
WB_WITS,WB_WITS_AHS_TTL_TRFF_LNS,AHS Total Tariff Lines,0,0,
WB_WITS,WB_WITS_AHS_WGHTD_AVRG,AHS Weighted Average (%),0,0,
WB_WITS,WB_WITS_CNTRY_GRWTH,Trade Value - Country Growth (%),0,0,
WB_WITS,WB_WITS_HH_MKT_CNCNTRTN_NDX,HH Market concentration index,0,0,
WB_WITS,WB_WITS_MFN_DTBL_MPRT,MFN Dutiable Imports (US$ Thousand),0,0,
WB_WITS,WB_WITS_MFN_DTBL_TRFF_LNS_SHR,MFN Dutiable Tariff Lines Share (%),0,0,
WB_WITS,WB_WITS_MFN_DTY_FR_MPRTS,MFN Duty Free Imports (US$ Thousand),0,0,
WB_WITS,WB_WITS_MFN_DTY_FR_TRFF_LNS_SHR,MFN Duty Free Tariff Lines Share (%),0,0,
WB_WITS,WB_WITS_MFN_MNMN_RT,MFN MinRate (%),0,0,
WB_WITS,WB_WITS_MFN_MXMM_RT,MFN MaxRate (%),0,0,
WB_WITS,WB_WITS_MFN_SMPL_AVRG,MFN Simple Average (%),0,0,
WB_WITS,WB_WITS_MFN_SPCFC_DTY_MPRT,MFN SpecificDuty Imports (US$ Thousand),0,0,
WB_WITS,WB_WITS_MFN_TTL_TRFF_LNS,MFN Total Tariff Lines,0,0,
WB_WITS,WB_WITS_MFN_WGHTD_AVRG,MFN Weighted Average (%),0,0,
WB_WITS,WB_WITS_NDX_XPRT_MKT_PNRTTN,Index Of Export Market Penetration,0,0,
WB_WITS,WB_WITS_NMBR_MPRT_HS6_PRDCT,Imports - Number of traded HS6 digit Products,0,0,
WB_WITS,WB_WITS_NMBR_MPRT_PRTNR,Number of import partners,0,0,
WB_WITS,WB_WITS_NMBR_PRDCT_MPRTD,Number of products imported,0,0,
WB_WITS,WB_WITS_NMBR_PRDCT_XPRTD,Number of products exported,0,0,
WB_WITS,WB_WITS_NMBR_XPRT_HS6_PRDCT,Exports - Number of traded HS6 digit Products,0,0,
WB_WITS,WB_WITS_NMBR_XPRT_PRTNR,Number of export partners,0,0,
WB_WITS,WB_WITS_TRF_NMBR_AGGRMNT,No Of Tariff Agreement,0,0,
WB_WITS,WB_WITS_WRLD_GRWTH,Trade Value - World Growth (%),0,0,
WB_WWBI,WB_WWBI_BI_EMP_PUBS_FE,"Public sector female employment, as a share of paid employment by industry",0,0,
WB_WWBI,WB_WWBI_BI_EMP_PWRK,"Different type of workers, as a share of public paid employees",0,0,
WB_WWBI,WB_WWBI_BI_EMP_PWRK_PB,"Public sector employment, as a share of paid employment",0,0,
WB_WWBI,WB_WWBI_BI_EMP_TOTL,"Different type of workers, as a share of public total employees",0,0,
WB_WWBI,WB_WWBI_BI_EMP_TOTL_NO,"Number of employed employees, by industry",0,0,
WB_WWBI,WB_WWBI_BI_EMP_TOTL_PB,"Public sector employment, as a share of total employment",0,0,
WB_WWBI,WB_WWBI_BI_EMP_TOTL_PB_TT_ZS,Proportion of total employees with tertiary education working in public sector,0,0,
WB_WWBI,WB_WWBI_BI_PWK_AGES_PV,"Age of private paid employees, by industry",0,0,
WB_WWBI,WB_WWBI_BI_PWK_CMPA,"Cross-country public sector pay comparison ratio, by occupation",0,0,
WB_WWBI,WB_WWBI_BI_PWK_PRVS_ED,"Individuals as a share of private paid employees, by education level",0,0,
WB_WWBI,WB_WWBI_BI_PWK_PRVS_FE,"Females, as a share of private paid employees",0,0,
WB_WWBI,WB_WWBI_BI_PWK_PRVS_RU,"Rural residents, as a share of private paid employees",0,0,
WB_WWBI,WB_WWBI_BI_PWK_PRVS_SP,Share of private paid employees with a type of social protection,0,0,
WB_WWBI,WB_WWBI_BI_PWK_PUBS_ED,"Individuals as a share of public paid employees, by education level",0,0,
WB_WWBI,WB_WWBI_BI_PWK_PUBS_FE,"Females, as a share of public paid employees",0,0,
WB_WWBI,WB_WWBI_BI_PWK_PUBS_NO,"Number of public paid employees, by industry",0,0,
WB_WWBI,WB_WWBI_BI_PWK_PUBS_SP,Share of public paid employees with a type of socal protection,0,0,
WB_WWBI,WB_WWBI_BI_WAG_CPRS_PB,"Pay compression ratio in public sector (clerk as reference), by occupation",0,0,
WB_WWBI,WB_WWBI_BI_WAG_TOTL_GD_ZS,Wage bill as a percentage of GDP,0,0,
WEF_GCI,WEF_GCI_AIRINF,GCI 4.0: Air,0,0,
WEF_GCI,WEF_GCI_CLEAREFF,"GCI 4.0: Border clearance efficiency (1-5, best)",0,0,
WEF_GCI,WEF_GCI_CONFINTREG,"GCI 4.0: Extent of conflict of interest regulation (0-10, best)",0,0,
WEF_GCI,WEF_GCI_CREDGDPGAP,GCI 4.0: Credit gap (%),0,0,
WEF_GCI,WEF_GCI_DEBDYNM,"GCI 4.0: Debt dynamic (0-100, best)",0,0,
WEF_GCI,WEF_GCI_DOMCREDITGDP,GCI 4.0: Domestic credit to private sector (% of GDP),0,0,
WEF_GCI,WEF_GCI_ELECINF,GCI 4.0: Electricity,0,0,
WEF_GCI,WEF_GCI_ELECRATE,GCI 4.0: Electrification rate (% of population),0,0,
WEF_GCI,WEF_GCI_ENVTREATY,GCI 4.0: Environment-related treaties in force,0,0,
WEF_GCI,WEF_GCI_EOSQ039,GCI 4.0: Efficiency of legal framework in challenging regulations (1-7),0,0,
WEF_GCI,WEF_GCI_EOSQ040,GCI 4.0: Efficiency of legal framework to settle disputes (1-7),0,0,
WEF_GCI,WEF_GCI_EOSQ045,GCI 4.0: Distortive effect on competition of taxes and subsidies (1-7),0,0,
WEF_GCI,WEF_GCI_EOSQ048,GCI 4.0: Burden of government regulation (1-7),0,0,
WEF_GCI,WEF_GCI_EOSQ055,GCI 4.0: Reliability of police services (1-7),0,0,
WEF_GCI,WEF_GCI_EOSQ057,GCI 4.0: Quality of roads (1-7),0,0,
WEF_GCI,WEF_GCI_EOSQ072,GCI 4.0: University-industry collaboration in R&D (1-7),0,0,
WEF_GCI,WEF_GCI_EOSQ073,GCI 4.0: Attitudes towards entrepreneurial failure (1-7),0,0,
WEF_GCI,WEF_GCI_EOSQ089,GCI 4.0: Venture capital availability (1-7),0,0,
WEF_GCI,WEF_GCI_EOSQ096,GCI 4.0: Prevalence of non-tariff barriers (1-7),0,0,
WEF_GCI,WEF_GCI_EOSQ097,GCI 4.0: Strength of auditing and accounting standards (1-7),0,0,
WEF_GCI,WEF_GCI_EOSQ109,GCI 4.0: State of cluster development (1-7),0,0,
WEF_GCI,WEF_GCI_EOSQ126,GCI 4.0: Reliance on professional management (1-7),0,0,
WEF_GCI,WEF_GCI_EOSQ134,GCI 4.0: Hiring and firing practices (1-7),0,0,
WEF_GCI,WEF_GCI_EOSQ135,GCI 4.0: Cooperation in labour-employer relations (1-7),0,0,
WEF_GCI,WEF_GCI_EOSQ138,GCI 4.0: Ease of hiring foreign labor (1-7),0,0,
WEF_GCI,WEF_GCI_EOSQ139,GCI 4.0: Extent of staff training (1-7),0,0,
WEF_GCI,WEF_GCI_EOSQ144,GCI 4.0: Judicial independence (1-7),0,0,
WEF_GCI,WEF_GCI_EOSQ362,GCI 4.0: Growth of innovative companies (1-7),0,0,
WEF_GCI,WEF_GCI_EOSQ403,GCI 4.0: Ease of finding skilled employees (1-7),0,0,
WEF_GCI,WEF_GCI_EOSQ429,GCI 4.0: Collaboration inside company (1-7),0,0,
WEF_GCI,WEF_GCI_EOSQ434,GCI 4.0: Government ensuring policy stability (1-7),0,0,
WEF_GCI,WEF_GCI_EOSQ436,GCI 4.0: Quality of vocational training (1-7),0,0,
WEF_GCI,WEF_GCI_EOSQ470,GCI 4.0: Willingness to delegate authority (1-7),0,0,
WEF_GCI,WEF_GCI_EOSQ485,GCI 4.0: Efficiency of train services (1-7),0,0,
WEF_GCI,WEF_GCI_EOSQ486,GCI 4.0: Efficiency of air transport services (1-7),0,0,
WEF_GCI,WEF_GCI_EOSQ488,GCI 4.0: Reliability of water supply (1-7),0,0,
WEF_GCI,WEF_GCI_EOSQ489,GCI 4.0: Competition in professional services (1-7),0,0,
WEF_GCI,WEF_GCI_EOSQ490,GCI 4.0: Competition in retail services (1-7),0,0,
WEF_GCI,WEF_GCI_EOSQ491,GCI 4.0: Competition in network services (1-7),0,0,
WEF_GCI,WEF_GCI_EOSQ493,GCI 4.0: Collaboration between companies (1-7),0,0,
WEF_GCI,WEF_GCI_EOSQ495,GCI 4.0: Skillset of secondary-education graduates (1-7),0,0,
WEF_GCI,WEF_GCI_EOSQ496,GCI 4.0: Skillset of university graduates (1-7),0,0,
WEF_GCI,WEF_GCI_EOSQ497,GCI 4.0: Active labor market policies (1-7),0,0,
WEF_GCI,WEF_GCI_EOSQ498,GCI 4.0: Critical thinking in teaching (1-7),0,0,
WEF_GCI,WEF_GCI_EOSQ499,GCI 4.0: Internal labor mobility (1-7),0,0,
WEF_GCI,WEF_GCI_EOSQ505,GCI 4.0: Diversity of workforce (1-7),0,0,
WEF_GCI,WEF_GCI_EOSQ507,GCI 4.0: Government's responsiveness to change (1-7),0,0,
WEF_GCI,WEF_GCI_EOSQ508,GCI 4.0: Digital skills among active population (1-7),0,0,
WEF_GCI,WEF_GCI_EOSQ509,GCI 4.0: Legal framework's adaptability to digital business models (1-7),0,0,
WEF_GCI,WEF_GCI_EXPIDEAS,GCI 4.0: Interaction and diversity,0,0,
WEF_GCI,WEF_GCI_FREEPRESSRWB,GCI 4.0: World Press Freedom Index (0=most free; 100=least free),0,0,
WEF_GCI,WEF_GCI_FUTURWORKEDUQUALITY,GCI 4.0: Skills of future workforce,0,0,
WEF_GCI,WEF_GCI_GCI4,GCI 4.0: Global Competitiveness Index 4.0,0,0,
WEF_GCI,WEF_GCI_GCI4_A_01_01,GCI 4.0: Security,0,0,
WEF_GCI,WEF_GCI_GCI4_A_01_02,GCI 4.0: Social capital,0,0,
WEF_GCI,WEF_GCI_GCI4_A_01_03,GCI 4.0: Checks and balances,0,0,
WEF_GCI,WEF_GCI_GCI4_A_01_04,GCI 4.0: Public-sector performance,0,0,
WEF_GCI,WEF_GCI_GCI4_A_01_05,GCI 4.0: Transparency,0,0,
WEF_GCI,WEF_GCI_GCI4_A_01_06,GCI 4.0: Property rights,0,0,
WEF_GCI,WEF_GCI_GCI4_A_01_07,GCI 4.0: Corporate governance,0,0,
WEF_GCI,WEF_GCI_GCI4_A_02,GCI 4.0: 2nd pillar: Infrastructure,0,0,
WEF_GCI,WEF_GCI_GCI4_A_02_01,GCI 4.0: Transport infrastructure,0,0,
WEF_GCI,WEF_GCI_GCI4_A_03,GCI 4.0: 3rd pillar: ICT adoption,0,0,
WEF_GCI,WEF_GCI_GCI4_A_04,GCI 4.0: 4th pillar: Macroeconomic stability,0,0,
WEF_GCI,WEF_GCI_GCI4_B_05,GCI 4.0: 5th pillar: Health,0,0,
WEF_GCI,WEF_GCI_GCI4_B_06,GCI 4.0: 6th pillar: Skills,0,0,
WEF_GCI,WEF_GCI_GCI4_B_06_01,GCI 4.0: Current workforce,0,0,
WEF_GCI,WEF_GCI_GCI4_B_06_02,GCI 4.0: Future workforce,0,0,
WEF_GCI,WEF_GCI_GCI4_C_07,GCI 4.0: 7th pillar: Product market,0,0,
WEF_GCI,WEF_GCI_GCI4_C_07_01,GCI 4.0: Domestic competition,0,0,
WEF_GCI,WEF_GCI_GCI4_C_08,GCI 4.0: 8th pillar: Labor market,0,0,
WEF_GCI,WEF_GCI_GCI4_C_08_02,GCI 4.0: Meritocracy and incentivization,0,0,
WEF_GCI,WEF_GCI_GCI4_C_09,GCI 4.0: 9th pillar: Financial system,0,0,
WEF_GCI,WEF_GCI_GCI4_C_09_01,GCI 4.0: Depth,0,0,
WEF_GCI,WEF_GCI_GCI4_C_09_02,GCI 4.0: Stability,0,0,
WEF_GCI,WEF_GCI_GCI4_C_10,GCI 4.0: 10th pillar: Market size,0,0,
WEF_GCI,WEF_GCI_GCI4_D_11,GCI 4.0: 11th pillar: Business dynamism,0,0,
WEF_GCI,WEF_GCI_GCI4_D_11_01,GCI 4.0: Administrative requirements,0,0,
WEF_GCI,WEF_GCI_GCI4_D_11_02,GCI 4.0: Entrepreneurial culture,0,0,
WEF_GCI,WEF_GCI_GCI4_D_12,GCI 4.0: 12th pillar: Innovation capability,0,0,
WEF_GCI,WEF_GCI_GCI4_SUBIDXA,GCI 4.0: Enabling environment,0,0,
WEF_GCI,WEF_GCI_GCI4_SUBIDXB,GCI 4.0: Human capital,0,0,
WEF_GCI,WEF_GCI_GCI4_SUBIDXD,GCI 4.0: Innovation ecosystem,0,0,
WEF_GCI,WEF_GCI_GDPPPPC,"GCI 4.0: Gross domestic product (billions, PPP)",0,0,
WEF_GCI,WEF_GCI_GOVADAPT,GCI 4.0: Government adaptability,0,0,
WEF_GCI,WEF_GCI_GOVDEBTGDP,GCI 4.0: Government debt to GDP,0,0,
WEF_GCI,WEF_GCI_GOVDEBTGDPCHANGE,GCI 4.0: Change in government debt,0,0,
WEF_GCI,WEF_GCI_GRADSKILLS,GCI 4.0: Skillset of graduates (1-7),0,0,
WEF_GCI,WEF_GCI_IATACONNECTIDX,"GCI 4.0: Airport connectivity (0-100, best)",0,0,
WEF_GCI,WEF_GCI_IMPGDP,GCI 4.0: Imports of goods and services (% GDP),0,0,
WEF_GCI,WEF_GCI_INFLAYRAVG,GCI 4.0: Inflation (%),0,0,
WEF_GCI,WEF_GCI_INSOLVENCYRECOVERYRATE,GCI 4.0: Resolving Insolvency - Recovery rate (cents to the dollar),0,0,
WEF_GCI,WEF_GCI_INSURPREMGDP,GCI 4.0: Life and Non Life insurance premium (% of GDP),0,0,
WEF_GCI,WEF_GCI_INVCOMMERC,GCI 4.0: Commercialization,0,0,
WEF_GCI,WEF_GCI_IP5INTLCOINVPOP,GCI 4.0: IP5 international patent applications (per million pop.),0,0,
WEF_GCI,WEF_GCI_IP5PATPOP,GCI 4.0: IP 5 patent applications (per million pop.),0,0,
WEF_GCI,WEF_GCI_LABTAX,GCI 4.0: Total tax on labor (%),0,0,
WEF_GCI,WEF_GCI_LEGATPISOCI,"GCI 4.0: Social capital (0-100, high)",0,0,
WEF_GCI,WEF_GCI_LIFEINSURPREMGDP,GCI 4.0: Life insurance premium (volume to GDP),0,0,
WEF_GCI,WEF_GCI_MYSCHOOLALL,GCI 4.0: Mean years of schooling (years),0,0,
WEF_GCI,WEF_GCI_NETUSERPCT,GCI 4.0: Internet users (% of adult population),0,0,
WEF_GCI,WEF_GCI_NLIFEINSURPREMGDP,GCI 4.0: Non-life insurance premium (volume to GDP),0,0,
WEF_GCI,WEF_GCI_OPENBUDGET,"GCI 4.0: Open Budget Data score (0-100, best)",0,0,
WEF_GCI,WEF_GCI_OPENBUDGETIDX,GCI 4.0: Budget transparency,0,0,
WEF_GCI,WEF_GCI_POWERLOS,GCI 4.0: Electric power losses (% of output),0,0,
WEF_GCI,WEF_GCI_PUPTEACHRATIO1,GCI 4.0: Pupil-to-teacher ratio in primary education,0,0,
WEF_GCI,WEF_GCI_RDSPENDING,GCI 4.0: R&D expenditures (% of GDP),0,0,
WEF_GCI,WEF_GCI_REDUNCOST,GCI 4.0: Redundancy costs (weeks of salary),0,0,
WEF_GCI,WEF_GCI_RESEARCH,GCI 4.0: Research and development,0,0,
WEF_GCI,WEF_GCI_RESINSTPROMIDX,GCI 4.0: Research institutions prominence index,0,0,
WEF_GCI,WEF_GCI_RISEEFF,GCI 4.0: Energy efficiency regulation,0,0,
WEF_GCI,WEF_GCI_RISERES,GCI 4.0: Renewable energy regulation,0,0,
WEF_GCI,WEF_GCI_ROADINF,GCI 4.0: Road,0,0,
WEF_GCI,WEF_GCI_ROADQUALIDX,"GCI 4.0: Road quality index (0-100, best)",0,0,
WEF_GCI,WEF_GCI_SCHLIFEXPALL,GCI 4.0: School life expectancy (years),0,0,
WEF_GCI,WEF_GCI_SERVCOMP,GCI 4.0: Competition in services (1-7),0,0,
WEF_GCI,WEF_GCI_SHRHOLDGOV,"GCI 4.0: Extent of shareholder governance (0-10, best)",0,0,
WEF_GCI,WEF_GCI_SRVCTRADERESTRICT,GCI 4.0: Service Trade Restrictiveness Index (0=completely open; 100=completely closed),0,0,
WEF_GCI,WEF_GCI_STARTBUSCOST,GCI 4.0: Cost required to start a business (% of GNI per capita),0,0,
WEF_GCI,WEF_GCI_STARTBUSDAYS,GCI 4.0: Time required to start a business (days),0,0,
WEF_GCI,WEF_GCI_SUSTCOMMIT,GCI 4.0: Commitment to sustainability,0,0,
WEF_GCI,WEF_GCI_TARIFCOMPL,"GCI 4.0: Complexity of tariffs (1-7, worst)",0,0,
WEF_GCI,WEF_GCI_TFDUTY,GCI 4.0: Trade tariffs (%),0,0,
WEF_GCI,WEF_GCI_TRANSPARENCYCPI,GCI 4.0: Corruption Perception Index (0=highly corrupt; 100=very clean),0,0,
WEF_GCI,WEF_GCI_UNPANEPARTIDX,"GCI 4.0: E-Participation Index (0-1, best)",0,0,
WEF_GCI,WEF_GCI_WATERINF,GCI 4.0: Water,0,0,
WEF_GCI,WEF_GCI_WORKRIGHT,"GCI 4.0: Workers' Rights Index (0-100, best)",0,0,
WEF_GCIHH,WEF_GCIHH_AIRSEATKM,"Available airline seat km/week, millions",0,0,
WEF_GCIHH,WEF_GCIHH_BBSUBPC,Fixed broadband Internet subscriptions/100 pop.,0,0,
WEF_GCIHH,WEF_GCIHH_CCRATING,"Country credit rating, 0-100 (best)",0,0,
WEF_GCIHH,WEF_GCIHH_CORPTAXRATE,"Total tax rate, % profits",0,0,
WEF_GCIHH,WEF_GCIHH_DOMMKTIDX,"Domestic market size index, 1-7 (best)",0,0,
WEF_GCIHH,WEF_GCIHH_ENROL1NET,"Primary education enrollment, net %",0,0,
WEF_GCIHH,WEF_GCIHH_ENROL2GR,"Secondary education enrollment, gross %",0,0,
WEF_GCIHH,WEF_GCIHH_ENROL3GR,"Tertiary education enrollment, gross %",0,0,
WEF_GCIHH,WEF_GCIHH_EOSQ033,"Business costs of terrorism, 1-7 (best)",0,0,
WEF_GCIHH,WEF_GCIHH_EOSQ034,"Business costs of crime and violence, 1-7 (best)",0,0,
WEF_GCIHH,WEF_GCIHH_EOSQ035,"Organized crime, 1-7 (best)",0,0,
WEF_GCIHH,WEF_GCIHH_EOSQ039,"Efficiency of legal framework in challenging regs., 1-7 (best)",0,0,
WEF_GCIHH,WEF_GCIHH_EOSQ040,"Efficiency of legal framework in settling disputes, 1-7 (best)",0,0,
WEF_GCIHH,WEF_GCIHH_EOSQ041,"Public trust in politicians, 1-7 (best)",0,0,
WEF_GCIHH,WEF_GCIHH_EOSQ042,"Favoritism in decisions of government officials, 1-7 (best)",0,0,
WEF_GCIHH,WEF_GCIHH_EOSQ043,"Efficiency of government spending, 1-7 (best)",0,0,
WEF_GCIHH,WEF_GCIHH_EOSQ046,"Agricultural policy costs, 1-7 (best)",0,0,
WEF_GCIHH,WEF_GCIHH_EOSQ048,"Burden of government regulation, 1-7 (best)",0,0,
WEF_GCIHH,WEF_GCIHH_EOSQ049,"Transparency of government policymaking, 1-7 (best)",0,0,
WEF_GCIHH,WEF_GCIHH_EOSQ050,"Burden of customs procedures, 1-7 (best)",0,0,
WEF_GCIHH,WEF_GCIHH_EOSQ051,"Property rights, 1-7 (best)",0,0,
WEF_GCIHH,WEF_GCIHH_EOSQ052,"Intellectual property protection, 1-7 (best)",0,0,
WEF_GCIHH,WEF_GCIHH_EOSQ055,"Reliability of police services, 1-7 (best)",0,0,
WEF_GCIHH,WEF_GCIHH_EOSQ057,"Quality of roads, 1-7 (best)",0,0,
WEF_GCIHH,WEF_GCIHH_EOSQ061,"Quality of air transport infrastructure, 1-7 (best)",0,0,
WEF_GCIHH,WEF_GCIHH_EOSQ064,"Quality of electricity supply, 1-7 (best)",0,0,
WEF_GCIHH,WEF_GCIHH_EOSQ068,"Firm-level technology absorption, 1-7 (best)",0,0,
WEF_GCIHH,WEF_GCIHH_EOSQ070,"FDI and technology transfer, 1-7 (best)",0,0,
WEF_GCIHH,WEF_GCIHH_EOSQ071,"Quality of scientific research institutions, 1-7 (best)",0,0,
WEF_GCIHH,WEF_GCIHH_EOSQ072,"University-industry collaboration in R&D, 1-7 (best)",0,0,
WEF_GCIHH,WEF_GCIHH_EOSQ074,"Gov't procurement of advanced tech products, 1-7 (best)",0,0,
WEF_GCIHH,WEF_GCIHH_EOSQ084,"Internet access in schools, 1-7 (best)",0,0,
WEF_GCIHH,WEF_GCIHH_EOSQ087,"Soundness of banks, 1-7 (best)",0,0,
WEF_GCIHH,WEF_GCIHH_EOSQ089,"Venture capital availability, 1-7 (best)",0,0,
WEF_GCIHH,WEF_GCIHH_EOSQ092,"Regulation of securities exchanges, 1-7 (best)",0,0,
WEF_GCIHH,WEF_GCIHH_EOSQ094,"Prevalence of foreign ownership, 1-7 (best)",0,0,
WEF_GCIHH,WEF_GCIHH_EOSQ096,"Prevalence of trade barriers, 1-7 (best)",0,0,
WEF_GCIHH,WEF_GCIHH_EOSQ097,"Strength of auditing and reporting standards, 1-7 (best)",0,0,
WEF_GCIHH,WEF_GCIHH_EOSQ100,"Buyer sophistication, 1-7 (best)",0,0,
WEF_GCIHH,WEF_GCIHH_EOSQ101,"Local supplier quantity, 1-7 (best)",0,0,
WEF_GCIHH,WEF_GCIHH_EOSQ102,"Local supplier quality, 1-7 (best)",0,0,
WEF_GCIHH,WEF_GCIHH_EOSQ105,"Extent of market dominance, 1-7 (best)",0,0,
WEF_GCIHH,WEF_GCIHH_EOSQ109,"State of cluster development, 1-7 (best)",0,0,
WEF_GCIHH,WEF_GCIHH_EOSQ113,"Availability of research and training services, 1-7 (best)",0,0,
WEF_GCIHH,WEF_GCIHH_EOSQ119,"Capacity for innovation, 1-7 (best)",0,0,
WEF_GCIHH,WEF_GCIHH_EOSQ120,"Production process sophistication, 1-7 (best)",0,0,
WEF_GCIHH,WEF_GCIHH_EOSQ121,"Extent of marketing, 1-7 (best)",0,0,
WEF_GCIHH,WEF_GCIHH_EOSQ123,"Control of international distribution, 1-7 (best)",0,0,
WEF_GCIHH,WEF_GCIHH_EOSQ124,"Willingness to delegate authority, 1-7 (best)",0,0,
WEF_GCIHH,WEF_GCIHH_EOSQ126,"Reliance on professional management, 1-7 (best)",0,0,
WEF_GCIHH,WEF_GCIHH_EOSQ127,"Efficacy of corporate boards, 1-7 (best)",0,0,
WEF_GCIHH,WEF_GCIHH_EOSQ128,"Quality of the education system, 1-7 (best)",0,0,
WEF_GCIHH,WEF_GCIHH_EOSQ129,"Quality of primary education, 1-7 (best)",0,0,
WEF_GCIHH,WEF_GCIHH_EOSQ130,"Quality of math and science education, 1-7 (best)",0,0,
WEF_GCIHH,WEF_GCIHH_EOSQ131,"Quality of management schools, 1-7 (best)",0,0,
WEF_GCIHH,WEF_GCIHH_EOSQ133,"Availability of scientists and engineers, 1-7 (best)",0,0,
WEF_GCIHH,WEF_GCIHH_EOSQ134,"Hiring and firing practices, 1-7 (best)",0,0,
WEF_GCIHH,WEF_GCIHH_EOSQ135,"Cooperation in labor-employer relations, 1-7 (best)",0,0,
WEF_GCIHH,WEF_GCIHH_EOSQ136,"Flexibility of wage determination, 1-7 (best)",0,0,
WEF_GCIHH,WEF_GCIHH_EOSQ137,"Pay and productivity, 1-7 (best)",0,0,
WEF_GCIHH,WEF_GCIHH_EOSQ139,"Extent of staff training, 1-7 (best)",0,0,
WEF_GCIHH,WEF_GCIHH_EOSQ144,"Judicial independence, 1-7 (best)",0,0,
WEF_GCIHH,WEF_GCIHH_EOSQ146,"Diversion of public funds, 1-7 (best)",0,0,
WEF_GCIHH,WEF_GCIHH_EOSQ153,"Ethical behavior of firms, 1-7 (best)",0,0,
WEF_GCIHH,WEF_GCIHH_EOSQ168,"Business impact of malaria, 1-7 (best)",0,0,
WEF_GCIHH,WEF_GCIHH_EOSQ169,"Business impact of tuberculosis, 1-7 (best)",0,0,
WEF_GCIHH,WEF_GCIHH_EOSQ170,"Business impact of HIV/AIDS, 1-7 (best)",0,0,
WEF_GCIHH,WEF_GCIHH_EOSQ353,"Quality of port infrastructure, 1-7 (best)",0,0,
WEF_GCIHH,WEF_GCIHH_EOSQ398,"Effect of taxation on incentives to invest, 1-7 (best)",0,0,
WEF_GCIHH,WEF_GCIHH_EOSQ400,"Country capacity to attract talent, 1-7 (best)",0,0,
WEF_GCIHH,WEF_GCIHH_EOSQ468,"Financial services meeting business needs, 1-7 (best)",0,0,
WEF_GCIHH,WEF_GCIHH_EOSQRAILROAD,"Quality of railroad infrastructure, 1-7 (best)",0,0,
WEF_GCIHH,WEF_GCIHH_EXPGDP,Exports as a percentage of GDP,0,0,
WEF_GCIHH,WEF_GCIHH_FEMLABOR,"Women in labor force, ratio to men",0,0,
WEF_GCIHH,WEF_GCIHH_FGNMKTIDX,"Foreign market size index, 1-7 (best)",0,0,
WEF_GCIHH,WEF_GCIHH_FIXEDTELPC,Fixed telephone lines/100 pop.,0,0,
WEF_GCIHH,WEF_GCIHH_GCI,Global Competitiveness Index,0,0,
WEF_GCIHH,WEF_GCIHH_GCI_A_01,1st pillar: Institutions,0,0,
WEF_GCIHH,WEF_GCIHH_GCI_A_01_01,WEF GCI Subpillar: A. Public institutions,0,0,
WEF_GCIHH,WEF_GCIHH_GCI_A_01_01_01,WEF GCI Subpillar: 1. Property rights,0,0,
WEF_GCIHH,WEF_GCIHH_GCI_A_01_01_02,WEF GCI Subpillar: 2. Ethics and corruption,0,0,
WEF_GCIHH,WEF_GCIHH_GCI_A_01_01_04,WEF GCI Subpillar: 4. Government efficiency,0,0,
WEF_GCIHH,WEF_GCIHH_GCI_A_01_01_05,WEF GCI Subpillar: 5. Security,0,0,
WEF_GCIHH,WEF_GCIHH_GCI_A_01_02,WEF GCI Subpillar: B. Private institutions,0,0,
WEF_GCIHH,WEF_GCIHH_GCI_A_01_02_01,WEF GCI Subpillar: 1. Corporate ethics,0,0,
WEF_GCIHH,WEF_GCIHH_GCI_A_02,2nd pillar: Infrastructure,0,0,
WEF_GCIHH,WEF_GCIHH_GCI_A_02_01,WEF GCI Subpillar: A. Transport infrastructure,0,0,
WEF_GCIHH,WEF_GCIHH_GCI_A_02_02,WEF GCI Subpillar: B. Electricity and telephony infrastructure,0,0,
WEF_GCIHH,WEF_GCIHH_GCI_A_03,3rd pillar: Macroeconomic environment,0,0,
WEF_GCIHH,WEF_GCIHH_GCI_B,Efficiency enhancers,0,0,
WEF_GCIHH,WEF_GCIHH_GCI_B_05,5th pillar: Higher education and training,0,0,
WEF_GCIHH,WEF_GCIHH_GCI_B_05_01,WEF GCI Subpillar: A. Quantity of education,0,0,
WEF_GCIHH,WEF_GCIHH_GCI_B_05_02,WEF GCI Subpillar: B. Quality of education,0,0,
WEF_GCIHH,WEF_GCIHH_GCI_B_06_01_01,WEF GCI Subpillar: 1. Domestic competition,0,0,
WEF_GCIHH,WEF_GCIHH_GCI_B_06_01_02,WEF GCI Subpillar: 2. Foreign competition,0,0,
WEF_GCIHH,WEF_GCIHH_GCI_B_07,7th pillar: Labor market efficiency,0,0,
WEF_GCIHH,WEF_GCIHH_GCI_B_07_01,WEF GCI Subpillar: A. Flexibility,0,0,
WEF_GCIHH,WEF_GCIHH_GCI_B_08,8th pillar: Financial market development,0,0,
WEF_GCIHH,WEF_GCIHH_GCI_B_08_01,WEF GCI Subpillar: A. Efficiency,0,0,
WEF_GCIHH,WEF_GCIHH_GCI_B_09,9th pillar: Technological readiness,0,0,
WEF_GCIHH,WEF_GCIHH_GCI_B_09_01,WEF GCI Subpillar: A. Technological adoption,0,0,
WEF_GCIHH,WEF_GCIHH_GCI_B_09_02,WEF GCI Subpillar: B. ICT use,0,0,
WEF_GCIHH,WEF_GCIHH_GCI_B_10_01,WEF GCI Subpillar: A. Domestic market size,0,0,
WEF_GCIHH,WEF_GCIHH_GCI_B_10_02,WEF GCI Subpillar: B. Foreign market size,0,0,
WEF_GCIHH,WEF_GCIHH_GCI_C,Innovation and sophistication factors,0,0,
WEF_GCIHH,WEF_GCIHH_GCI_C_12,12th pillar: Innovation,0,0,
WEF_GCIHH,WEF_GCIHH_GDP,GDP (US$ billions),0,0,
WEF_GCIHH,WEF_GCIHH_GDPPC,GDP per capita (US$),0,0,
WEF_GCIHH,WEF_GCIHH_GDPPPP,GDP (PPP$ billions),0,0,
WEF_GCIHH,WEF_GCIHH_GNSGDP,"Gross national savings, % GDP",0,0,
WEF_GCIHH,WEF_GCIHH_GOVDEBTGDP,"General government debt, % GDP",0,0,
WEF_GCIHH,WEF_GCIHH_HIVPREV,"HIV prevalence, % adult pop.",0,0,
WEF_GCIHH,WEF_GCIHH_IMPGDP,Imports as a percentage of GDP,0,0,
WEF_GCIHH,WEF_GCIHH_INFANTMORTPC,"Infant mortality, deaths/1,000 live births",0,0,
WEF_GCIHH,WEF_GCIHH_INFLAYRAVG,"Inflation, annual % change",0,0,
WEF_GCIHH,WEF_GCIHH_INVESTPROIDX,"Strength of investor protection, 0-10 (best)",0,0,
WEF_GCIHH,WEF_GCIHH_LEGRGHTIDX,"Legal rights index, 0-10 (best)",0,0,
WEF_GCIHH,WEF_GCIHH_LIFEEXPECT,"Life expectancy, years",0,0,
WEF_GCIHH,WEF_GCIHH_MALARIAPC,"Malaria cases/100,000 pop.",0,0,
WEF_GCIHH,WEF_GCIHH_MOBBBSUBPC,Mobile broadband subscriptions/100 pop.,0,0,
WEF_GCIHH,WEF_GCIHH_MOBSUBPC,Mobile telephone subscriptions/100 pop.,0,0,
WEF_GCIHH,WEF_GCIHH_REDUNCOST,"Redundancy costs, weeks of salary",0,0,
WEF_GCIHH,WEF_GCIHH_SHRGDPWL,GDP (PPP) as share (%) of world total,0,0,
WEF_GCIHH,WEF_GCIHH_STARTBUSDAYS,No. days to start a business,0,0,
WEF_GCIHH,WEF_GCIHH_STARTBUSPROC,No. procedures to start a business,0,0,
WEF_GCIHH,WEF_GCIHH_TFDUTY,"Trade tariffs, % duty",0,0,
WEF_TTDI,WEF_TTDI_AGGDIESASE,"Communicable disease incidence per 100,000 pop",0,0,
WEF_TTDI,WEF_TTDI_ASAICAO,Number of air service agreements,0,0,
WEF_TTDI,WEF_TTDI_AVGALLKBACOVER,"Average proportion of all key biodiversity areas covered by protected areas, %",0,0,
WEF_TTDI,WEF_TTDI_CNTRYBRANDIDX,"Country Brand Strategy rating, 0-100 (best)",0,0,
WEF_TTDI,WEF_TTDI_COMPTTDATA,"Comprehensiveness of annual T&T data, 0-120 (best)",0,0,
WEF_TTDI,WEF_TTDI_CONCENTRATIONCULT,"Concentration of interest in cultural attractions, % of views",0,0,
WEF_TTDI,WEF_TTDI_CONCENTRATIONNAT,"Concentration of interest in nature attractions, % of views",0,0,
WEF_TTDI,WEF_TTDI_CONFPOLICE,"Confidence in local police, 0-1 (best)",0,0,
WEF_TTDI,WEF_TTDI_CREATIVECITY,Number of UNESCO Creative Cities,0,0,
WEF_TTDI,WEF_TTDI_CULTHERITGSITE,Number of World Heritage cultural sites,0,0,
WEF_TTDI,WEF_TTDI_CULTOURDEM,"Cultural and entertainment tourism Digital Demand, 0-100 (best)",0,0,
WEF_TTDI,WEF_TTDI_DIGITALPAY,"Use of digital payments, % pop 15+",0,0,
WEF_TTDI,WEF_TTDI_ECOREGION,Number of terrestrial and freshwater ecoregions,0,0,
WEF_TTDI,WEF_TTDI_EFFICREGRISE,"Energy efficiency regulation, 0-100 (best)",0,0,
WEF_TTDI,WEF_TTDI_ENVTREATY,"Environmental treaty ratification, 0-29 (best)",0,0,
WEF_TTDI,WEF_TTDI_EOSQ057,"Quality of roads, 1-7 (best)",0,0,
WEF_TTDI,WEF_TTDI_EOSQ134,"Hiring and firing practices, 1-7 (best)",0,0,
WEF_TTDI,WEF_TTDI_EOSQ403,"Ease of finding skilled employees in local labour market, 1-7 (best)",0,0,
WEF_TTDI,WEF_TTDI_EOSQ425,"SME access to finance, 1-7 (best)",0,0,
WEF_TTDI,WEF_TTDI_EOSQ434,"Government ensuring policy stability, 1-7 (best)",0,0,
WEF_TTDI,WEF_TTDI_EOSQ485,"Efficiency of train services, 1-7 (best)",0,0,
WEF_TTDI,WEF_TTDI_EOSQ486,"Efficiency of air transport services, 1-7 (best)",0,0,
WEF_TTDI,WEF_TTDI_EOSQ487,"Efficiency of seaport services, 1-7 (best)",0,0,
WEF_TTDI,WEF_TTDI_EOSQ496,"Quality of tertiary education, 1-7 (best)",0,0,
WEF_TTDI,WEF_TTDI_EOSQ515,"Flexible working arrangements, 1-7 (best)",0,0,
WEF_TTDI,WEF_TTDI_EOSQ639,"Efficiency of public transport services, 1-7 (best)",0,0,
WEF_TTDI,WEF_TTDI_EOSQ643,"Use of digital platform for providing hotels, restaurants and leisure activities services, 1-7 (best)",0,0,
WEF_TTDI,WEF_TTDI_EOSQ654,"Geographically dispersed tourism, 1-7 (best)",0,0,
WEF_TTDI,WEF_TTDI_EOSQ670,"Inclusion of women in workforce, 1-7 (best)",0,0,
WEF_TTDI,WEF_TTDI_EOSQ671,"Inclusion of those from a typically disadvantaged religious, ethnic or racial background in the workforce, 1-7 (best)",0,0,
WEF_TTDI,WEF_TTDI_EOSQ674,"Inclusion of Those who identify as LGBTI in the workforce, 1-7 (best)",0,0,
WEF_TTDI,WEF_TTDI_EOSQ737,"Adequate protection for nature, 1-7 (best)",0,0,
WEF_TTDI,WEF_TTDI_EOSQ776,"Use of digital platforms for providing transportation and shipping, 1-7 (best)",0,0,
WEF_TTDI,WEF_TTDI_EQUALWORKFORCE,"Equal workforce opportunities, 1-7 (best)",0,0,
WEF_TTDI,WEF_TTDI_FEMLABOR,"Female labour force participation, %",0,0,
WEF_TTDI,WEF_TTDI_FINGLOBEKOFGI,"De-jure financial globalization, 0-100 (best)",0,0,
WEF_TTDI,WEF_TTDI_FORBES2000,Presence of Forbes Global 2000 HQ locations,0,0,
WEF_TTDI,WEF_TTDI_FUELPRICE,"Fuel price levels, US$ /litre",0,0,
WEF_TTDI,WEF_TTDI_GAWCCITY,Presence of global cities,0,0,
WEF_TTDI,WEF_TTDI_GTI,"Global Terrorism Index, 0-10 (worst)",0,0,
WEF_TTDI,WEF_TTDI_HOMICIDERT,"Homicide cases per 100,000 pop",0,0,
WEF_TTDI,WEF_TTDI_HOSPBED,"Hospital beds density per 10,000 pop",0,0,
WEF_TTDI,WEF_TTDI_HOTELCPI,"Hotel price index, US$",0,0,
WEF_TTDI,WEF_TTDI_HOTELROOM,"Hotel rooms, per 100 pop",0,0,
WEF_TTDI,WEF_TTDI_IATACONNECTIDX,Airport connectivity score,0,0,
WEF_TTDI,WEF_TTDI_INDCCREDITRATE,"Country credit rating, 0-100 best",0,0,
WEF_TTDI,WEF_TTDI_INTANGHERITAGE,Number of oral and intangible cultural expressions,0,0,
WEF_TTDI,WEF_TTDI_ITA,"International tourist arrivals, thousands",0,0,
WEF_TTDI,WEF_TTDI_ITR,"International tourism inbound receipts  (inbound US$, millions)",0,0,
WEF_TTDI,WEF_TTDI_ITUCINDEX,"Workers rights, 1-5+ (worst)",0,0,
WEF_TTDI,WEF_TTDI_KNOWSPECIES,Total known species,0,0,
WEF_TTDI,WEF_TTDI_LABOUREDU2ND,"Labour force with intermediate education, % of total",0,0,
WEF_TTDI,WEF_TTDI_LABOUREDUADV,"Labour force with advanced education, % of total",0,0,
WEF_TTDI,WEF_TTDI_LABOURPART,"Labour force participation, % of adult pop",0,0,
WEF_TTDI,WEF_TTDI_LENGTHSTAY,"Inbound length of stay, days",0,0,
WEF_TTDI,WEF_TTDI_MOBBBSUBPC,Active mobile broadband Internet subscriptions per 100 pop,0,0,
WEF_TTDI,WEF_TTDI_NATHERITGSITE,Number of World Heritage natural sites,0,0,
WEF_TTDI,WEF_TTDI_NATOURDEM,"Natural tourism Digital Demand, 0-100 (best)",0,0,
WEF_TTDI,WEF_TTDI_NETUSERPCT,"Individuals using Internet, % of pop",0,0,
WEF_TTDI,WEF_TTDI_NONLEISUREDEM,"Non-leisure tourism Digital Demand, 0-100 (best)",0,0,
WEF_TTDI,WEF_TTDI_PASSPORTMOBHPI,Passport mobility score,0,0,
WEF_TTDI,WEF_TTDI_PM25,Particulate matter (2.5) concentration (µg/m^3),0,0,
WEF_TTDI,WEF_TTDI_POWERLOS,"Power losses, % of domestic supply",0,0,
WEF_TTDI,WEF_TTDI_PPP,"Purchasing power parity, PPP$",0,0,
WEF_TTDI,WEF_TTDI_PROTAREAKM,"Total protected areas, km2",0,0,
WEF_TTDI,WEF_TTDI_RAILDENS,"Railroad density, km/100 square km surface area",0,0,
WEF_TTDI,WEF_TTDI_RENEWREGRISE,"Renewable energy regulation, 0-100 (best)",0,0,
WEF_TTDI,WEF_TTDI_RLI,"Red List Index, 0-1 (best)",0,0,
WEF_TTDI,WEF_TTDI_ROADDENS,"Road density, km/surface area",0,0,
WEF_TTDI,WEF_TTDI_RULELAWIEF,"Rule of law, 0-100 (best)",0,0,
WEF_TTDI,WEF_TTDI_SAFEWALK,"Safety walking alone at night, 0-1 (best)",0,0,
WEF_TTDI,WEF_TTDI_SANITUSE,"Use of basic sanitation, % of pop",0,0,
WEF_TTDI,WEF_TTDI_SEASONITA,"Seasonality of int'l tourist arrivals, peak season % of total",0,0,
WEF_TTDI,WEF_TTDI_SOCIALPROT,"Social protection basic coverage, % of pop",0,0,
WEF_TTDI,WEF_TTDI_SOCPROTECTOGDP,"Social protection spending, % of GDP",0,0,
WEF_TTDI,WEF_TTDI_STADIUM,Number of large sports stadiums,0,0,
WEF_TTDI,WEF_TTDI_STRADR,"Short-term rental price, US$",0,0,
WEF_TTDI,WEF_TTDI_STRUNITS,"Number of short-term rental listing, per 10,000 pop",0,0,
WEF_TTDI,WEF_TTDI_SUMPROTAREA,"Total protected areas, % total area",0,0,
WEF_TTDI,WEF_TTDI_TCL,"Forest cover loss, average % of baseline",0,0,
WEF_TTDI,WEF_TTDI_TMTTDATA,"Timeliness of providing monthly/quarterly T&T data, 0-22.5 (best)",0,0,
WEF_TTDI,WEF_TTDI_TOURISMPRODUCTIVITY,"Labour productivity in hotels and restaurants, US$ per pop",0,0,
WEF_TTDI,WEF_TTDI_TRAVELSATLOCALS,Travelsat Hospitality Reputation Index,0,0,
WEF_TTDI,WEF_TTDI_TTDI,"Travel and Tourism Development Index, 1-7 (best)",0,0,
WEF_TTDI,WEF_TTDI_TTDI_A,"Enabling Environment dimension, 1-7 (best)",0,0,
WEF_TTDI,WEF_TTDI_TTDI_A_01,"Business Environment, 1-7 (best)",0,0,
WEF_TTDI,WEF_TTDI_TTDI_A_02,"Safety and Security, 1-7 (best)",0,0,
WEF_TTDI,WEF_TTDI_TTDI_A_03,"Health and Hygiene, 1-7 (best)",0,0,
WEF_TTDI,WEF_TTDI_TTDI_A_04_01,"Qualification of the Labour Force, 1-7 (best)",0,0,
WEF_TTDI,WEF_TTDI_TTDI_A_04_02,"Labour Market Dynamics, 1-7 (best)",0,0,
WEF_TTDI,WEF_TTDI_TTDI_A_04_03,"Labour Market Resilience and Equality, 1-7 (best)",0,0,
WEF_TTDI,WEF_TTDI_TTDI_A_05,"ICT Readiness, 1-7 (best)",0,0,
WEF_TTDI,WEF_TTDI_TTDI_B,"Travel and Tourism Policy and Enabling Conditions dimension, 1-7 (best)",0,0,
WEF_TTDI,WEF_TTDI_TTDI_B_06,"Prioritization of Travel and Tourism, 1-7 (best)",0,0,
WEF_TTDI,WEF_TTDI_TTDI_B_07,"Openness to Travel and Tourism, 1-7 (best)",0,0,
WEF_TTDI,WEF_TTDI_TTDI_B_08,"Price Competitiveness, 1-7 (best)",0,0,
WEF_TTDI,WEF_TTDI_TTDI_C,"Infrastructure and Services dimension, 1-7 (best)",0,0,
WEF_TTDI,WEF_TTDI_TTDI_C_09,"Air Transport Infrastructure, 1-7 (best)",0,0,
WEF_TTDI,WEF_TTDI_TTDI_C_10,"Ground and Port Infrastructure, 1-7 (best)",0,0,
WEF_TTDI,WEF_TTDI_TTDI_C_11,"Tourist Services and Infrastructure, 1-7 (best)",0,0,
WEF_TTDI,WEF_TTDI_TTDI_D,"Travel and Tourism Resources dimension, 1-7 (best)",0,0,
WEF_TTDI,WEF_TTDI_TTDI_D_12,"Natural Resources, 1-7 (best)",0,0,
WEF_TTDI,WEF_TTDI_TTDI_D_13,"Cultural Resources, 1-7 (best)",0,0,
WEF_TTDI,WEF_TTDI_TTDI_D_14,"Non-Leisure Resources, 1-7 (best)",0,0,
WEF_TTDI,WEF_TTDI_TTDI_E,"Travel and Tourism Sustainability dimension, 1-7 (best)",0,0,
WEF_TTDI,WEF_TTDI_TTDI_E_15,"Environmental Sustainability, 1-7 (best)",0,0,
WEF_TTDI,WEF_TTDI_TTDI_E_15_01,"Travel and Tourism Energy Sustainability, 1-7 (best)",0,0,
WEF_TTDI,WEF_TTDI_TTDI_E_15_02,"Pollution and Environmental Conditions, 1-7 (best)",0,0,
WEF_TTDI,WEF_TTDI_TTDI_E_15_03,"Preservation of Nature, 1-7 (best)",0,0,
WEF_TTDI,WEF_TTDI_TTDI_E_16,"Travel and Tourism Socioeconomic Impact, 1-7 (best)",0,0,
WEF_TTDI,WEF_TTDI_TTDI_E_17,"Travel and Tourism Demand Sustainability, 1-7 (best)",0,0,
WEF_TTDI,WEF_TTDI_TTDOMESTICSHARE,"Domestic T&T spending, % of internal T&T spending",0,0,
WEF_TTDI,WEF_TTDI_TTEMPMULTPLIER,T&T employment multiplier,0,0,
WEF_TTDI,WEF_TTDI_TTENERGY,"T&T Energy intensity, MJ of energy, per Real USD of T&T GDP",0,0,
WEF_TTDI,WEF_TTDI_TTGDPMULTPLIER,T&T GDP multiplier,0,0,
WEF_TTDI,WEF_TTDI_TTGENDER,"T&T labour gender parity, absolute dif male to female % of emp",0,0,
WEF_TTDI,WEF_TTDI_TTGHG,"T&T GHG Intensity,  Kg of CO2e per USD of T&T GDP",0,0,
WEF_TTDI,WEF_TTDI_TTGOVEXP,"T&T government expenditure, % gov't budget",0,0,
WEF_TTDI,WEF_TTDI_TTHIGHWAGE,"T&T high-wage jobs, % of emp in high wage sectors",0,0,
WEF_TTDI,WEF_TTDI_TTINDEMPL,"T&T industry Employment, 1,000 jobs",0,0,
WEF_TTDI,WEF_TTDI_TTINDEMPLSHARE,"T&T industry Share of Employment, % of total employment",0,0,
WEF_TTDI,WEF_TTDI_TTINDGDP,"T&T industry GDP, US$ million",0,0,
WEF_TTDI,WEF_TTDI_TTINDGDPSHARE,"T&T industry Share of GDP, % of total GDP",0,0,
WEF_TTDI,WEF_TTDI_TTINVCAPITAL,"T&T capital investment intensity, US$ per emp",0,0,
WEF_TTDI,WEF_TTDI_TTLOWCARBENERGY,"T&T use of low carbon energy, % of total",0,0,
WEF_TTDI,WEF_TTDI_UNINUMBER,Number of top universities,0,0,
WEF_TTDI,WEF_TTDI_VISAREQ,"Visa requirements, 0-100 (best)",0,0,
WEF_TTDI,WEF_TTDI_WATERSTRS,Level of water stress,0,0,
WEF_TTDI,WEF_TTDI_WATERTREAT,"Proportion of safely treated domestic wastewater flows, %",0,0,
WEF_TTDI,WEF_TTDI_WATERUSE,"Use of basic drinking water, % of pop",0,0,
WHO_GHO,WHO_GHO_NUTRITION_ANAEMIA_PREGNANT_PREV,Prevalence of anemia in pregnant women (aged 15-49),0,0,
WHO_GHO,WHO_GHO_RS_194,Number of registered vehicles,0,0,
WIPO_ICT,WIPO_ICT_PAT_PUB_AUDIO,WIPO - Number of ICT patent publications: Audio-visual technology,0,0,
WIPO_ICT,WIPO_ICT_PAT_PUB_COMPTEC,WIPO - Number of ICT patent publications: Computer technology,0,0,
WIPO_ICT,WIPO_ICT_PAT_PUB_DIGCOM,WIPO - Number of ICT patent publications: Digital communication,0,0,
WIPO_ICT,WIPO_ICT_PAT_PUB_IT_MTHD,WIPO - Number of ICT patent publications: IT methods for management,0,0,
WIPO_ICT,WIPO_ICT_PAT_PUB_TELE,WIPO - Number of ICT patent publications: Telecommunications,0,0,
WIPO_ICT,WIPO_ICT_PAT_PUB_TOT,WIPO - Number of ICT patent publications: all categories,0,0,
WJP_ROL,WJP_ROL_1_1,WJP Rule of Law Index: Government powers are effectively limited by the legislature,0,0,
WJP_ROL,WJP_ROL_1_3,WJP Rule of Law Index: Government powers are effectively limited by independent auditing and review,0,0,
WJP_ROL,WJP_ROL_1_4,WJP Rule of Law Index: Government officials are sanctioned for misconduct,0,0,
WJP_ROL,WJP_ROL_1_5,WJP Rule of Law Index: Government powers are subject to non-governmental checks,0,0,
WJP_ROL,WJP_ROL_1_6,WJP Rule of Law Index: Transition of power is subject to the law,0,0,
WJP_ROL,WJP_ROL_2_1,WJP Rule of Law Index: Government officials in the executive branch do not use public office for private gain,0,0,
WJP_ROL,WJP_ROL_2_3,WJP Rule of Law Index: Government officials in the police and the military do not use public office for private gain,0,0,
WJP_ROL,WJP_ROL_2_4,WJP Rule of Law Index: Government officials in the legislative branch do not use public office for private gain,0,0,
WJP_ROL,WJP_ROL_3_2,WJP Rule of Law Index: Right to information,0,0,
WJP_ROL,WJP_ROL_3_3,WJP Rule of Law Index: Civic participation,0,0,
WJP_ROL,WJP_ROL_3_4,WJP Rule of Law Index: Complaint mechanisms,0,0,
WJP_ROL,WJP_ROL_4_1,WJP Rule of Law Index: Equal treatment and absence of discrimination,0,0,
WJP_ROL,WJP_ROL_4_4,WJP Rule of Law Index: Freedom of opinion and expression is effectively guaranteed,0,0,
WJP_ROL,WJP_ROL_4_5,WJP Rule of Law Index: Freedom of belief and religion is effectively guaranteed,0,0,
WJP_ROL,WJP_ROL_4_7,WJP Rule of Law Index: Freedom of assembly and association is effectively guaranteed,0,0,
WJP_ROL,WJP_ROL_4_8,WJP Rule of Law Index: Fundamental labor rights are effectively guaranteed,0,0,
WJP_ROL,WJP_ROL_5_1,WJP Rule of Law Index: Crime is effectively controlled,0,0,
WJP_ROL,WJP_ROL_5_2,WJP Rule of Law Index: Civil conflict is effectively limited,0,0,
WJP_ROL,WJP_ROL_5_3,WJP Rule of Law Index: People do not resort to violence to redress personal grievances,0,0,
WJP_ROL,WJP_ROL_6_2,WJP Rule of Law Index: Government regulations are applied and enforced without improper influence,0,0,
WJP_ROL,WJP_ROL_6_3,WJP Rule of Law Index: Administrative proceedings are conducted without unreasonable delay,0,0,
WJP_ROL,WJP_ROL_6_4,WJP Rule of Law Index: Due process is respected in administrative proceedings,0,0,
WJP_ROL,WJP_ROL_6_5,WJP Rule of Law Index: The government does not expropriate without lawful process and adequate compensation,0,0,
WJP_ROL,WJP_ROL_7_1,WJP Rule of Law Index: People can access and afford civil justice,0,0,
WJP_ROL,WJP_ROL_7_2,WJP Rule of Law Index: Civil justice is free of discrimination,0,0,
WJP_ROL,WJP_ROL_7_4,WJP Rule of Law Index: Civil justice is free of improper government influence,0,0,
WJP_ROL,WJP_ROL_7_5,WJP Rule of Law Index: Civil justice is not subject to unreasonable delay,0,0,
WJP_ROL,WJP_ROL_7_6,WJP Rule of Law Index: Civil justice is effectively enforced,0,0,
WJP_ROL,WJP_ROL_8_1,WJP Rule of Law Index: Criminal investigation system is effective,0,0,
WJP_ROL,WJP_ROL_8_2,WJP Rule of Law Index: Criminal adjudication system is timely and effective,0,0,
WJP_ROL,WJP_ROL_8_4,WJP Rule of Law Index: Criminal system is impartial,0,0,
WJP_ROL,WJP_ROL_8_6,WJP Rule of Law Index: Criminal system is free of improper government influence,0,0,
WJP_ROL,WJP_ROL_8_7,WJP Rule of Law Index: Due process of the law and rights of the accused,0,0,
WJP_ROL,WJP_ROL_FAC_1,WJP Rule of Law Index: Factor 1: Constraints on Government Powers,0,0,
WJP_ROL,WJP_ROL_FAC_2,WJP Rule of Law Index: Factor 2: Absence of Corruption,0,0,
WJP_ROL,WJP_ROL_FAC_3,WJP Rule of Law Index: Factor 3: Open Government,0,0,
WJP_ROL,WJP_ROL_FAC_4,WJP Rule of Law Index: Factor 4: Fundamental Rights,0,0,
WJP_ROL,WJP_ROL_FAC_6,WJP Rule of Law Index: Factor 6: Regulatory Enforcement,0,0,
WJP_ROL,WJP_ROL_FAC_7,WJP Rule of Law Index: Factor 7: Civil Justice,0,0,
WJP_ROL,WJP_ROL_FAC_8,WJP Rule of Law Index: Factor 8: Criminal Justice,0,0,
WJP_ROL,WJP_ROL_OVERALL_SCORE,WJP Rule of Law Index: Overall Score,0,0,
WRI_AQDT,WRI_AQDT_FUTURE_BWS,Water stress (Future),0,0,
WRI_CLIMATEWATCH,WRI_CLIMATEWATCH_ALL_GHG_TRANSPORT,Greenhouse gas (GHG) emissions caused by the transportation sector,0,0,
WRI_GFW,WRI_GFW_TREE_COVER_LOSS,Tree cover loss,0,0,
